Order_ID,Product_Name,Category,City,Supplier,Import_Cost,Selling_Price,Quantity_Sold,Shipment_Delay_Days,Order_Date,Delivery_Date,Profit,Damaged_Goods,Month,Year
ORD00001,Home Decor,Home Decor,Mumbai,Yiwu Global Trade,153.26,381.64,9,3,2023-04-13,2023-04-16,2055.42,False,4,2023
ORD00002,Home Decor,Home Decor,Nagpur,Yiwu Global Trade,97.31,225.93,1,2,2023-01-21,2023-01-23,128.62,False,1,2023
ORD00003,Kitchen Gadgets,Kitchen Gadgets,Nagpur,Yiwu Global Trade,306.17,836.21,1,0,2024-04-11,2024-04-11,530.04,False,4,2024
ORD00004,Bluetooth Speakers,Bluetooth Speakers,Thane,Shenzhen Traders,353.57,871.22,7,3,2024-10-25,2024-10-28,3623.55,False,10,2024
ORD00005,Smart Watches,Smart Watches,Mumbai,Guangzhou Imports,1750.8,3973.05,27,4,2023-11-05,2023-11-09,60000.75,False,11,2023
ORD00006,LED Lights,LED Lights,Thane,Dragon Supply Co,324.89,912.01,22,11,2023-07-11,2023-07-22,12916.64,False,7,2023
ORD00007,Kitchen Gadgets,Kitchen Gadgets,Aurangabad,Yiwu Global Trade,218.42,567.2,2,0,2023-06-10,2023-06-10,697.56,False,6,2023
ORD00008,Kitchen Gadgets,Kitchen Gadgets,Nagpur,Guangzhou Imports,303.19,649.2,3,8,2024-07-14,2024-07-22,1038.03,False,7,2024
ORD00009,Smart Watches,Smart Watches,Thane,Shenzhen Traders,1646.46,3793.61,1,2,2024-05-25,2024-05-27,2147.15,False,5,2024
ORD00010,Smart Watches,Smart Watches,Pune,Shenzhen Traders,890.93,1972.15,1,1,2023-07-09,2023-07-10,1081.22,False,7,2023
ORD00011,Home Decor,Home Decor,Nagpur,Yiwu Global Trade,129.36,407.21,2,2,2024-07-16,2024-07-18,555.7,False,7,2024
ORD00012,Bluetooth Speakers,Bluetooth Speakers,Aurangabad,Shenzhen Traders,702.0,1607.49,4,4,2024-04-29,2024-05-03,3621.96,False,4,2024
ORD00013,LED Lights,LED Lights,Thane,Shenzhen Traders,373.21,896.14,3,0,2023-01-21,2023-01-21,1568.79,False,1,2023
ORD00014,Kitchen Gadgets,Kitchen Gadgets,Mumbai,Guangzhou Imports,249.8,723.47,1,9,2023-12-12,2023-12-21,473.67,False,12,2023
ORD00015,Mobile Accessories,Mobile Accessories,Mumbai,Yiwu Global Trade,206.65,527.9,3,3,2023-12-06,2023-12-09,963.75,False,12,2023
ORD00016,Bluetooth Speakers,Bluetooth Speakers,Pune,Shenzhen Traders,898.53,1794.21,10,7,2023-02-04,2023-02-11,8956.8,False,2,2023
ORD00017,LED Lights,LED Lights,Mumbai,Shenzhen Traders,218.4,585.42,7,4,2024-07-15,2024-07-19,2569.14,False,7,2024
ORD00018,Bluetooth Speakers,Bluetooth Speakers,Nagpur,Shenzhen Traders,607.43,1261.02,4,0,2023-04-16,2023-04-16,2614.36,False,4,2023
ORD00019,LED Lights,LED Lights,Nashik,Shenzhen Traders,308.87,700.15,14,4,2024-04-21,2024-04-25,5477.92,False,4,2024
ORD00020,LED Lights,LED Lights,Pune,Dragon Supply Co,288.89,853.33,1,13,2023-09-28,2023-10-11,564.44,False,9,2023
ORD00021,Smart Watches,Smart Watches,Pune,Shenzhen Traders,772.37,1931.11,4,4,2024-12-27,2024-12-31,4634.96,False,12,2024
ORD00022,Kitchen Gadgets,Kitchen Gadgets,Mumbai,Yiwu Global Trade,318.25,822.82,2,4,2023-08-05,2023-08-09,1009.14,False,8,2023
ORD00023,Kitchen Gadgets,Kitchen Gadgets,Nagpur,Yiwu Global Trade,247.04,543.66,2,2,2024-01-15,2024-01-17,593.24,False,1,2024
ORD00024,Smart Watches,Smart Watches,Mumbai,Shenzhen Traders,1659.71,4576.75,7,2,2024-06-04,2024-06-06,20419.28,False,6,2024
ORD00025,Bluetooth Speakers,Bluetooth Speakers,Aurangabad,Dragon Supply Co,642.99,1278.28,1,11,2024-10-09,2024-10-20,635.29,False,10,2024
ORD00026,Kitchen Gadgets,Kitchen Gadgets,Mumbai,Yiwu Global Trade,346.83,860.42,12,3,2024-11-05,2024-11-08,6163.08,False,11,2024
ORD00027,Kitchen Gadgets,Kitchen Gadgets,Nashik,Yiwu Global Trade,223.74,605.11,1,2,2024-01-14,2024-01-16,381.37,False,1,2024
ORD00028,Kitchen Gadgets,Kitchen Gadgets,Mumbai,Guangzhou Imports,178.42,428.97,10,5,2023-05-15,2023-05-20,2505.5,False,5,2023
ORD00029,Mobile Accessories,Mobile Accessories,Mumbai,Guangzhou Imports,200.33,263.98,1,2,2023-02-02,2023-02-04,63.65,True,2,2023
ORD00030,LED Lights,LED Lights,Mumbai,Dragon Supply Co,237.12,632.87,5,3,2023-04-09,2023-04-12,1978.75,False,4,2023
ORD00031,Mobile Accessories,Mobile Accessories,Mumbai,Yiwu Global Trade,160.41,380.15,16,1,2024-12-26,2024-12-27,3515.84,False,12,2024
ORD00032,Home Decor,Home Decor,Pune,Dragon Supply Co,184.55,429.28,8,8,2024-04-06,2024-04-14,1957.84,True,4,2024
ORD00033,Home Decor,Home Decor,Mumbai,Yiwu Global Trade,257.49,834.47,5,2,2023-01-05,2023-01-07,2884.9,False,1,2023
ORD00034,Mobile Accessories,Mobile Accessories,Nagpur,Guangzhou Imports,103.83,213.57,5,10,2024-01-28,2024-02-07,548.7,False,1,2024
ORD00035,LED Lights,LED Lights,Thane,Dragon Supply Co,385.43,808.6,3,9,2024-07-07,2024-07-16,1269.51,False,7,2024
ORD00036,Kitchen Gadgets,Kitchen Gadgets,Aurangabad,Yiwu Global Trade,360.86,1033.44,2,2,2023-08-29,2023-08-31,1345.16,False,8,2023
ORD00037,Bluetooth Speakers,Bluetooth Speakers,Mumbai,Shenzhen Traders,570.57,1107.5,6,4,2023-04-06,2023-04-10,3221.58,False,4,2023
ORD00038,Bluetooth Speakers,Bluetooth Speakers,Thane,Shenzhen Traders,781.82,1641.57,8,1,2024-10-16,2024-10-17,6878.0,False,10,2024
ORD00039,Home Decor,Home Decor,Mumbai,Dragon Supply Co,158.24,547.4,15,17,2023-02-05,2023-02-22,5837.4,False,2,2023
ORD00040,Kitchen Gadgets,Kitchen Gadgets,Nashik,Yiwu Global Trade,134.86,354.11,4,3,2024-07-31,2024-08-03,877.0,False,7,2024
ORD00041,Kitchen Gadgets,Kitchen Gadgets,Mumbai,Yiwu Global Trade,252.04,722.4,7,3,2024-07-27,2024-07-30,3292.52,False,7,2024
ORD00042,LED Lights,LED Lights,Pune,Shenzhen Traders,405.98,1043.24,3,4,2024-07-09,2024-07-13,1911.78,False,7,2024
ORD00043,LED Lights,LED Lights,Pune,Shenzhen Traders,320.08,807.49,2,3,2023-11-27,2023-11-30,974.82,False,11,2023
ORD00044,Mobile Accessories,Mobile Accessories,Mumbai,Yiwu Global Trade,147.28,403.6,1,2,2023-07-09,2023-07-11,256.32,False,7,2023
ORD00045,Smart Watches,Smart Watches,Mumbai,Shenzhen Traders,1364.33,3343.15,6,2,2024-01-12,2024-01-14,11872.92,False,1,2024
ORD00046,Kitchen Gadgets,Kitchen Gadgets,Pune,Yiwu Global Trade,154.44,372.83,3,2,2024-02-15,2024-02-17,655.17,False,2,2024
ORD00047,Mobile Accessories,Mobile Accessories,Mumbai,Yiwu Global Trade,154.49,395.57,9,2,2024-11-07,2024-11-09,2169.72,False,11,2024
ORD00048,Home Decor,Home Decor,Nashik,Yiwu Global Trade,217.56,742.16,1,2,2024-01-09,2024-01-11,524.6,False,1,2024
ORD00049,Mobile Accessories,Mobile Accessories,Mumbai,Yiwu Global Trade,98.2,252.82,6,3,2024-04-16,2024-04-19,927.72,False,4,2024
ORD00050,Kitchen Gadgets,Kitchen Gadgets,Nashik,Yiwu Global Trade,172.94,461.89,2,2,2024-07-17,2024-07-19,577.9,False,7,2024
ORD00051,Bluetooth Speakers,Bluetooth Speakers,Thane,Shenzhen Traders,815.36,1601.86,5,3,2024-01-21,2024-01-24,3932.5,False,1,2024
ORD00052,Smart Watches,Smart Watches,Mumbai,Shenzhen Traders,1536.79,3856.87,7,3,2023-08-13,2023-08-16,16240.56,False,8,2023
ORD00053,Home Decor,Home Decor,Nagpur,Dragon Supply Co,188.37,291.75,1,10,2024-09-29,2024-10-09,103.38,True,9,2024
ORD00054,Home Decor,Home Decor,Nagpur,Yiwu Global Trade,281.96,833.83,4,2,2024-02-20,2024-02-22,2207.48,False,2,2024
ORD00055,Mobile Accessories,Mobile Accessories,Pune,Guangzhou Imports,232.83,678.6,6,8,2024-03-14,2024-03-22,2674.62,False,3,2024
ORD00056,Smart Watches,Smart Watches,Nashik,Shenzhen Traders,1416.97,3234.86,4,2,2023-10-07,2023-10-09,7271.56,False,10,2023
ORD00057,Bluetooth Speakers,Bluetooth Speakers,Thane,Dragon Supply Co,480.21,967.02,5,4,2024-09-01,2024-09-05,2434.05,False,9,2024
ORD00058,Mobile Accessories,Mobile Accessories,Mumbai,Yiwu Global Trade,205.22,464.84,1,3,2024-08-31,2024-09-03,259.62,False,8,2024
ORD00059,Home Decor,Home Decor,Mumbai,Yiwu Global Trade,271.1,634.52,1,3,2023-07-06,2023-07-09,363.42,False,7,2023
ORD00060,Bluetooth Speakers,Bluetooth Speakers,Mumbai,Dragon Supply Co,855.15,1834.09,6,6,2024-02-07,2024-02-13,5873.64,False,2,2024
ORD00061,Mobile Accessories,Mobile Accessories,Mumbai,Guangzhou Imports,112.83,254.95,2,2,2024-05-25,2024-05-27,284.24,False,5,2024
ORD00062,Smart Watches,Smart Watches,Nagpur,Guangzhou Imports,1109.63,3090.23,4,7,2024-10-01,2024-10-08,7922.4,False,10,2024
ORD00063,LED Lights,LED Lights,Thane,Shenzhen Traders,242.69,626.28,7,2,2024-10-02,2024-10-04,2685.13,False,10,2024
ORD00064,LED Lights,LED Lights,Nagpur,Shenzhen Traders,262.96,732.72,9,5,2024-02-19,2024-02-24,4227.84,False,2,2024
ORD00065,Kitchen Gadgets,Kitchen Gadgets,Pune,Yiwu Global Trade,269.91,628.69,2,1,2024-09-02,2024-09-03,717.56,False,9,2024
ORD00066,LED Lights,LED Lights,Pune,Shenzhen Traders,196.79,524.3,19,4,2023-10-31,2023-11-04,6222.69,False,10,2023
ORD00067,Smart Watches,Smart Watches,Nashik,Shenzhen Traders,995.37,2237.02,10,1,2024-03-28,2024-03-29,12416.5,False,3,2024
ORD00068,Bluetooth Speakers,Bluetooth Speakers,Nagpur,Shenzhen Traders,455.51,1077.49,5,6,2023-04-09,2023-04-15,3109.9,False,4,2023
ORD00069,Home Decor,Home Decor,Nagpur,Yiwu Global Trade,159.22,324.59,11,3,2023-07-27,2023-07-30,1819.07,True,7,2023
ORD00070,Smart Watches,Smart Watches,Pune,Shenzhen Traders,1316.98,3323.75,1,4,2024-09-19,2024-09-23,2006.77,False,9,2024
ORD00071,Bluetooth Speakers,Bluetooth Speakers,Pune,Dragon Supply Co,786.55,2022.91,10,10,2024-02-24,2024-03-05,12363.6,False,2,2024
ORD00072,Home Decor,Home Decor,Mumbai,Yiwu Global Trade,242.69,729.29,5,2,2023-12-04,2023-12-06,2433.0,False,12,2023
ORD00073,Mobile Accessories,Mobile Accessories,Mumbai,Yiwu Global Trade,113.85,208.82,6,3,2023-06-12,2023-06-15,569.82,False,6,2023
ORD00074,Bluetooth Speakers,Bluetooth Speakers,Pune,Dragon Supply Co,837.38,1928.46,2,4,2024-02-02,2024-02-06,2182.16,False,2,2024
ORD00075,Bluetooth Speakers,Bluetooth Speakers,Pune,Shenzhen Traders,431.16,1026.74,5,4,2024-05-18,2024-05-22,2977.9,False,5,2024
ORD00076,LED Lights,LED Lights,Mumbai,Dragon Supply Co,372.99,1005.55,5,13,2023-02-02,2023-02-15,3162.8,False,2,2023
ORD00077,Kitchen Gadgets,Kitchen Gadgets,Thane,Yiwu Global Trade,151.55,336.44,2,3,2024-04-14,2024-04-17,369.78,False,4,2024
ORD00078,Kitchen Gadgets,Kitchen Gadgets,Aurangabad,Guangzhou Imports,351.77,932.68,4,5,2023-10-10,2023-10-15,2323.64,False,10,2023
ORD00079,Kitchen Gadgets,Kitchen Gadgets,Thane,Guangzhou Imports,262.45,763.07,4,5,2023-10-04,2023-10-09,2002.48,False,10,2023
ORD00080,Bluetooth Speakers,Bluetooth Speakers,Mumbai,Shenzhen Traders,485.98,1140.29,2,9,2024-03-28,2024-04-06,1308.62,False,3,2024
ORD00081,Kitchen Gadgets,Kitchen Gadgets,Nagpur,Guangzhou Imports,191.4,415.29,5,5,2024-10-20,2024-10-25,1119.45,False,10,2024
ORD00082,Smart Watches,Smart Watches,Pune,Guangzhou Imports,1271.18,2683.08,10,6,2023-02-15,2023-02-21,14119.0,False,2,2023
ORD00083,Home Decor,Home Decor,Nashik,Yiwu Global Trade,104.77,286.01,6,2,2023-04-09,2023-04-11,1087.44,False,4,2023
ORD00084,Bluetooth Speakers,Bluetooth Speakers,Mumbai,Dragon Supply Co,581.08,1472.1,25,10,2023-10-29,2023-11-08,22275.5,False,10,2023
ORD00085,Home Decor,Home Decor,Thane,Yiwu Global Trade,266.09,501.89,16,2,2023-04-09,2023-04-11,3772.8,True,4,2023
ORD00086,Smart Watches,Smart Watches,Thane,Guangzhou Imports,1631.47,4507.33,2,4,2023-06-10,2023-06-14,5751.72,False,6,2023
ORD00087,Home Decor,Home Decor,Pune,Yiwu Global Trade,152.78,432.57,2,4,2023-05-08,2023-05-12,559.58,False,5,2023
ORD00088,Home Decor,Home Decor,Nashik,Dragon Supply Co,283.32,961.99,5,7,2023-11-19,2023-11-26,3393.35,False,11,2023
ORD00089,Kitchen Gadgets,Kitchen Gadgets,Thane,Yiwu Global Trade,273.89,738.6,4,4,2024-09-17,2024-09-21,1858.84,False,9,2024
ORD00090,Bluetooth Speakers,Bluetooth Speakers,Thane,Dragon Supply Co,449.95,936.85,5,9,2023-04-14,2023-04-23,2434.5,False,4,2023
ORD00091,Bluetooth Speakers,Bluetooth Speakers,Pune,Shenzhen Traders,833.8,1746.63,2,5,2023-09-03,2023-09-08,1825.66,False,9,2023
ORD00092,Bluetooth Speakers,Bluetooth Speakers,Thane,Shenzhen Traders,608.67,1475.61,10,2,2024-02-12,2024-02-14,8669.4,False,2,2024
ORD00093,Smart Watches,Smart Watches,Nashik,Shenzhen Traders,1548.42,3904.19,1,1,2024-05-20,2024-05-21,2355.77,False,5,2024
ORD00094,Mobile Accessories,Mobile Accessories,Thane,Guangzhou Imports,185.63,396.13,3,7,2024-05-26,2024-06-02,631.5,False,5,2024
ORD00095,LED Lights,LED Lights,Pune,Shenzhen Traders,241.5,572.09,12,1,2024-10-15,2024-10-16,3967.08,False,10,2024
ORD00096,Home Decor,Home Decor,Thane,Yiwu Global Trade,127.67,332.5,7,1,2024-12-27,2024-12-28,1433.81,False,12,2024
ORD00097,Smart Watches,Smart Watches,Pune,Guangzhou Imports,1472.27,3034.05,3,0,2023-02-20,2023-02-20,4685.34,False,2,2023
ORD00098,Home Decor,Home Decor,Mumbai,Yiwu Global Trade,267.67,884.75,14,3,2023-11-10,2023-11-13,8639.12,False,11,2023
ORD00099,LED Lights,LED Lights,Pune,Shenzhen Traders,282.81,670.42,1,3,2023-11-01,2023-11-04,387.61,False,11,2023
ORD00100,Smart Watches,Smart Watches,Thane,Shenzhen Traders,1595.68,3326.09,2,6,2024-03-19,2024-03-25,3460.82,False,3,2024
ORD00101,Home Decor,Home Decor,Nashik,Dragon Supply Co,190.16,599.75,6,11,2023-09-21,2023-10-02,2457.54,False,9,2023
ORD00102,Smart Watches,Smart Watches,Pune,Guangzhou Imports,1599.59,3957.35,8,2,2023-07-15,2023-07-17,18862.08,False,7,2023
ORD00103,Mobile Accessories,Mobile Accessories,Mumbai,Guangzhou Imports,156.64,446.53,7,10,2023-12-16,2023-12-26,2029.23,False,12,2023
ORD00104,Home Decor,Home Decor,Pune,Dragon Supply Co,203.69,534.18,14,13,2023-09-26,2023-10-09,4626.86,False,9,2023
ORD00105,Smart Watches,Smart Watches,Pune,Guangzhou Imports,1662.37,4257.24,2,4,2023-04-16,2023-04-20,5189.74,False,4,2023
ORD00106,LED Lights,LED Lights,Mumbai,Shenzhen Traders,352.82,878.02,8,5,2024-08-26,2024-08-31,4201.6,False,8,2024
ORD00107,Home Decor,Home Decor,Nagpur,Dragon Supply Co,202.89,458.85,1,5,2023-12-12,2023-12-17,255.96,True,12,2023
ORD00108,Mobile Accessories,Mobile Accessories,Nashik,Yiwu Global Trade,132.06,345.23,10,4,2023-02-27,2023-03-03,2131.7,False,2,2023
ORD00109,Kitchen Gadgets,Kitchen Gadgets,Pune,Guangzhou Imports,313.94,752.74,4,8,2023-04-06,2023-04-14,1755.2,False,4,2023
ORD00110,Smart Watches,Smart Watches,Mumbai,Guangzhou Imports,788.75,1699.02,3,9,2023-09-29,2023-10-08,2730.81,False,9,2023
ORD00111,Kitchen Gadgets,Kitchen Gadgets,Mumbai,Yiwu Global Trade,312.04,732.94,7,1,2024-12-04,2024-12-05,2946.3,False,12,2024
ORD00112,Kitchen Gadgets,Kitchen Gadgets,Aurangabad,Guangzhou Imports,336.48,796.32,4,11,2023-03-17,2023-03-28,1839.36,False,3,2023
ORD00113,Smart Watches,Smart Watches,Nashik,Shenzhen Traders,795.57,1620.11,6,4,2024-03-10,2024-03-14,4947.24,False,3,2024
ORD00114,Smart Watches,Smart Watches,Nagpur,Shenzhen Traders,1515.71,2209.07,1,5,2023-07-23,2023-07-28,693.36,True,7,2023
ORD00115,Smart Watches,Smart Watches,Pune,Guangzhou Imports,1041.81,2888.31,3,2,2024-04-18,2024-04-20,5539.5,False,4,2024
ORD00116,Bluetooth Speakers,Bluetooth Speakers,Thane,Dragon Supply Co,570.39,1113.32,4,8,2023-12-23,2023-12-31,2171.72,False,12,2023
ORD00117,LED Lights,LED Lights,Mumbai,Shenzhen Traders,315.08,725.89,15,3,2024-06-05,2024-06-08,6162.15,False,6,2024
ORD00118,LED Lights,LED Lights,Nagpur,Dragon Supply Co,369.78,823.01,4,11,2024-10-20,2024-10-31,1812.92,False,10,2024
ORD00119,Bluetooth Speakers,Bluetooth Speakers,Mumbai,Shenzhen Traders,673.69,1482.24,9,5,2023-11-21,2023-11-26,7276.95,False,11,2023
ORD00120,LED Lights,LED Lights,Aurangabad,Shenzhen Traders,229.87,508.25,1,4,2023-09-15,2023-09-19,278.38,False,9,2023
ORD00121,Mobile Accessories,Mobile Accessories,Mumbai,Guangzhou Imports,92.76,167.32,15,0,2023-06-09,2023-06-09,1118.4,False,6,2023
ORD00122,Kitchen Gadgets,Kitchen Gadgets,Mumbai,Guangzhou Imports,180.18,493.02,1,9,2024-01-15,2024-01-24,312.84,False,1,2024
ORD00123,Bluetooth Speakers,Bluetooth Speakers,Nashik,Dragon Supply Co,858.15,2103.74,9,14,2024-11-21,2024-12-05,11210.31,False,11,2024
ORD00124,Home Decor,Home Decor,Pune,Yiwu Global Trade,215.25,654.77,10,3,2023-06-17,2023-06-20,4395.2,False,6,2023
ORD00125,Mobile Accessories,Mobile Accessories,Mumbai,Guangzhou Imports,214.75,565.45,2,4,2024-07-09,2024-07-13,701.4,False,7,2024
ORD00126,Smart Watches,Smart Watches,Mumbai,Guangzhou Imports,1441.98,3691.16,1,2,2023-09-10,2023-09-12,2249.18,False,9,2023
ORD00127,Kitchen Gadgets,Kitchen Gadgets,Pune,Guangzhou Imports,275.49,799.05,2,2,2023-02-04,2023-02-06,1047.12,False,2,2023
ORD00128,Kitchen Gadgets,Kitchen Gadgets,Mumbai,Guangzhou Imports,179.52,485.94,2,10,2024-08-24,2024-09-03,612.84,False,8,2024
ORD00129,Kitchen Gadgets,Kitchen Gadgets,Aurangabad,Yiwu Global Trade,294.79,690.56,2,3,2023-04-25,2023-04-28,791.54,False,4,2023
ORD00130,Mobile Accessories,Mobile Accessories,Pune,Yiwu Global Trade,155.18,339.75,12,2,2024-05-07,2024-05-09,2214.84,False,5,2024
ORD00131,Bluetooth Speakers,Bluetooth Speakers,Aurangabad,Shenzhen Traders,608.51,1330.11,6,2,2024-01-11,2024-01-13,4329.6,False,1,2024
ORD00132,LED Lights,LED Lights,Pune,Shenzhen Traders,346.48,792.82,3,5,2024-01-29,2024-02-03,1339.02,False,1,2024
ORD00133,Kitchen Gadgets,Kitchen Gadgets,Pune,Yiwu Global Trade,201.77,482.42,4,2,2023-07-11,2023-07-13,1122.6,False,7,2023
ORD00134,Bluetooth Speakers,Bluetooth Speakers,Nashik,Dragon Supply Co,648.43,1419.59,2,10,2023-04-06,2023-04-16,1542.32,False,4,2023
ORD00135,Smart Watches,Smart Watches,Nagpur,Guangzhou Imports,1523.99,3296.16,4,8,2023-07-09,2023-07-17,7088.68,False,7,2023
ORD00136,Smart Watches,Smart Watches,Thane,Guangzhou Imports,1207.42,2442.73,8,2,2023-10-06,2023-10-08,9882.48,False,10,2023
ORD00137,Mobile Accessories,Mobile Accessories,Pune,Guangzhou Imports,82.32,195.2,4,0,2023-09-30,2023-09-30,451.52,False,9,2023
ORD00138,LED Lights,LED Lights,Aurangabad,Dragon Supply Co,335.45,722.55,10,8,2024-02-01,2024-02-09,3871.0,False,2,2024
ORD00139,Smart Watches,Smart Watches,Pune,Guangzhou Imports,1204.87,2864.91,1,7,2023-06-26,2023-07-03,1660.04,False,6,2023
ORD00140,Mobile Accessories,Mobile Accessories,Mumbai,Yiwu Global Trade,181.89,517.44,3,2,2024-01-19,2024-01-21,1006.65,False,1,2024
ORD00141,LED Lights,LED Lights,Thane,Dragon Supply Co,385.06,900.99,4,0,2024-05-20,2024-05-20,2063.72,False,5,2024
ORD00142,Smart Watches,Smart Watches,Mumbai,Shenzhen Traders,993.34,2453.1,5,3,2023-01-25,2023-01-28,7298.8,False,1,2023
ORD00143,Bluetooth Speakers,Bluetooth Speakers,Pune,Dragon Supply Co,616.39,1314.58,6,12,2024-04-13,2024-04-25,4189.14,False,4,2024
ORD00144,Bluetooth Speakers,Bluetooth Speakers,Aurangabad,Shenzhen Traders,828.28,2142.38,11,5,2023-04-19,2023-04-24,14455.1,False,4,2023
ORD00145,Bluetooth Speakers,Bluetooth Speakers,Thane,Dragon Supply Co,575.93,1222.54,1,0,2023-07-05,2023-07-05,646.61,False,7,2023
ORD00146,Bluetooth Speakers,Bluetooth Speakers,Aurangabad,Shenzhen Traders,785.82,1851.72,4,7,2023-08-03,2023-08-10,4263.6,False,8,2023
ORD00147,LED Lights,LED Lights,Pune,Shenzhen Traders,321.64,923.01,19,5,2024-10-19,2024-10-24,11426.03,False,10,2024
ORD00148,Bluetooth Speakers,Bluetooth Speakers,Nagpur,Dragon Supply Co,601.31,1446.58,8,11,2023-09-10,2023-09-21,6762.16,False,9,2023
ORD00149,Home Decor,Home Decor,Mumbai,Yiwu Global Trade,269.75,686.39,6,2,2023-06-23,2023-06-25,2499.84,False,6,2023
ORD00150,Bluetooth Speakers,Bluetooth Speakers,Thane,Dragon Supply Co,818.79,2048.24,2,10,2023-06-14,2023-06-24,2458.9,False,6,2023
ORD00151,Smart Watches,Smart Watches,Thane,Guangzhou Imports,691.28,1420.4,2,9,2024-10-09,2024-10-18,1458.24,False,10,2024
ORD00152,Smart Watches,Smart Watches,Nashik,Shenzhen Traders,1149.07,2388.63,10,3,2024-05-25,2024-05-28,12395.6,False,5,2024
ORD00153,LED Lights,LED Lights,Mumbai,Dragon Supply Co,251.87,511.03,10,5,2023-10-28,2023-11-02,2591.6,False,10,2023
ORD00154,LED Lights,LED Lights,Pune,Dragon Supply Co,283.36,635.92,2,7,2024-03-20,2024-03-27,705.12,False,3,2024
ORD00155,Home Decor,Home Decor,Mumbai,Yiwu Global Trade,108.16,360.4,3,2,2023-06-16,2023-06-18,756.72,False,6,2023
ORD00156,Mobile Accessories,Mobile Accessories,Thane,Yiwu Global Trade,104.33,255.15,4,2,2023-08-08,2023-08-10,603.28,False,8,2023
ORD00157,Smart Watches,Smart Watches,Thane,Shenzhen Traders,1185.04,2642.76,1,4,2024-10-21,2024-10-25,1457.72,False,10,2024
ORD00158,LED Lights,LED Lights,Aurangabad,Dragon Supply Co,417.04,958.84,5,4,2023-01-01,2023-01-05,2709.0,False,1,2023
ORD00159,Home Decor,Home Decor,Pune,Dragon Supply Co,159.49,558.09,19,1,2023-12-14,2023-12-15,7573.4,False,12,2023
ORD00160,LED Lights,LED Lights,Pune,Shenzhen Traders,266.15,611.05,14,2,2023-04-27,2023-04-29,4828.6,False,4,2023
ORD00161,LED Lights,LED Lights,Mumbai,Dragon Supply Co,315.82,848.23,22,0,2024-07-09,2024-07-09,11713.02,False,7,2024
ORD00162,LED Lights,LED Lights,Thane,Dragon Supply Co,396.7,1101.14,4,11,2023-03-21,2023-04-01,2817.76,False,3,2023
ORD00163,Smart Watches,Smart Watches,Nagpur,Shenzhen Traders,1364.02,3467.63,12,5,2023-07-22,2023-07-27,25243.32,False,7,2023
ORD00164,Home Decor,Home Decor,Nagpur,Yiwu Global Trade,297.78,905.32,3,1,2024-03-16,2024-03-17,1822.62,False,3,2024
ORD00165,Bluetooth Speakers,Bluetooth Speakers,Nagpur,Dragon Supply Co,752.8,1477.82,1,4,2023-08-21,2023-08-25,725.02,False,8,2023
ORD00166,Home Decor,Home Decor,Mumbai,Dragon Supply Co,120.4,349.31,1,16,2024-04-15,2024-05-01,228.91,False,4,2024
ORD00167,Kitchen Gadgets,Kitchen Gadgets,Thane,Guangzhou Imports,186.81,530.96,13,5,2023-01-12,2023-01-17,4473.95,False,1,2023
ORD00168,Smart Watches,Smart Watches,Thane,Guangzhou Imports,1188.58,2448.76,4,4,2024-02-12,2024-02-16,5040.72,False,2,2024
ORD00169,Mobile Accessories,Mobile Accessories,Aurangabad,Yiwu Global Trade,216.78,501.21,1,1,2023-01-08,2023-01-09,284.43,False,1,2023
ORD00170,LED Lights,LED Lights,Nagpur,Dragon Supply Co,289.15,772.85,5,16,2023-11-12,2023-11-28,2418.5,False,11,2023
ORD00171,Kitchen Gadgets,Kitchen Gadgets,Thane,Guangzhou Imports,364.48,800.95,2,4,2023-02-10,2023-02-14,872.94,False,2,2023
ORD00172,LED Lights,LED Lights,Thane,Dragon Supply Co,233.13,481.0,2,8,2023-07-20,2023-07-28,495.74,False,7,2023
ORD00173,Home Decor,Home Decor,Nagpur,Dragon Supply Co,116.84,184.76,5,5,2024-12-24,2024-12-29,339.6,True,12,2024
ORD00174,Bluetooth Speakers,Bluetooth Speakers,Mumbai,Dragon Supply Co,837.99,1671.76,9,6,2024-06-30,2024-07-06,7503.93,False,6,2024
ORD00175,Home Decor,Home Decor,Nagpur,Dragon Supply Co,257.12,861.62,3,12,2024-08-16,2024-08-28,1813.5,False,8,2024
ORD00176,Bluetooth Speakers,Bluetooth Speakers,Aurangabad,Shenzhen Traders,503.86,1200.8,11,4,2023-01-10,2023-01-14,7666.34,False,1,2023
ORD00177,Bluetooth Speakers,Bluetooth Speakers,Thane,Dragon Supply Co,404.65,963.06,4,7,2023-08-30,2023-09-06,2233.64,False,8,2023
ORD00178,Home Decor,Home Decor,Mumbai,Dragon Supply Co,153.45,530.73,9,3,2024-01-09,2024-01-12,3395.52,False,1,2024
ORD00179,Bluetooth Speakers,Bluetooth Speakers,Nashik,Dragon Supply Co,702.94,1140.59,18,15,2023-08-12,2023-08-27,7877.7,True,8,2023
ORD00180,Smart Watches,Smart Watches,Aurangabad,Shenzhen Traders,1555.02,3365.32,16,2,2023-08-05,2023-08-07,28964.8,False,8,2023
ORD00181,Kitchen Gadgets,Kitchen Gadgets,Nagpur,Yiwu Global Trade,331.39,765.41,11,0,2024-11-19,2024-11-19,4774.22,False,11,2024
ORD00182,Kitchen Gadgets,Kitchen Gadgets,Mumbai,Yiwu Global Trade,375.85,1123.33,1,2,2024-01-20,2024-01-22,747.48,False,1,2024
ORD00183,Mobile Accessories,Mobile Accessories,Nashik,Guangzhou Imports,84.38,153.64,5,10,2024-06-01,2024-06-11,346.3,False,6,2024
ORD00184,Mobile Accessories,Mobile Accessories,Mumbai,Yiwu Global Trade,125.11,247.4,5,3,2024-03-12,2024-03-15,611.45,False,3,2024
ORD00185,LED Lights,LED Lights,Pune,Shenzhen Traders,366.72,921.65,13,3,2024-07-18,2024-07-21,7214.09,False,7,2024
ORD00186,Kitchen Gadgets,Kitchen Gadgets,Aurangabad,Yiwu Global Trade,131.27,368.2,1,3,2023-03-19,2023-03-22,236.93,False,3,2023
ORD00187,Kitchen Gadgets,Kitchen Gadgets,Pune,Guangzhou Imports,370.65,798.66,13,1,2023-01-01,2023-01-02,5564.13,False,1,2023
ORD00188,Bluetooth Speakers,Bluetooth Speakers,Nashik,Shenzhen Traders,619.65,1571.92,4,5,2024-05-02,2024-05-07,3809.08,False,5,2024
ORD00189,LED Lights,LED Lights,Nagpur,Dragon Supply Co,195.76,445.36,2,8,2023-12-14,2023-12-22,499.2,False,12,2023
ORD00190,Kitchen Gadgets,Kitchen Gadgets,Pune,Guangzhou Imports,275.32,651.24,6,4,2024-03-13,2024-03-17,2255.52,False,3,2024
ORD00191,Bluetooth Speakers,Bluetooth Speakers,Thane,Dragon Supply Co,412.93,973.81,11,19,2023-11-02,2023-11-21,6169.68,False,11,2023
ORD00192,Kitchen Gadgets,Kitchen Gadgets,Pune,Yiwu Global Trade,350.9,867.58,1,4,2024-02-05,2024-02-09,516.68,False,2,2024
ORD00193,Bluetooth Speakers,Bluetooth Speakers,Nashik,Shenzhen Traders,521.9,1105.78,4,5,2023-10-30,2023-11-04,2335.52,False,10,2023
ORD00194,Mobile Accessories,Mobile Accessories,Mumbai,Yiwu Global Trade,221.4,427.42,1,4,2023-03-16,2023-03-20,206.02,False,3,2023
ORD00195,Home Decor,Home Decor,Thane,Dragon Supply Co,217.97,645.72,4,9,2024-02-26,2024-03-06,1711.0,False,2,2024
ORD00196,Smart Watches,Smart Watches,Pune,Shenzhen Traders,1654.65,4555.09,4,4,2023-12-01,2023-12-05,11601.76,False,12,2023
ORD00197,Home Decor,Home Decor,Aurangabad,Yiwu Global Trade,228.09,606.07,6,0,2024-03-22,2024-03-22,2267.88,False,3,2024
ORD00198,Mobile Accessories,Mobile Accessories,Nashik,Guangzhou Imports,118.12,230.51,4,11,2023-12-01,2023-12-12,449.56,False,12,2023
ORD00199,Smart Watches,Smart Watches,Thane,Shenzhen Traders,1310.22,3466.55,8,3,2023-04-16,2023-04-19,17250.64,False,4,2023
ORD00200,Kitchen Gadgets,Kitchen Gadgets,Nagpur,Yiwu Global Trade,291.04,554.98,1,3,2024-05-22,2024-05-25,263.94,True,5,2024
ORD00201,Smart Watches,Smart Watches,Thane,Guangzhou Imports,1053.68,2260.27,16,0,2023-03-10,2023-03-10,19305.44,False,3,2023
ORD00202,Home Decor,Home Decor,Mumbai,Dragon Supply Co,260.42,631.35,2,8,2023-02-12,2023-02-20,741.86,True,2,2023
ORD00203,Kitchen Gadgets,Kitchen Gadgets,Pune,Yiwu Global Trade,237.95,533.4,1,3,2023-04-21,2023-04-24,295.45,False,4,2023
ORD00204,Smart Watches,Smart Watches,Thane,Shenzhen Traders,828.92,2158.13,7,2,2023-12-26,2023-12-28,9304.47,False,12,2023
ORD00205,LED Lights,LED Lights,Pune,Dragon Supply Co,281.76,734.57,14,19,2023-10-08,2023-10-27,6339.34,False,10,2023
ORD00206,Mobile Accessories,Mobile Accessories,Pune,Guangzhou Imports,98.85,271.79,1,5,2023-03-02,2023-03-07,172.94,False,3,2023
ORD00207,Kitchen Gadgets,Kitchen Gadgets,Mumbai,Guangzhou Imports,222.77,411.59,9,2,2024-02-07,2024-02-09,1699.38,True,2,2024
ORD00208,Smart Watches,Smart Watches,Thane,Shenzhen Traders,1528.79,3411.58,1,1,2024-06-17,2024-06-18,1882.79,False,6,2024
ORD00209,Bluetooth Speakers,Bluetooth Speakers,Mumbai,Shenzhen Traders,559.11,1337.71,5,5,2024-05-27,2024-06-01,3893.0,False,5,2024
ORD00210,Home Decor,Home Decor,Mumbai,Dragon Supply Co,288.21,454.94,2,7,2023-03-19,2023-03-26,333.46,True,3,2023
ORD00211,LED Lights,LED Lights,Nagpur,Dragon Supply Co,317.62,860.59,1,18,2023-03-14,2023-04-01,542.97,False,3,2023
ORD00212,LED Lights,LED Lights,Mumbai,Dragon Supply Co,257.94,722.57,11,8,2023-02-25,2023-03-05,5110.93,False,2,2023
ORD00213,Home Decor,Home Decor,Mumbai,Dragon Supply Co,284.23,715.21,1,13,2023-02-17,2023-03-02,430.98,False,2,2023
ORD00214,Kitchen Gadgets,Kitchen Gadgets,Pune,Yiwu Global Trade,200.67,482.72,4,2,2024-09-16,2024-09-18,1128.2,False,9,2024
ORD00215,Mobile Accessories,Mobile Accessories,Pune,Guangzhou Imports,99.38,249.83,1,5,2024-11-22,2024-11-27,150.45,False,11,2024
ORD00216,Smart Watches,Smart Watches,Nashik,Guangzhou Imports,1591.79,4221.47,6,0,2024-04-18,2024-04-18,15778.08,False,4,2024
ORD00217,Mobile Accessories,Mobile Accessories,Mumbai,Yiwu Global Trade,182.41,522.48,3,3,2023-03-19,2023-03-22,1020.21,False,3,2023
ORD00218,Mobile Accessories,Mobile Accessories,Pune,Yiwu Global Trade,175.84,459.16,8,2,2024-09-14,2024-09-16,2266.56,False,9,2024
ORD00219,Kitchen Gadgets,Kitchen Gadgets,Thane,Guangzhou Imports,283.08,443.05,5,5,2023-12-29,2024-01-03,799.85,True,12,2023
ORD00220,Bluetooth Speakers,Bluetooth Speakers,Thane,Shenzhen Traders,675.28,1449.39,1,2,2023-01-15,2023-01-17,774.11,False,1,2023
ORD00221,Bluetooth Speakers,Bluetooth Speakers,Mumbai,Shenzhen Traders,552.81,1161.43,2,2,2024-09-22,2024-09-24,1217.24,False,9,2024
ORD00222,LED Lights,LED Lights,Pune,Dragon Supply Co,313.04,873.95,9,3,2024-06-20,2024-06-23,5048.19,False,6,2024
ORD00223,Bluetooth Speakers,Bluetooth Speakers,Pune,Dragon Supply Co,611.6,858.64,3,15,2023-07-31,2023-08-15,741.12,True,7,2023
ORD00224,LED Lights,LED Lights,Aurangabad,Dragon Supply Co,200.24,370.9,1,2,2023-05-26,2023-05-28,170.66,True,5,2023
ORD00225,Home Decor,Home Decor,Aurangabad,Dragon Supply Co,210.54,630.09,6,19,2023-04-21,2023-05-10,2517.3,False,4,2023
ORD00226,Smart Watches,Smart Watches,Pune,Guangzhou Imports,1039.12,2575.26,2,10,2024-08-17,2024-08-27,3072.28,False,8,2024
ORD00227,Home Decor,Home Decor,Mumbai,Dragon Supply Co,111.74,344.37,2,13,2024-09-04,2024-09-17,465.26,False,9,2024
ORD00228,Home Decor,Home Decor,Pune,Yiwu Global Trade,224.03,534.06,25,4,2023-11-11,2023-11-15,7750.75,False,11,2023
ORD00229,Home Decor,Home Decor,Mumbai,Dragon Supply Co,253.03,584.53,2,5,2024-01-12,2024-01-17,663.0,False,1,2024
ORD00230,Home Decor,Home Decor,Thane,Dragon Supply Co,244.13,800.17,2,6,2024-03-21,2024-03-27,1112.08,False,3,2024
ORD00231,Home Decor,Home Decor,Nagpur,Yiwu Global Trade,187.38,500.38,1,3,2024-08-29,2024-09-01,313.0,False,8,2024
ORD00232,Mobile Accessories,Mobile Accessories,Pune,Guangzhou Imports,210.25,434.97,21,6,2024-10-07,2024-10-13,4719.12,False,10,2024
ORD00233,Mobile Accessories,Mobile Accessories,Mumbai,Guangzhou Imports,213.98,537.25,1,7,2024-08-28,2024-09-04,323.27,False,8,2024
ORD00234,Home Decor,Home Decor,Nashik,Yiwu Global Trade,291.57,875.71,5,3,2024-12-15,2024-12-18,2920.7,False,12,2024
ORD00235,Mobile Accessories,Mobile Accessories,Mumbai,Guangzhou Imports,197.78,528.99,10,3,2024-03-10,2024-03-13,3312.1,False,3,2024
ORD00236,Home Decor,Home Decor,Mumbai,Dragon Supply Co,173.79,544.91,2,12,2024-06-15,2024-06-27,742.24,False,6,2024
ORD00237,Kitchen Gadgets,Kitchen Gadgets,Thane,Guangzhou Imports,323.79,748.15,5,5,2024-07-12,2024-07-17,2121.8,False,7,2024
ORD00238,Bluetooth Speakers,Bluetooth Speakers,Pune,Dragon Supply Co,870.92,2254.91,11,9,2023-05-19,2023-05-28,15223.89,False,5,2023
ORD00239,Smart Watches,Smart Watches,Pune,Guangzhou Imports,1131.46,2409.61,1,3,2023-09-16,2023-09-19,1278.15,False,9,2023
ORD00240,Kitchen Gadgets,Kitchen Gadgets,Thane,Yiwu Global Trade,133.57,338.27,26,2,2024-10-11,2024-10-13,5322.2,False,10,2024
ORD00241,LED Lights,LED Lights,Mumbai,Shenzhen Traders,363.15,825.36,6,8,2023-01-13,2023-01-21,2773.26,False,1,2023
ORD00242,Mobile Accessories,Mobile Accessories,Mumbai,Yiwu Global Trade,234.79,691.08,2,2,2024-02-23,2024-02-25,912.58,False,2,2024
ORD00243,LED Lights,LED Lights,Mumbai,Dragon Supply Co,300.48,671.81,11,9,2024-08-03,2024-08-12,4084.63,False,8,2024
ORD00244,Smart Watches,Smart Watches,Mumbai,Shenzhen Traders,1720.45,4595.91,2,4,2024-08-10,2024-08-14,5750.92,False,8,2024
ORD00245,Mobile Accessories,Mobile Accessories,Mumbai,Guangzhou Imports,235.96,580.8,7,9,2024-05-27,2024-06-05,2413.88,False,5,2024
ORD00246,Home Decor,Home Decor,Pune,Dragon Supply Co,91.21,210.06,1,10,2023-08-17,2023-08-27,118.85,False,8,2023
ORD00247,Mobile Accessories,Mobile Accessories,Mumbai,Yiwu Global Trade,128.98,286.54,1,3,2023-10-18,2023-10-21,157.56,False,10,2023
ORD00248,Bluetooth Speakers,Bluetooth Speakers,Mumbai,Shenzhen Traders,810.18,1822.81,13,6,2024-02-14,2024-02-20,13164.19,False,2,2024
ORD00249,Home Decor,Home Decor,Nashik,Yiwu Global Trade,156.99,345.7,9,4,2024-08-23,2024-08-27,1698.39,False,8,2024
ORD00250,Kitchen Gadgets,Kitchen Gadgets,Mumbai,Guangzhou Imports,293.74,755.25,10,4,2023-10-22,2023-10-26,4615.1,False,10,2023
ORD00251,Kitchen Gadgets,Kitchen Gadgets,Pune,Yiwu Global Trade,242.24,647.29,5,0,2024-11-21,2024-11-21,2025.25,False,11,2024
ORD00252,Smart Watches,Smart Watches,Pune,Shenzhen Traders,727.69,1595.75,2,7,2024-10-26,2024-11-02,1736.12,False,10,2024
ORD00253,LED Lights,LED Lights,Mumbai,Dragon Supply Co,264.55,618.66,5,0,2024-05-17,2024-05-17,1770.55,False,5,2024
ORD00254,Home Decor,Home Decor,Aurangabad,Dragon Supply Co,200.06,487.54,4,16,2024-08-01,2024-08-17,1149.92,False,8,2024
ORD00255,Home Decor,Home Decor,Mumbai,Dragon Supply Co,136.37,440.26,1,11,2024-07-07,2024-07-18,303.89,False,7,2024
ORD00256,Smart Watches,Smart Watches,Pune,Guangzhou Imports,1787.49,4351.51,9,9,2024-04-22,2024-05-01,23076.18,False,4,2024
ORD00257,Home Decor,Home Decor,Mumbai,Yiwu Global Trade,288.29,652.15,32,3,2024-02-24,2024-02-27,11643.52,False,2,2024
ORD00258,Smart Watches,Smart Watches,Thane,Shenzhen Traders,1152.49,2673.8,6,6,2024-02-15,2024-02-21,9127.86,False,2,2024
ORD00259,Bluetooth Speakers,Bluetooth Speakers,Aurangabad,Shenzhen Traders,622.91,1400.47,1,3,2023-09-11,2023-09-14,777.56,False,9,2023
ORD00260,Kitchen Gadgets,Kitchen Gadgets,Thane,Guangzhou Imports,309.04,670.94,7,11,2023-04-28,2023-05-09,2533.3,False,4,2023
ORD00261,Mobile Accessories,Mobile Accessories,Pune,Yiwu Global Trade,93.61,255.11,2,5,2023-06-08,2023-06-13,323.0,False,6,2023
ORD00262,Kitchen Gadgets,Kitchen Gadgets,Mumbai,Guangzhou Imports,235.42,589.12,9,3,2023-01-15,2023-01-18,3183.3,False,1,2023
ORD00263,Smart Watches,Smart Watches,Mumbai,Guangzhou Imports,1777.03,4901.62,3,10,2023-09-18,2023-09-28,9373.77,False,9,2023
ORD00264,Home Decor,Home Decor,Pune,Dragon Supply Co,274.25,845.58,5,6,2024-02-15,2024-02-21,2856.65,False,2,2024
ORD00265,Mobile Accessories,Mobile Accessories,Mumbai,Yiwu Global Trade,91.43,264.23,10,4,2023-10-19,2023-10-23,1728.0,False,10,2023
ORD00266,Bluetooth Speakers,Bluetooth Speakers,Nagpur,Dragon Supply Co,723.48,1855.13,10,10,2023-09-11,2023-09-21,11316.5,False,9,2023
ORD00267,LED Lights,LED Lights,Nagpur,Shenzhen Traders,275.53,730.03,2,0,2024-07-03,2024-07-03,909.0,False,7,2024
ORD00268,LED Lights,LED Lights,Nashik,Shenzhen Traders,299.77,715.55,1,2,2023-12-29,2023-12-31,415.78,False,12,2023
ORD00269,Smart Watches,Smart Watches,Nashik,Guangzhou Imports,896.76,2232.49,1,5,2023-05-21,2023-05-26,1335.73,False,5,2023
ORD00270,Bluetooth Speakers,Bluetooth Speakers,Mumbai,Dragon Supply Co,819.05,1815.37,11,6,2024-09-07,2024-09-13,10959.52,False,9,2024
ORD00271,Bluetooth Speakers,Bluetooth Speakers,Thane,Dragon Supply Co,882.16,2285.33,1,5,2024-04-04,2024-04-09,1403.17,False,4,2024
ORD00272,Home Decor,Home Decor,Nagpur,Yiwu Global Trade,156.78,406.05,6,4,2023-02-20,2023-02-24,1495.62,False,2,2023
ORD00273,Home Decor,Home Decor,Thane,Yiwu Global Trade,207.01,488.08,11,2,2023-10-23,2023-10-25,3091.77,False,10,2023
ORD00274,Mobile Accessories,Mobile Accessories,Thane,Guangzhou Imports,84.47,217.56,1,4,2024-02-24,2024-02-28,133.09,False,2,2024
ORD00275,Kitchen Gadgets,Kitchen Gadgets,Nagpur,Yiwu Global Trade,142.42,338.73,9,5,2023-01-01,2023-01-06,1766.79,False,1,2023
ORD00276,Home Decor,Home Decor,Nagpur,Dragon Supply Co,266.91,611.02,2,11,2024-10-22,2024-11-02,688.22,True,10,2024
ORD00277,Smart Watches,Smart Watches,Pune,Shenzhen Traders,1432.13,3258.97,2,1,2023-11-05,2023-11-06,3653.68,False,11,2023
ORD00278,Kitchen Gadgets,Kitchen Gadgets,Thane,Yiwu Global Trade,153.55,391.95,8,1,2024-06-20,2024-06-21,1907.2,False,6,2024
ORD00279,LED Lights,LED Lights,Pune,Shenzhen Traders,218.87,642.33,3,5,2024-01-21,2024-01-26,1270.38,False,1,2024
ORD00280,Kitchen Gadgets,Kitchen Gadgets,Thane,Guangzhou Imports,185.16,494.66,2,5,2024-10-01,2024-10-06,619.0,False,10,2024
ORD00281,Mobile Accessories,Mobile Accessories,Nagpur,Yiwu Global Trade,95.88,258.63,2,1,2023-06-28,2023-06-29,325.5,False,6,2023
ORD00282,Kitchen Gadgets,Kitchen Gadgets,Mumbai,Yiwu Global Trade,282.36,822.18,13,3,2024-05-15,2024-05-18,7017.66,False,5,2024
ORD00283,Kitchen Gadgets,Kitchen Gadgets,Thane,Yiwu Global Trade,127.38,272.71,7,2,2023-06-26,2023-06-28,1017.31,False,6,2023
ORD00284,Kitchen Gadgets,Kitchen Gadgets,Nashik,Guangzhou Imports,319.41,790.52,3,3,2024-04-13,2024-04-16,1413.33,False,4,2024
ORD00285,Bluetooth Speakers,Bluetooth Speakers,Nagpur,Shenzhen Traders,516.15,1069.16,3,6,2023-03-25,2023-03-31,1659.03,False,3,2023
ORD00286,Bluetooth Speakers,Bluetooth Speakers,Pune,Shenzhen Traders,728.74,1465.25,24,4,2023-03-04,2023-03-08,17676.24,False,3,2023
ORD00287,Bluetooth Speakers,Bluetooth Speakers,Pune,Dragon Supply Co,429.02,1073.85,2,4,2024-07-14,2024-07-18,1289.66,False,7,2024
ORD00288,Smart Watches,Smart Watches,Mumbai,Guangzhou Imports,1076.12,2635.76,1,1,2024-03-10,2024-03-11,1559.64,False,3,2024
ORD00289,Bluetooth Speakers,Bluetooth Speakers,Mumbai,Dragon Supply Co,486.36,957.04,3,20,2024-12-23,2025-01-12,1412.04,False,12,2024
ORD00290,Bluetooth Speakers,Bluetooth Speakers,Mumbai,Shenzhen Traders,825.92,1661.58,3,2,2024-04-21,2024-04-23,2506.98,False,4,2024
ORD00291,Kitchen Gadgets,Kitchen Gadgets,Mumbai,Guangzhou Imports,161.43,483.7,5,9,2024-02-28,2024-03-08,1611.35,False,2,2024
ORD00292,Smart Watches,Smart Watches,Mumbai,Guangzhou Imports,1737.02,4176.41,5,2,2023-07-13,2023-07-15,12196.95,False,7,2023
ORD00293,Mobile Accessories,Mobile Accessories,Mumbai,Yiwu Global Trade,127.83,337.03,3,1,2023-04-23,2023-04-24,627.6,False,4,2023
ORD00294,Home Decor,Home Decor,Mumbai,Dragon Supply Co,91.88,214.98,10,10,2023-09-21,2023-10-01,1231.0,False,9,2023
ORD00295,Smart Watches,Smart Watches,Thane,Guangzhou Imports,1070.83,2484.82,2,8,2024-10-04,2024-10-12,2827.98,False,10,2024
ORD00296,Mobile Accessories,Mobile Accessories,Nagpur,Yiwu Global Trade,92.5,231.8,7,1,2024-01-15,2024-01-16,975.1,False,1,2024
ORD00297,Smart Watches,Smart Watches,Mumbai,Shenzhen Traders,761.18,1749.62,1,5,2023-02-24,2023-03-01,988.44,False,2,2023
ORD00298,Kitchen Gadgets,Kitchen Gadgets,Thane,Guangzhou Imports,171.76,439.4,2,9,2023-11-09,2023-11-18,535.28,False,11,2023
ORD00299,LED Lights,LED Lights,Mumbai,Shenzhen Traders,259.93,643.0,3,0,2024-03-18,2024-03-18,1149.21,False,3,2024
ORD00300,Kitchen Gadgets,Kitchen Gadgets,Pune,Yiwu Global Trade,279.4,627.6,1,4,2023-08-17,2023-08-21,348.2,False,8,2023
ORD00301,Home Decor,Home Decor,Nagpur,Dragon Supply Co,206.68,591.65,4,13,2024-08-31,2024-09-13,1539.88,False,8,2024
ORD00302,Kitchen Gadgets,Kitchen Gadgets,Pune,Guangzhou Imports,124.33,298.16,6,7,2023-03-29,2023-04-05,1042.98,False,3,2023
ORD00303,Bluetooth Speakers,Bluetooth Speakers,Thane,Shenzhen Traders,748.93,1248.57,7,3,2023-04-30,2023-05-03,3497.48,True,4,2023
ORD00304,Bluetooth Speakers,Bluetooth Speakers,Aurangabad,Shenzhen Traders,780.6,1907.25,5,1,2023-01-07,2023-01-08,5633.25,False,1,2023
ORD00305,Home Decor,Home Decor,Nagpur,Yiwu Global Trade,129.22,389.95,1,1,2024-11-03,2024-11-04,260.73,False,11,2024
ORD00306,Bluetooth Speakers,Bluetooth Speakers,Thane,Dragon Supply Co,483.21,1111.77,10,17,2024-05-28,2024-06-14,6285.6,False,5,2024
ORD00307,Mobile Accessories,Mobile Accessories,Pune,Guangzhou Imports,151.19,359.55,2,3,2024-12-09,2024-12-12,416.72,False,12,2024
ORD00308,Kitchen Gadgets,Kitchen Gadgets,Thane,Guangzhou Imports,311.32,671.22,1,1,2024-04-15,2024-04-16,359.9,False,4,2024
ORD00309,Mobile Accessories,Mobile Accessories,Aurangabad,Yiwu Global Trade,161.32,375.48,4,4,2024-06-15,2024-06-19,856.64,False,6,2024
ORD00310,Bluetooth Speakers,Bluetooth Speakers,Nagpur,Shenzhen Traders,721.73,1809.64,8,0,2023-08-14,2023-08-14,8703.28,False,8,2023
ORD00311,Home Decor,Home Decor,Nagpur,Dragon Supply Co,134.22,338.3,15,7,2024-05-14,2024-05-21,3061.2,False,5,2024
ORD00312,Mobile Accessories,Mobile Accessories,Thane,Yiwu Global Trade,199.83,552.8,3,3,2023-06-07,2023-06-10,1058.91,False,6,2023
ORD00313,Bluetooth Speakers,Bluetooth Speakers,Nagpur,Shenzhen Traders,863.97,2077.99,9,3,2024-12-27,2024-12-30,10926.18,False,12,2024
ORD00314,Kitchen Gadgets,Kitchen Gadgets,Thane,Guangzhou Imports,222.58,536.56,6,5,2024-06-09,2024-06-14,1883.88,False,6,2024
ORD00315,Mobile Accessories,Mobile Accessories,Mumbai,Yiwu Global Trade,242.4,463.14,4,3,2023-08-25,2023-08-28,882.96,False,8,2023
ORD00316,Home Decor,Home Decor,Nashik,Dragon Supply Co,139.22,456.13,17,2,2024-05-08,2024-05-10,5387.47,False,5,2024
ORD00317,Kitchen Gadgets,Kitchen Gadgets,Mumbai,Guangzhou Imports,280.08,736.09,13,9,2024-03-17,2024-03-26,5928.13,False,3,2024
ORD00318,Home Decor,Home Decor,Nagpur,Yiwu Global Trade,102.07,279.4,4,4,2023-05-26,2023-05-30,709.32,False,5,2023
ORD00319,LED Lights,LED Lights,Mumbai,Shenzhen Traders,312.08,914.11,5,4,2023-02-11,2023-02-15,3010.15,False,2,2023
ORD00320,Bluetooth Speakers,Bluetooth Speakers,Nashik,Shenzhen Traders,765.75,1608.9,3,0,2023-06-02,2023-06-02,2529.45,False,6,2023
ORD00321,LED Lights,LED Lights,Nashik,Shenzhen Traders,235.73,645.59,1,7,2024-08-10,2024-08-17,409.86,False,8,2024
ORD00322,LED Lights,LED Lights,Pune,Shenzhen Traders,381.03,782.54,4,7,2024-03-30,2024-04-06,1606.04,True,3,2024
ORD00323,Bluetooth Speakers,Bluetooth Speakers,Mumbai,Shenzhen Traders,761.95,1912.95,3,4,2024-02-05,2024-02-09,3453.0,False,2,2024
ORD00324,LED Lights,LED Lights,Mumbai,Shenzhen Traders,324.67,950.78,2,0,2024-07-29,2024-07-29,1252.22,False,7,2024
ORD00325,Bluetooth Speakers,Bluetooth Speakers,Thane,Shenzhen Traders,423.81,954.82,1,4,2023-12-29,2024-01-02,531.01,False,12,2023
ORD00326,LED Lights,LED Lights,Mumbai,Dragon Supply Co,290.14,654.92,2,7,2023-01-29,2023-02-05,729.56,False,1,2023
ORD00327,Home Decor,Home Decor,Thane,Dragon Supply Co,220.59,702.46,4,10,2023-10-23,2023-11-02,1927.48,False,10,2023
ORD00328,Home Decor,Home Decor,Thane,Dragon Supply Co,208.51,482.23,13,11,2023-08-15,2023-08-26,3558.36,False,8,2023
ORD00329,Mobile Accessories,Mobile Accessories,Pune,Guangzhou Imports,239.09,432.65,5,6,2023-02-24,2023-03-02,967.8,False,2,2023
ORD00330,Bluetooth Speakers,Bluetooth Speakers,Aurangabad,Shenzhen Traders,516.07,869.17,2,4,2023-10-16,2023-10-20,706.2,True,10,2023
ORD00331,Home Decor,Home Decor,Nashik,Dragon Supply Co,104.29,245.47,1,10,2023-05-28,2023-06-07,141.18,False,5,2023
ORD00332,Bluetooth Speakers,Bluetooth Speakers,Nashik,Shenzhen Traders,701.29,1794.21,4,4,2024-05-21,2024-05-25,4371.68,False,5,2024
ORD00333,Mobile Accessories,Mobile Accessories,Aurangabad,Guangzhou Imports,161.29,393.06,4,0,2024-04-26,2024-04-26,927.08,False,4,2024
ORD00334,Smart Watches,Smart Watches,Nashik,Guangzhou Imports,1699.72,4429.27,8,4,2023-10-23,2023-10-27,21836.4,False,10,2023
ORD00335,Mobile Accessories,Mobile Accessories,Nashik,Guangzhou Imports,181.29,526.16,5,3,2023-08-05,2023-08-08,1724.35,False,8,2023
ORD00336,Kitchen Gadgets,Kitchen Gadgets,Mumbai,Guangzhou Imports,266.68,574.85,1,12,2023-05-11,2023-05-23,308.17,False,5,2023
ORD00337,Kitchen Gadgets,Kitchen Gadgets,Nagpur,Yiwu Global Trade,158.96,380.76,5,3,2023-04-18,2023-04-21,1109.0,False,4,2023
ORD00338,LED Lights,LED Lights,Nashik,Shenzhen Traders,297.32,861.9,2,0,2023-10-02,2023-10-02,1129.16,False,10,2023
ORD00339,LED Lights,LED Lights,Mumbai,Dragon Supply Co,279.7,717.13,16,2,2023-01-17,2023-01-19,6998.88,False,1,2023
ORD00340,Home Decor,Home Decor,Nashik,Dragon Supply Co,181.07,590.54,18,7,2023-11-14,2023-11-21,7370.46,False,11,2023
ORD00341,Kitchen Gadgets,Kitchen Gadgets,Mumbai,Yiwu Global Trade,209.58,452.14,10,3,2023-12-05,2023-12-08,2425.6,False,12,2023
ORD00342,LED Lights,LED Lights,Mumbai,Dragon Supply Co,278.13,770.13,6,14,2024-01-09,2024-01-23,2952.0,False,1,2024
ORD00343,Home Decor,Home Decor,Pune,Dragon Supply Co,295.01,821.04,2,1,2023-07-19,2023-07-20,1052.06,False,7,2023
ORD00344,Bluetooth Speakers,Bluetooth Speakers,Mumbai,Shenzhen Traders,880.28,2211.43,15,3,2024-05-03,2024-05-06,19967.25,False,5,2024
ORD00345,Smart Watches,Smart Watches,Mumbai,Shenzhen Traders,1267.85,3072.09,1,1,2023-02-16,2023-02-17,1804.24,False,2,2023
ORD00346,Mobile Accessories,Mobile Accessories,Thane,Guangzhou Imports,246.34,603.09,1,13,2024-01-26,2024-02-08,356.75,False,1,2024
ORD00347,Bluetooth Speakers,Bluetooth Speakers,Thane,Shenzhen Traders,486.13,1041.44,6,3,2024-09-20,2024-09-23,3331.86,False,9,2024
ORD00348,Home Decor,Home Decor,Mumbai,Yiwu Global Trade,241.85,725.4,12,2,2024-12-27,2024-12-29,5802.6,False,12,2024
ORD00349,LED Lights,LED Lights,Mumbai,Shenzhen Traders,204.22,415.3,11,3,2023-08-11,2023-08-14,2321.88,False,8,2023
ORD00350,Home Decor,Home Decor,Mumbai,Yiwu Global Trade,100.17,277.54,6,3,2024-05-04,2024-05-07,1064.22,False,5,2024
ORD00351,LED Lights,LED Lights,Pune,Shenzhen Traders,249.42,702.31,4,3,2024-06-09,2024-06-12,1811.56,False,6,2024
ORD00352,Smart Watches,Smart Watches,Mumbai,Guangzhou Imports,1657.7,4622.59,11,5,2023-04-08,2023-04-13,32613.79,False,4,2023
ORD00353,Bluetooth Speakers,Bluetooth Speakers,Mumbai,Shenzhen Traders,656.19,1518.53,2,3,2023-06-20,2023-06-23,1724.68,False,6,2023
ORD00354,Mobile Accessories,Mobile Accessories,Nagpur,Yiwu Global Trade,87.97,200.76,7,3,2024-06-10,2024-06-13,789.53,False,6,2024
ORD00355,Bluetooth Speakers,Bluetooth Speakers,Nashik,Shenzhen Traders,574.54,1212.23,7,6,2024-05-30,2024-06-05,4463.83,False,5,2024
ORD00356,Kitchen Gadgets,Kitchen Gadgets,Mumbai,Guangzhou Imports,178.59,512.87,3,1,2023-01-16,2023-01-17,1002.84,False,1,2023
ORD00357,Bluetooth Speakers,Bluetooth Speakers,Nagpur,Dragon Supply Co,882.28,2020.51,2,12,2023-04-18,2023-04-30,2276.46,False,4,2023
ORD00358,Mobile Accessories,Mobile Accessories,Mumbai,Yiwu Global Trade,189.94,587.13,1,3,2023-02-08,2023-02-11,397.19,False,2,2023
ORD00359,LED Lights,LED Lights,Mumbai,Shenzhen Traders,270.52,493.29,7,2,2023-01-29,2023-01-31,1559.39,True,1,2023
ORD00360,LED Lights,LED Lights,Thane,Shenzhen Traders,321.02,857.59,5,0,2024-11-27,2024-11-27,2682.85,False,11,2024
ORD00361,Mobile Accessories,Mobile Accessories,Pune,Yiwu Global Trade,234.53,491.7,3,2,2023-08-27,2023-08-29,771.51,False,8,2023
ORD00362,Home Decor,Home Decor,Nashik,Yiwu Global Trade,263.5,892.94,8,2,2023-12-06,2023-12-08,5035.52,False,12,2023
ORD00363,Home Decor,Home Decor,Pune,Yiwu Global Trade,145.05,379.76,1,1,2024-11-19,2024-11-20,234.71,False,11,2024
ORD00364,Bluetooth Speakers,Bluetooth Speakers,Pune,Shenzhen Traders,547.8,1379.34,8,2,2023-11-20,2023-11-22,6652.32,False,11,2023
ORD00365,Home Decor,Home Decor,Thane,Dragon Supply Co,163.65,403.24,1,0,2023-10-20,2023-10-20,239.59,False,10,2023
ORD00366,LED Lights,LED Lights,Nashik,Shenzhen Traders,183.89,469.53,1,1,2023-12-10,2023-12-11,285.64,False,12,2023
ORD00367,Home Decor,Home Decor,Mumbai,Dragon Supply Co,135.12,337.67,17,13,2023-07-06,2023-07-19,3443.35,False,7,2023
ORD00368,Mobile Accessories,Mobile Accessories,Nagpur,Yiwu Global Trade,240.39,546.31,5,2,2023-10-29,2023-10-31,1529.6,False,10,2023
ORD00369,Bluetooth Speakers,Bluetooth Speakers,Pune,Shenzhen Traders,753.02,1616.37,4,6,2023-03-03,2023-03-09,3453.4,False,3,2023
ORD00370,Kitchen Gadgets,Kitchen Gadgets,Mumbai,Guangzhou Imports,351.23,1050.63,1,10,2024-05-07,2024-05-17,699.4,False,5,2024
ORD00371,Kitchen Gadgets,Kitchen Gadgets,Thane,Yiwu Global Trade,139.33,395.17,1,2,2023-04-17,2023-04-19,255.84,False,4,2023
ORD00372,LED Lights,LED Lights,Mumbai,Dragon Supply Co,331.37,685.26,9,6,2023-09-16,2023-09-22,3185.01,False,9,2023
ORD00373,Mobile Accessories,Mobile Accessories,Pune,Yiwu Global Trade,185.03,505.77,1,2,2024-05-31,2024-06-02,320.74,False,5,2024
ORD00374,Bluetooth Speakers,Bluetooth Speakers,Mumbai,Shenzhen Traders,642.72,984.36,5,1,2024-11-20,2024-11-21,1708.2,True,11,2024
ORD00375,Home Decor,Home Decor,Nagpur,Dragon Supply Co,155.94,444.88,1,6,2023-05-25,2023-05-31,288.94,False,5,2023
ORD00376,Bluetooth Speakers,Bluetooth Speakers,Mumbai,Dragon Supply Co,402.97,807.64,7,12,2023-04-30,2023-05-12,2832.69,False,4,2023
ORD00377,Kitchen Gadgets,Kitchen Gadgets,Thane,Guangzhou Imports,189.5,465.64,4,3,2023-03-30,2023-04-02,1104.56,False,3,2023
ORD00378,Bluetooth Speakers,Bluetooth Speakers,Nagpur,Shenzhen Traders,894.63,1841.24,2,4,2024-09-08,2024-09-12,1893.22,False,9,2024
ORD00379,LED Lights,LED Lights,Mumbai,Shenzhen Traders,271.02,691.83,1,4,2024-09-26,2024-09-30,420.81,False,9,2024
ORD00380,LED Lights,LED Lights,Mumbai,Shenzhen Traders,382.88,1012.68,14,4,2023-02-09,2023-02-13,8817.2,False,2,2023
ORD00381,LED Lights,LED Lights,Mumbai,Shenzhen Traders,396.31,1066.98,1,0,2024-01-30,2024-01-30,670.67,False,1,2024
ORD00382,Smart Watches,Smart Watches,Thane,Shenzhen Traders,1437.09,3196.52,7,1,2023-11-24,2023-11-25,12316.01,False,11,2023
ORD00383,Home Decor,Home Decor,Mumbai,Yiwu Global Trade,285.6,634.13,3,2,2023-06-25,2023-06-27,1045.59,False,6,2023
ORD00384,Mobile Accessories,Mobile Accessories,Thane,Yiwu Global Trade,130.88,338.92,1,3,2024-08-15,2024-08-18,208.04,False,8,2024
ORD00385,Bluetooth Speakers,Bluetooth Speakers,Pune,Shenzhen Traders,756.86,1856.84,4,6,2023-10-28,2023-11-03,4399.92,False,10,2023
ORD00386,LED Lights,LED Lights,Mumbai,Dragon Supply Co,284.9,808.74,7,10,2024-07-21,2024-07-31,3666.88,False,7,2024
ORD00387,Kitchen Gadgets,Kitchen Gadgets,Aurangabad,Guangzhou Imports,204.86,547.12,4,7,2023-02-09,2023-02-16,1369.04,False,2,2023
ORD00388,Bluetooth Speakers,Bluetooth Speakers,Mumbai,Shenzhen Traders,654.17,1414.84,11,3,2023-05-27,2023-05-30,8367.37,False,5,2023
ORD00389,Kitchen Gadgets,Kitchen Gadgets,Mumbai,Guangzhou Imports,280.84,791.48,10,7,2023-04-02,2023-04-09,5106.4,False,4,2023
ORD00390,LED Lights,LED Lights,Mumbai,Dragon Supply Co,350.8,923.97,3,12,2023-12-29,2024-01-10,1719.51,False,12,2023
ORD00391,Smart Watches,Smart Watches,Mumbai,Guangzhou Imports,655.97,1473.71,9,10,2024-11-23,2024-12-03,7359.66,False,11,2024
ORD00392,Smart Watches,Smart Watches,Mumbai,Shenzhen Traders,865.5,2041.78,11,5,2023-01-07,2023-01-12,12939.08,False,1,2023
ORD00393,Bluetooth Speakers,Bluetooth Speakers,Mumbai,Dragon Supply Co,544.65,1070.32,12,7,2024-07-10,2024-07-17,6308.04,False,7,2024
ORD00394,Smart Watches,Smart Watches,Mumbai,Guangzhou Imports,1125.88,2953.56,18,3,2024-10-31,2024-11-03,32898.24,False,10,2024
ORD00395,Kitchen Gadgets,Kitchen Gadgets,Nagpur,Yiwu Global Trade,164.09,400.82,7,3,2023-03-23,2023-03-26,1657.11,False,3,2023
ORD00396,Smart Watches,Smart Watches,Pune,Guangzhou Imports,722.76,1696.85,1,9,2023-10-22,2023-10-31,974.09,False,10,2023
ORD00397,Bluetooth Speakers,Bluetooth Speakers,Pune,Dragon Supply Co,869.32,2090.39,4,9,2024-06-08,2024-06-17,4884.28,False,6,2024
ORD00398,Kitchen Gadgets,Kitchen Gadgets,Pune,Yiwu Global Trade,155.23,326.93,2,3,2023-08-11,2023-08-14,343.4,False,8,2023
ORD00399,Kitchen Gadgets,Kitchen Gadgets,Thane,Guangzhou Imports,205.68,493.89,4,5,2024-03-23,2024-03-28,1152.84,False,3,2024
ORD00400,Home Decor,Home Decor,Pune,Yiwu Global Trade,228.74,709.98,1,3,2024-02-18,2024-02-21,481.24,False,2,2024
ORD00401,Mobile Accessories,Mobile Accessories,Aurangabad,Yiwu Global Trade,129.55,359.23,15,4,2023-08-21,2023-08-25,3445.2,False,8,2023
ORD00402,Kitchen Gadgets,Kitchen Gadgets,Pune,Yiwu Global Trade,192.88,541.47,6,1,2023-08-10,2023-08-11,2091.54,False,8,2023
ORD00403,Kitchen Gadgets,Kitchen Gadgets,Nagpur,Yiwu Global Trade,261.86,710.57,16,2,2023-10-05,2023-10-07,7179.36,False,10,2023
ORD00404,Home Decor,Home Decor,Aurangabad,Dragon Supply Co,138.22,447.42,5,9,2023-07-11,2023-07-20,1546.0,False,7,2023
ORD00405,LED Lights,LED Lights,Nashik,Dragon Supply Co,213.4,491.42,4,14,2024-02-05,2024-02-19,1112.08,False,2,2024
ORD00406,Mobile Accessories,Mobile Accessories,Thane,Yiwu Global Trade,92.57,295.02,9,1,2023-07-29,2023-07-30,1822.05,False,7,2023
ORD00407,Bluetooth Speakers,Bluetooth Speakers,Nagpur,Shenzhen Traders,784.9,1688.85,7,8,2024-12-04,2024-12-12,6327.65,False,12,2024
ORD00408,Kitchen Gadgets,Kitchen Gadgets,Mumbai,Yiwu Global Trade,184.54,497.93,2,2,2024-01-16,2024-01-18,626.78,False,1,2024
ORD00409,Kitchen Gadgets,Kitchen Gadgets,Nagpur,Yiwu Global Trade,287.71,771.66,1,2,2023-01-29,2023-01-31,483.95,False,1,2023
ORD00410,Smart Watches,Smart Watches,Mumbai,Guangzhou Imports,763.4,1662.38,6,0,2024-04-03,2024-04-03,5393.88,False,4,2024
ORD00411,Kitchen Gadgets,Kitchen Gadgets,Pune,Yiwu Global Trade,221.69,619.65,1,3,2024-06-21,2024-06-24,397.96,False,6,2024
ORD00412,Kitchen Gadgets,Kitchen Gadgets,Pune,Yiwu Global Trade,126.39,277.31,3,2,2023-04-09,2023-04-11,452.76,False,4,2023
ORD00413,LED Lights,LED Lights,Thane,Shenzhen Traders,355.24,834.22,3,2,2023-02-08,2023-02-10,1436.94,False,2,2023
ORD00414,Mobile Accessories,Mobile Accessories,Pune,Yiwu Global Trade,96.6,271.52,6,3,2023-05-10,2023-05-13,1049.52,False,5,2023
ORD00415,LED Lights,LED Lights,Mumbai,Dragon Supply Co,350.59,709.1,6,7,2023-03-25,2023-04-01,2151.06,False,3,2023
ORD00416,LED Lights,LED Lights,Thane,Shenzhen Traders,357.72,900.02,10,1,2023-01-21,2023-01-22,5423.0,False,1,2023
ORD00417,Smart Watches,Smart Watches,Aurangabad,Guangzhou Imports,916.63,2130.28,3,8,2023-03-25,2023-04-02,3640.95,False,3,2023
ORD00418,Home Decor,Home Decor,Pune,Dragon Supply Co,259.6,869.15,6,7,2024-06-10,2024-06-17,3657.3,False,6,2024
ORD00419,Bluetooth Speakers,Bluetooth Speakers,Mumbai,Shenzhen Traders,468.14,980.68,1,1,2023-06-12,2023-06-13,512.54,False,6,2023
ORD00420,LED Lights,LED Lights,Thane,Shenzhen Traders,308.85,730.68,3,6,2023-09-28,2023-10-04,1265.49,False,9,2023
ORD00421,LED Lights,LED Lights,Nashik,Dragon Supply Co,297.48,882.3,14,10,2024-06-22,2024-07-02,8187.48,False,6,2024
ORD00422,Bluetooth Speakers,Bluetooth Speakers,Nagpur,Shenzhen Traders,541.36,1348.99,1,3,2023-11-05,2023-11-08,807.63,False,11,2023
ORD00423,Home Decor,Home Decor,Thane,Dragon Supply Co,225.74,693.87,8,12,2023-01-27,2023-02-08,3745.04,False,1,2023
ORD00424,Mobile Accessories,Mobile Accessories,Mumbai,Yiwu Global Trade,143.46,286.62,18,4,2024-11-23,2024-11-27,2576.88,False,11,2024
ORD00425,Kitchen Gadgets,Kitchen Gadgets,Nagpur,Yiwu Global Trade,229.99,583.72,4,2,2024-01-13,2024-01-15,1414.92,False,1,2024
ORD00426,Home Decor,Home Decor,Nagpur,Yiwu Global Trade,202.62,482.72,4,4,2023-07-25,2023-07-29,1120.4,False,7,2023
ORD00427,Bluetooth Speakers,Bluetooth Speakers,Thane,Dragon Supply Co,873.51,1955.99,2,1,2023-08-24,2023-08-25,2164.96,False,8,2023
ORD00428,Bluetooth Speakers,Bluetooth Speakers,Pune,Shenzhen Traders,620.45,1487.28,5,4,2024-12-26,2024-12-30,4334.15,False,12,2024
ORD00429,Mobile Accessories,Mobile Accessories,Nagpur,Guangzhou Imports,215.3,317.81,4,6,2023-04-27,2023-05-03,410.04,True,4,2023
ORD00430,Mobile Accessories,Mobile Accessories,Mumbai,Yiwu Global Trade,157.74,447.91,1,2,2024-12-21,2024-12-23,290.17,False,12,2024
ORD00431,Kitchen Gadgets,Kitchen Gadgets,Nagpur,Yiwu Global Trade,189.65,490.97,7,3,2023-10-01,2023-10-04,2109.24,False,10,2023
ORD00432,Kitchen Gadgets,Kitchen Gadgets,Thane,Yiwu Global Trade,234.76,539.17,2,2,2023-06-15,2023-06-17,608.82,False,6,2023
ORD00433,Home Decor,Home Decor,Mumbai,Yiwu Global Trade,319.84,890.64,10,3,2023-10-28,2023-10-31,5708.0,False,10,2023
ORD00434,LED Lights,LED Lights,Thane,Dragon Supply Co,208.17,585.35,2,13,2024-07-06,2024-07-19,754.36,False,7,2024
ORD00435,Home Decor,Home Decor,Thane,Dragon Supply Co,230.36,635.01,1,21,2023-02-15,2023-03-08,404.65,False,2,2023
ORD00436,Mobile Accessories,Mobile Accessories,Thane,Guangzhou Imports,176.91,450.27,2,5,2024-10-21,2024-10-26,546.72,False,10,2024
ORD00437,Mobile Accessories,Mobile Accessories,Aurangabad,Yiwu Global Trade,129.75,337.59,2,2,2023-08-30,2023-09-01,415.68,False,8,2023
ORD00438,Kitchen Gadgets,Kitchen Gadgets,Mumbai,Yiwu Global Trade,315.02,778.24,1,3,2024-08-11,2024-08-14,463.22,False,8,2024
ORD00439,Smart Watches,Smart Watches,Nashik,Shenzhen Traders,802.59,1699.08,1,7,2023-04-13,2023-04-20,896.49,False,4,2023
ORD00440,Mobile Accessories,Mobile Accessories,Pune,Yiwu Global Trade,178.16,387.71,1,3,2023-05-23,2023-05-26,209.55,False,5,2023
ORD00441,Bluetooth Speakers,Bluetooth Speakers,Nagpur,Dragon Supply Co,834.07,1639.09,1,15,2024-03-03,2024-03-18,805.02,False,3,2024
ORD00442,Smart Watches,Smart Watches,Pune,Guangzhou Imports,1211.25,2986.41,12,8,2023-01-09,2023-01-17,21301.92,False,1,2023
ORD00443,Home Decor,Home Decor,Nashik,Yiwu Global Trade,195.44,598.71,5,3,2023-12-25,2023-12-28,2016.35,False,12,2023
ORD00444,LED Lights,LED Lights,Mumbai,Dragon Supply Co,283.11,626.2,7,8,2024-11-20,2024-11-28,2401.63,False,11,2024
ORD00445,Smart Watches,Smart Watches,Nagpur,Guangzhou Imports,800.18,2146.03,2,6,2023-03-25,2023-03-31,2691.7,False,3,2023
ORD00446,Home Decor,Home Decor,Mumbai,Yiwu Global Trade,234.02,538.57,12,3,2023-11-10,2023-11-13,3654.6,True,11,2023
ORD00447,Mobile Accessories,Mobile Accessories,Pune,Yiwu Global Trade,248.61,596.4,1,2,2024-05-29,2024-05-31,347.79,False,5,2024
ORD00448,Mobile Accessories,Mobile Accessories,Mumbai,Yiwu Global Trade,238.56,520.93,2,1,2023-01-12,2023-01-13,564.74,False,1,2023
ORD00449,Smart Watches,Smart Watches,Pune,Shenzhen Traders,1689.37,3602.45,9,1,2024-06-20,2024-06-21,17217.72,False,6,2024
ORD00450,Smart Watches,Smart Watches,Pune,Shenzhen Traders,754.88,1567.24,3,2,2024-09-22,2024-09-24,2437.08,False,9,2024
ORD00451,LED Lights,LED Lights,Nagpur,Shenzhen Traders,304.67,521.46,4,7,2023-10-15,2023-10-22,867.16,True,10,2023
ORD00452,Smart Watches,Smart Watches,Aurangabad,Shenzhen Traders,1135.66,2391.4,2,4,2024-10-23,2024-10-27,2511.48,False,10,2024
ORD00453,Bluetooth Speakers,Bluetooth Speakers,Nashik,Dragon Supply Co,406.33,861.15,21,3,2023-11-08,2023-11-11,9551.22,False,11,2023
ORD00454,Mobile Accessories,Mobile Accessories,Thane,Yiwu Global Trade,208.04,413.25,1,3,2023-02-04,2023-02-07,205.21,False,2,2023
ORD00455,Mobile Accessories,Mobile Accessories,Nagpur,Guangzhou Imports,81.44,220.7,2,9,2023-07-26,2023-08-04,278.52,False,7,2023
ORD00456,Home Decor,Home Decor,Nagpur,Yiwu Global Trade,124.82,341.41,3,2,2023-06-08,2023-06-10,649.77,False,6,2023
ORD00457,Mobile Accessories,Mobile Accessories,Thane,Guangzhou Imports,103.8,204.74,3,2,2023-01-24,2023-01-26,302.82,False,1,2023
ORD00458,Smart Watches,Smart Watches,Pune,Guangzhou Imports,810.8,1801.25,3,1,2024-06-15,2024-06-16,2971.35,False,6,2024
ORD00459,Kitchen Gadgets,Kitchen Gadgets,Thane,Guangzhou Imports,299.52,857.56,9,1,2024-07-15,2024-07-16,5022.36,False,7,2024
ORD00460,Smart Watches,Smart Watches,Pune,Shenzhen Traders,1235.95,3211.34,3,8,2023-04-27,2023-05-05,5926.17,False,4,2023
ORD00461,LED Lights,LED Lights,Pune,Shenzhen Traders,207.06,517.56,4,5,2024-07-31,2024-08-05,1242.0,False,7,2024
ORD00462,Kitchen Gadgets,Kitchen Gadgets,Aurangabad,Yiwu Global Trade,362.82,805.02,2,4,2024-01-06,2024-01-10,884.4,False,1,2024
ORD00463,Kitchen Gadgets,Kitchen Gadgets,Pune,Guangzhou Imports,297.56,829.14,1,10,2024-09-28,2024-10-08,531.58,False,9,2024
ORD00464,LED Lights,LED Lights,Nagpur,Shenzhen Traders,183.31,406.17,3,6,2024-06-03,2024-06-09,668.58,False,6,2024
ORD00465,Bluetooth Speakers,Bluetooth Speakers,Nagpur,Shenzhen Traders,625.58,1370.52,1,4,2024-04-22,2024-04-26,744.94,False,4,2024
ORD00466,LED Lights,LED Lights,Mumbai,Shenzhen Traders,254.38,638.83,2,3,2024-07-06,2024-07-09,768.9,False,7,2024
ORD00467,Mobile Accessories,Mobile Accessories,Pune,Yiwu Global Trade,187.83,557.54,3,0,2024-01-16,2024-01-16,1109.13,False,1,2024
ORD00468,LED Lights,LED Lights,Nashik,Dragon Supply Co,355.19,707.73,1,10,2023-05-10,2023-05-20,352.54,True,5,2023
ORD00469,LED Lights,LED Lights,Mumbai,Dragon Supply Co,326.95,671.89,2,2,2023-05-25,2023-05-27,689.88,False,5,2023
ORD00470,Home Decor,Home Decor,Mumbai,Yiwu Global Trade,252.82,786.76,5,4,2024-02-28,2024-03-03,2669.7,False,2,2024
ORD00471,Smart Watches,Smart Watches,Mumbai,Guangzhou Imports,795.97,2089.34,27,1,2024-11-06,2024-11-07,34920.99,False,11,2024
ORD00472,LED Lights,LED Lights,Pune,Shenzhen Traders,283.04,714.35,4,3,2024-12-07,2024-12-10,1725.24,False,12,2024
ORD00473,Kitchen Gadgets,Kitchen Gadgets,Pune,Yiwu Global Trade,252.8,543.49,3,3,2024-08-14,2024-08-17,872.07,False,8,2024
ORD00474,Mobile Accessories,Mobile Accessories,Mumbai,Yiwu Global Trade,211.47,645.4,3,2,2023-09-14,2023-09-16,1301.79,False,9,2023
ORD00475,LED Lights,LED Lights,Nashik,Shenzhen Traders,180.62,361.44,16,2,2024-11-13,2024-11-15,2893.12,True,11,2024
ORD00476,LED Lights,LED Lights,Pune,Dragon Supply Co,400.85,873.44,1,2,2023-10-11,2023-10-13,472.59,False,10,2023
ORD00477,LED Lights,LED Lights,Mumbai,Dragon Supply Co,239.58,698.58,9,15,2024-11-17,2024-12-02,4131.0,False,11,2024
ORD00478,LED Lights,LED Lights,Mumbai,Dragon Supply Co,341.6,701.19,4,8,2024-07-09,2024-07-17,1438.36,False,7,2024
ORD00479,Kitchen Gadgets,Kitchen Gadgets,Aurangabad,Yiwu Global Trade,137.92,347.36,9,2,2024-01-02,2024-01-04,1884.96,False,1,2024
ORD00480,Smart Watches,Smart Watches,Mumbai,Guangzhou Imports,1175.26,2697.38,1,5,2023-11-30,2023-12-05,1522.12,False,11,2023
ORD00481,Smart Watches,Smart Watches,Pune,Shenzhen Traders,1330.44,3185.99,2,4,2024-05-25,2024-05-29,3711.1,False,5,2024
ORD00482,Mobile Accessories,Mobile Accessories,Mumbai,Guangzhou Imports,238.51,437.3,3,4,2023-02-04,2023-02-08,596.37,False,2,2023
ORD00483,Home Decor,Home Decor,Aurangabad,Yiwu Global Trade,90.34,275.94,2,2,2023-02-28,2023-03-02,371.2,False,2,2023
ORD00484,Home Decor,Home Decor,Mumbai,Dragon Supply Co,211.86,531.69,3,9,2024-05-04,2024-05-13,959.49,False,5,2024
ORD00485,LED Lights,LED Lights,Nashik,Shenzhen Traders,202.33,591.06,15,5,2023-08-30,2023-09-04,5830.95,False,8,2023
ORD00486,Kitchen Gadgets,Kitchen Gadgets,Nashik,Guangzhou Imports,216.85,645.58,2,7,2023-08-11,2023-08-18,857.46,False,8,2023
ORD00487,LED Lights,LED Lights,Nagpur,Shenzhen Traders,274.64,711.84,3,2,2024-03-02,2024-03-04,1311.6,False,3,2024
ORD00488,Home Decor,Home Decor,Mumbai,Yiwu Global Trade,150.03,391.51,1,3,2024-01-19,2024-01-22,241.48,False,1,2024
ORD00489,Home Decor,Home Decor,Pune,Dragon Supply Co,152.55,350.42,7,12,2023-11-04,2023-11-16,1385.09,False,11,2023
ORD00490,Kitchen Gadgets,Kitchen Gadgets,Mumbai,Yiwu Global Trade,162.74,410.02,1,1,2023-12-07,2023-12-08,247.28,False,12,2023
ORD00491,Kitchen Gadgets,Kitchen Gadgets,Aurangabad,Guangzhou Imports,173.99,413.66,4,5,2024-10-30,2024-11-04,958.68,False,10,2024
ORD00492,LED Lights,LED Lights,Mumbai,Shenzhen Traders,344.65,974.11,11,4,2023-07-12,2023-07-16,6924.06,False,7,2023
ORD00493,LED Lights,LED Lights,Thane,Shenzhen Traders,258.67,540.93,2,4,2023-08-06,2023-08-10,564.52,False,8,2023
ORD00494,Smart Watches,Smart Watches,Pune,Guangzhou Imports,1428.76,3154.89,1,6,2024-08-10,2024-08-16,1726.13,False,8,2024
ORD00495,LED Lights,LED Lights,Thane,Dragon Supply Co,313.43,559.5,7,3,2023-12-11,2023-12-14,1722.49,True,12,2023
ORD00496,LED Lights,LED Lights,Mumbai,Shenzhen Traders,194.8,541.73,5,5,2024-10-15,2024-10-20,1734.65,False,10,2024
ORD00497,Mobile Accessories,Mobile Accessories,Pune,Yiwu Global Trade,187.15,505.78,4,2,2023-03-10,2023-03-12,1274.52,False,3,2023
ORD00498,Smart Watches,Smart Watches,Mumbai,Shenzhen Traders,724.14,1971.11,1,3,2024-12-04,2024-12-07,1246.97,False,12,2024
ORD00499,Mobile Accessories,Mobile Accessories,Thane,Guangzhou Imports,220.99,350.25,9,5,2024-08-07,2024-08-12,1163.34,True,8,2024
ORD00500,Bluetooth Speakers,Bluetooth Speakers,Mumbai,Dragon Supply Co,665.64,1647.58,9,6,2023-11-20,2023-11-26,8837.46,False,11,2023
ORD00501,LED Lights,LED Lights,Nashik,Dragon Supply Co,221.47,490.49,2,14,2023-04-12,2023-04-26,538.04,False,4,2023
ORD00502,Smart Watches,Smart Watches,Thane,Guangzhou Imports,689.85,1721.41,9,7,2024-08-16,2024-08-23,9284.04,False,8,2024
ORD00503,Smart Watches,Smart Watches,Pune,Guangzhou Imports,1283.29,2629.18,4,5,2023-10-06,2023-10-11,5383.56,False,10,2023
ORD00504,Mobile Accessories,Mobile Accessories,Mumbai,Yiwu Global Trade,230.39,584.3,1,3,2024-03-30,2024-04-02,353.91,False,3,2024
ORD00505,Kitchen Gadgets,Kitchen Gadgets,Aurangabad,Yiwu Global Trade,323.3,783.42,5,4,2024-10-16,2024-10-20,2300.6,False,10,2024
ORD00506,Bluetooth Speakers,Bluetooth Speakers,Thane,Shenzhen Traders,626.32,1360.28,3,8,2024-08-27,2024-09-04,2201.88,False,8,2024
ORD00507,Smart Watches,Smart Watches,Mumbai,Shenzhen Traders,1582.29,3520.19,7,3,2023-11-01,2023-11-04,13565.3,False,11,2023
ORD00508,Bluetooth Speakers,Bluetooth Speakers,Thane,Shenzhen Traders,899.78,2323.04,4,3,2023-09-24,2023-09-27,5693.04,False,9,2023
ORD00509,Home Decor,Home Decor,Mumbai,Yiwu Global Trade,277.75,942.25,6,3,2024-09-13,2024-09-16,3987.0,False,9,2024
ORD00510,Mobile Accessories,Mobile Accessories,Pune,Yiwu Global Trade,222.67,664.29,8,4,2023-03-26,2023-03-30,3532.96,False,3,2023
ORD00511,Kitchen Gadgets,Kitchen Gadgets,Thane,Guangzhou Imports,301.38,616.57,3,1,2024-03-25,2024-03-26,945.57,True,3,2024
ORD00512,Home Decor,Home Decor,Aurangabad,Dragon Supply Co,219.63,643.96,2,0,2023-10-20,2023-10-20,848.66,False,10,2023
ORD00513,Bluetooth Speakers,Bluetooth Speakers,Mumbai,Shenzhen Traders,370.88,719.25,7,5,2023-02-12,2023-02-17,2438.59,False,2,2023
ORD00514,LED Lights,LED Lights,Mumbai,Dragon Supply Co,400.3,881.25,1,13,2024-03-02,2024-03-15,480.95,False,3,2024
ORD00515,Home Decor,Home Decor,Thane,Yiwu Global Trade,284.19,521.34,3,3,2024-02-11,2024-02-14,711.45,True,2,2024
ORD00516,Kitchen Gadgets,Kitchen Gadgets,Thane,Yiwu Global Trade,340.09,977.62,1,3,2023-02-20,2023-02-23,637.53,False,2,2023
ORD00517,Smart Watches,Smart Watches,Nagpur,Guangzhou Imports,1037.05,2341.74,2,5,2023-05-21,2023-05-26,2609.38,False,5,2023
ORD00518,Home Decor,Home Decor,Thane,Dragon Supply Co,310.95,946.51,2,4,2024-01-08,2024-01-12,1271.12,False,1,2024
ORD00519,Kitchen Gadgets,Kitchen Gadgets,Mumbai,Guangzhou Imports,273.13,616.68,14,13,2024-06-22,2024-07-05,4809.7,False,6,2024
ORD00520,Home Decor,Home Decor,Mumbai,Dragon Supply Co,257.63,884.55,5,13,2023-04-16,2023-04-29,3134.6,False,4,2023
ORD00521,Bluetooth Speakers,Bluetooth Speakers,Mumbai,Dragon Supply Co,525.02,1294.79,5,3,2024-10-19,2024-10-22,3848.85,False,10,2024
ORD00522,Home Decor,Home Decor,Aurangabad,Yiwu Global Trade,122.35,387.72,1,3,2023-04-18,2023-04-21,265.37,False,4,2023
ORD00523,Smart Watches,Smart Watches,Nagpur,Shenzhen Traders,1757.54,4670.36,5,4,2023-06-08,2023-06-12,14564.1,False,6,2023
ORD00524,Home Decor,Home Decor,Pune,Dragon Supply Co,151.0,266.83,14,4,2023-10-25,2023-10-29,1621.62,True,10,2023
ORD00525,Smart Watches,Smart Watches,Nashik,Shenzhen Traders,705.37,1658.03,3,4,2023-03-25,2023-03-29,2857.98,False,3,2023
ORD00526,Mobile Accessories,Mobile Accessories,Pune,Yiwu Global Trade,144.38,370.25,3,4,2024-01-11,2024-01-15,677.61,False,1,2024
ORD00527,Bluetooth Speakers,Bluetooth Speakers,Mumbai,Dragon Supply Co,390.54,973.24,18,15,2024-07-12,2024-07-27,10488.6,False,7,2024
ORD00528,Smart Watches,Smart Watches,Aurangabad,Guangzhou Imports,735.33,1570.73,5,7,2024-12-26,2025-01-02,4177.0,False,12,2024
ORD00529,Home Decor,Home Decor,Nagpur,Yiwu Global Trade,296.57,688.35,1,1,2023-01-26,2023-01-27,391.78,False,1,2023
ORD00530,Kitchen Gadgets,Kitchen Gadgets,Nashik,Guangzhou Imports,232.14,624.06,10,11,2024-09-28,2024-10-09,3919.2,False,9,2024
ORD00531,Bluetooth Speakers,Bluetooth Speakers,Mumbai,Dragon Supply Co,532.1,1373.92,2,12,2023-06-01,2023-06-13,1683.64,False,6,2023
ORD00532,Kitchen Gadgets,Kitchen Gadgets,Nashik,Guangzhou Imports,197.32,431.41,6,3,2023-02-19,2023-02-22,1404.54,False,2,2023
ORD00533,Kitchen Gadgets,Kitchen Gadgets,Mumbai,Guangzhou Imports,213.82,531.31,3,3,2024-09-03,2024-09-06,952.47,False,9,2024
ORD00534,Home Decor,Home Decor,Mumbai,Dragon Supply Co,95.92,232.33,1,10,2024-11-06,2024-11-16,136.41,False,11,2024
ORD00535,LED Lights,LED Lights,Thane,Dragon Supply Co,254.0,608.96,4,11,2024-03-14,2024-03-25,1419.84,False,3,2024
ORD00536,Home Decor,Home Decor,Mumbai,Dragon Supply Co,215.15,525.04,4,5,2023-08-14,2023-08-19,1239.56,False,8,2023
ORD00537,Smart Watches,Smart Watches,Pune,Shenzhen Traders,952.79,2260.06,1,4,2024-10-22,2024-10-26,1307.27,False,10,2024
ORD00538,Smart Watches,Smart Watches,Mumbai,Shenzhen Traders,1450.94,3014.13,5,3,2024-03-30,2024-04-02,7815.95,False,3,2024
ORD00539,Kitchen Gadgets,Kitchen Gadgets,Aurangabad,Guangzhou Imports,273.33,710.18,2,4,2024-10-11,2024-10-15,873.7,False,10,2024
ORD00540,Kitchen Gadgets,Kitchen Gadgets,Aurangabad,Guangzhou Imports,298.64,878.82,1,6,2023-11-16,2023-11-22,580.18,False,11,2023
ORD00541,Mobile Accessories,Mobile Accessories,Mumbai,Yiwu Global Trade,147.12,440.7,7,1,2024-08-19,2024-08-20,2055.06,False,8,2024
ORD00542,Kitchen Gadgets,Kitchen Gadgets,Mumbai,Yiwu Global Trade,316.87,714.73,24,1,2024-04-03,2024-04-04,9548.64,False,4,2024
ORD00543,Mobile Accessories,Mobile Accessories,Mumbai,Guangzhou Imports,151.97,483.81,12,1,2024-11-30,2024-12-01,3982.08,False,11,2024
ORD00544,Home Decor,Home Decor,Thane,Yiwu Global Trade,149.31,505.27,2,4,2023-10-15,2023-10-19,711.92,False,10,2023
ORD00545,LED Lights,LED Lights,Pune,Shenzhen Traders,275.37,640.55,1,1,2023-02-05,2023-02-06,365.18,False,2,2023
ORD00546,Bluetooth Speakers,Bluetooth Speakers,Thane,Dragon Supply Co,692.68,1569.47,4,5,2024-02-29,2024-03-05,3507.16,False,2,2024
ORD00547,Bluetooth Speakers,Bluetooth Speakers,Mumbai,Dragon Supply Co,673.36,1636.85,11,6,2024-07-14,2024-07-20,10598.39,False,7,2024
ORD00548,LED Lights,LED Lights,Thane,Shenzhen Traders,388.19,1118.04,4,4,2023-06-09,2023-06-13,2919.4,False,6,2023
ORD00549,Smart Watches,Smart Watches,Nashik,Guangzhou Imports,1307.83,3110.59,4,2,2023-08-18,2023-08-20,7211.04,False,8,2023
ORD00550,Bluetooth Speakers,Bluetooth Speakers,Nagpur,Dragon Supply Co,724.45,1580.17,2,12,2023-02-27,2023-03-11,1711.44,False,2,2023
ORD00551,Smart Watches,Smart Watches,Mumbai,Shenzhen Traders,1196.5,2650.09,27,5,2023-05-10,2023-05-15,39246.93,False,5,2023
ORD00552,Smart Watches,Smart Watches,Pune,Guangzhou Imports,1619.27,4350.31,4,11,2023-12-20,2023-12-31,10924.16,False,12,2023
ORD00553,Mobile Accessories,Mobile Accessories,Pune,Guangzhou Imports,206.43,595.27,1,7,2023-04-26,2023-05-03,388.84,False,4,2023
ORD00554,Home Decor,Home Decor,Nagpur,Dragon Supply Co,110.54,306.66,5,9,2024-04-21,2024-04-30,980.6,False,4,2024
ORD00555,Bluetooth Speakers,Bluetooth Speakers,Thane,Shenzhen Traders,826.95,2046.46,5,3,2023-11-07,2023-11-10,6097.55,False,11,2023
ORD00556,Mobile Accessories,Mobile Accessories,Pune,Guangzhou Imports,166.16,330.64,2,3,2023-01-12,2023-01-15,328.96,False,1,2023
ORD00557,Kitchen Gadgets,Kitchen Gadgets,Mumbai,Yiwu Global Trade,347.55,792.64,12,1,2024-10-09,2024-10-10,5341.08,False,10,2024
ORD00558,LED Lights,LED Lights,Mumbai,Dragon Supply Co,266.49,586.04,7,7,2024-05-31,2024-06-07,2236.85,False,5,2024
ORD00559,Bluetooth Speakers,Bluetooth Speakers,Nagpur,Shenzhen Traders,418.13,803.39,4,4,2023-09-05,2023-09-09,1541.04,False,9,2023
ORD00560,Kitchen Gadgets,Kitchen Gadgets,Mumbai,Guangzhou Imports,346.33,910.22,1,9,2024-02-10,2024-02-19,563.89,False,2,2024
ORD00561,Mobile Accessories,Mobile Accessories,Nashik,Yiwu Global Trade,197.1,433.44,4,1,2023-06-10,2023-06-11,945.36,False,6,2023
ORD00562,Mobile Accessories,Mobile Accessories,Thane,Guangzhou Imports,190.05,522.4,1,6,2024-05-23,2024-05-29,332.35,False,5,2024
ORD00563,Bluetooth Speakers,Bluetooth Speakers,Thane,Dragon Supply Co,881.93,2096.82,2,3,2024-04-25,2024-04-28,2429.78,False,4,2024
ORD00564,Mobile Accessories,Mobile Accessories,Nagpur,Guangzhou Imports,81.44,175.37,2,1,2024-03-24,2024-03-25,187.86,False,3,2024
ORD00565,Smart Watches,Smart Watches,Pune,Guangzhou Imports,1082.95,2468.01,2,7,2023-06-29,2023-07-06,2770.12,False,6,2023
ORD00566,Bluetooth Speakers,Bluetooth Speakers,Nashik,Shenzhen Traders,803.37,1749.75,20,2,2023-05-23,2023-05-25,18927.6,False,5,2023
ORD00567,Kitchen Gadgets,Kitchen Gadgets,Nagpur,Guangzhou Imports,274.38,646.0,2,0,2023-04-11,2023-04-11,743.24,False,4,2023
ORD00568,Bluetooth Speakers,Bluetooth Speakers,Pune,Dragon Supply Co,502.07,1068.2,9,9,2024-11-08,2024-11-17,5095.17,False,11,2024
ORD00569,Home Decor,Home Decor,Mumbai,Dragon Supply Co,208.98,367.53,11,10,2023-06-07,2023-06-17,1744.05,True,6,2023
ORD00570,Kitchen Gadgets,Kitchen Gadgets,Nashik,Guangzhou Imports,297.0,816.5,2,6,2023-01-07,2023-01-13,1039.0,False,1,2023
ORD00571,Smart Watches,Smart Watches,Thane,Guangzhou Imports,1115.29,2887.92,2,8,2023-03-14,2023-03-22,3545.26,False,3,2023
ORD00572,Kitchen Gadgets,Kitchen Gadgets,Pune,Yiwu Global Trade,305.48,830.2,8,3,2023-09-10,2023-09-13,4197.76,False,9,2023
ORD00573,Bluetooth Speakers,Bluetooth Speakers,Pune,Shenzhen Traders,814.98,2028.03,4,2,2023-06-13,2023-06-15,4852.2,False,6,2023
ORD00574,Mobile Accessories,Mobile Accessories,Mumbai,Yiwu Global Trade,101.75,219.99,3,3,2024-04-27,2024-04-30,354.72,False,4,2024
ORD00575,Mobile Accessories,Mobile Accessories,Nashik,Yiwu Global Trade,117.78,248.83,5,2,2023-01-25,2023-01-27,655.25,False,1,2023
ORD00576,Bluetooth Speakers,Bluetooth Speakers,Pune,Shenzhen Traders,672.06,1495.09,2,1,2024-06-20,2024-06-21,1646.06,False,6,2024
ORD00577,LED Lights,LED Lights,Pune,Shenzhen Traders,226.69,480.54,4,3,2023-06-22,2023-06-25,1015.4,False,6,2023
ORD00578,Kitchen Gadgets,Kitchen Gadgets,Pune,Guangzhou Imports,346.42,774.49,16,7,2024-10-14,2024-10-21,6849.12,False,10,2024
ORD00579,Smart Watches,Smart Watches,Aurangabad,Guangzhou Imports,1676.77,4677.05,3,6,2024-06-15,2024-06-21,9000.84,False,6,2024
ORD00580,Home Decor,Home Decor,Thane,Yiwu Global Trade,202.14,610.53,4,2,2023-02-12,2023-02-14,1633.56,False,2,2023
ORD00581,Home Decor,Home Decor,Mumbai,Yiwu Global Trade,152.91,487.71,2,4,2023-03-01,2023-03-05,669.6,False,3,2023
ORD00582,Mobile Accessories,Mobile Accessories,Thane,Yiwu Global Trade,212.56,421.12,1,0,2023-12-11,2023-12-11,208.56,False,12,2023
ORD00583,Bluetooth Speakers,Bluetooth Speakers,Pune,Shenzhen Traders,612.57,1165.89,1,2,2024-11-20,2024-11-22,553.32,False,11,2024
ORD00584,Home Decor,Home Decor,Aurangabad,Dragon Supply Co,295.16,939.76,9,6,2023-11-25,2023-12-01,5801.4,False,11,2023
ORD00585,LED Lights,LED Lights,Nagpur,Shenzhen Traders,239.72,645.69,1,3,2024-05-08,2024-05-11,405.97,False,5,2024
ORD00586,Mobile Accessories,Mobile Accessories,Pune,Guangzhou Imports,180.07,366.23,5,6,2023-09-17,2023-09-23,930.8,False,9,2023
ORD00587,Smart Watches,Smart Watches,Pune,Guangzhou Imports,1248.33,3020.08,7,1,2024-07-05,2024-07-06,12402.25,False,7,2024
ORD00588,Home Decor,Home Decor,Pune,Yiwu Global Trade,297.32,792.96,3,3,2024-02-24,2024-02-27,1486.92,False,2,2024
ORD00589,Bluetooth Speakers,Bluetooth Speakers,Mumbai,Dragon Supply Co,749.94,1493.76,8,6,2023-08-19,2023-08-25,5950.56,False,8,2023
ORD00590,Kitchen Gadgets,Kitchen Gadgets,Mumbai,Yiwu Global Trade,304.89,857.63,2,4,2024-04-27,2024-05-01,1105.48,False,4,2024
ORD00591,Home Decor,Home Decor,Thane,Dragon Supply Co,233.32,485.42,3,6,2023-04-02,2023-04-08,756.3,True,4,2023
ORD00592,LED Lights,LED Lights,Mumbai,Shenzhen Traders,207.79,507.9,1,1,2024-10-06,2024-10-07,300.11,False,10,2024
ORD00593,Smart Watches,Smart Watches,Nashik,Guangzhou Imports,886.32,1581.21,1,10,2024-01-21,2024-01-31,694.89,True,1,2024
ORD00594,Bluetooth Speakers,Bluetooth Speakers,Nashik,Dragon Supply Co,498.49,1158.46,8,7,2024-10-22,2024-10-29,5279.76,False,10,2024
ORD00595,LED Lights,LED Lights,Mumbai,Shenzhen Traders,368.34,920.02,5,5,2024-02-27,2024-03-03,2758.4,False,2,2024
ORD00596,Smart Watches,Smart Watches,Pune,Shenzhen Traders,1121.22,2386.29,15,3,2024-05-07,2024-05-10,18976.05,False,5,2024
ORD00597,Mobile Accessories,Mobile Accessories,Pune,Yiwu Global Trade,80.47,220.51,1,2,2023-12-04,2023-12-06,140.04,False,12,2023
ORD00598,Kitchen Gadgets,Kitchen Gadgets,Mumbai,Guangzhou Imports,143.42,367.23,5,4,2024-05-11,2024-05-15,1119.05,False,5,2024
ORD00599,LED Lights,LED Lights,Nagpur,Dragon Supply Co,289.62,862.28,4,5,2024-12-03,2024-12-08,2290.64,False,12,2024
ORD00600,LED Lights,LED Lights,Thane,Shenzhen Traders,389.79,1111.78,1,3,2024-05-24,2024-05-27,721.99,False,5,2024
ORD00601,Home Decor,Home Decor,Pune,Dragon Supply Co,116.66,385.75,2,14,2024-07-17,2024-07-31,538.18,False,7,2024
ORD00602,LED Lights,LED Lights,Nashik,Shenzhen Traders,220.92,520.82,8,5,2024-03-11,2024-03-16,2399.2,False,3,2024
ORD00603,Kitchen Gadgets,Kitchen Gadgets,Thane,Guangzhou Imports,144.17,408.5,7,3,2024-07-07,2024-07-10,1850.31,False,7,2024
ORD00604,Bluetooth Speakers,Bluetooth Speakers,Aurangabad,Shenzhen Traders,499.51,1083.94,7,6,2023-05-09,2023-05-15,4091.01,False,5,2023
ORD00605,Bluetooth Speakers,Bluetooth Speakers,Mumbai,Dragon Supply Co,732.89,1422.58,2,8,2024-07-13,2024-07-21,1379.38,False,7,2024
ORD00606,Mobile Accessories,Mobile Accessories,Pune,Guangzhou Imports,180.43,527.43,4,8,2024-12-15,2024-12-23,1388.0,False,12,2024
ORD00607,Mobile Accessories,Mobile Accessories,Thane,Yiwu Global Trade,183.93,553.19,7,2,2024-12-26,2024-12-28,2584.82,False,12,2024
ORD00608,Home Decor,Home Decor,Pune,Yiwu Global Trade,202.27,678.39,1,3,2023-06-22,2023-06-25,476.12,False,6,2023
ORD00609,LED Lights,LED Lights,Nashik,Dragon Supply Co,182.97,524.82,18,5,2024-02-20,2024-02-25,6153.3,False,2,2024
ORD00610,Home Decor,Home Decor,Aurangabad,Yiwu Global Trade,244.06,644.27,1,2,2023-07-19,2023-07-21,400.21,False,7,2023
ORD00611,Home Decor,Home Decor,Pune,Yiwu Global Trade,257.13,726.78,5,2,2023-02-12,2023-02-14,2348.25,False,2,2023
ORD00612,Home Decor,Home Decor,Mumbai,Dragon Supply Co,280.08,940.98,16,9,2023-01-17,2023-01-26,10574.4,False,1,2023
ORD00613,LED Lights,LED Lights,Pune,Shenzhen Traders,292.63,730.36,2,4,2023-10-04,2023-10-08,875.46,False,10,2023
ORD00614,Bluetooth Speakers,Bluetooth Speakers,Mumbai,Shenzhen Traders,883.58,1709.94,7,3,2024-03-11,2024-03-14,5784.52,False,3,2024
ORD00615,Home Decor,Home Decor,Pune,Dragon Supply Co,144.05,402.88,7,3,2024-01-26,2024-01-29,1811.81,False,1,2024
ORD00616,Bluetooth Speakers,Bluetooth Speakers,Thane,Dragon Supply Co,595.89,1181.71,11,0,2023-12-16,2023-12-16,6444.02,False,12,2023
ORD00617,Home Decor,Home Decor,Mumbai,Yiwu Global Trade,184.84,378.36,2,3,2024-06-03,2024-06-06,387.04,True,6,2024
ORD00618,LED Lights,LED Lights,Thane,Dragon Supply Co,314.96,836.09,1,15,2024-04-07,2024-04-22,521.13,False,4,2024
ORD00619,Smart Watches,Smart Watches,Thane,Guangzhou Imports,1589.08,4251.51,2,5,2024-07-14,2024-07-19,5324.86,False,7,2024
ORD00620,Kitchen Gadgets,Kitchen Gadgets,Nashik,Guangzhou Imports,214.46,537.71,4,5,2023-08-05,2023-08-10,1293.0,False,8,2023
ORD00621,Home Decor,Home Decor,Mumbai,Yiwu Global Trade,171.68,519.12,14,2,2023-07-09,2023-07-11,4864.16,False,7,2023
ORD00622,Kitchen Gadgets,Kitchen Gadgets,Nashik,Guangzhou Imports,131.9,296.48,1,4,2024-05-02,2024-05-06,164.58,False,5,2024
ORD00623,Home Decor,Home Decor,Mumbai,Dragon Supply Co,230.5,563.3,20,20,2024-11-23,2024-12-13,6656.0,False,11,2024
ORD00624,Bluetooth Speakers,Bluetooth Speakers,Pune,Dragon Supply Co,779.78,1310.99,1,11,2023-08-14,2023-08-25,531.21,True,8,2023
ORD00625,Bluetooth Speakers,Bluetooth Speakers,Thane,Dragon Supply Co,810.61,1874.27,11,6,2023-09-30,2023-10-06,11700.26,False,9,2023
ORD00626,Bluetooth Speakers,Bluetooth Speakers,Nashik,Shenzhen Traders,875.9,1746.76,2,1,2023-05-04,2023-05-05,1741.72,False,5,2023
ORD00627,Kitchen Gadgets,Kitchen Gadgets,Nagpur,Yiwu Global Trade,232.53,610.77,12,2,2024-09-17,2024-09-19,4538.88,False,9,2024
ORD00628,Mobile Accessories,Mobile Accessories,Nashik,Guangzhou Imports,101.82,238.5,4,5,2023-10-15,2023-10-20,546.72,False,10,2023
ORD00629,Smart Watches,Smart Watches,Pune,Guangzhou Imports,1350.34,3448.79,5,8,2023-04-23,2023-05-01,10492.25,False,4,2023
ORD00630,Bluetooth Speakers,Bluetooth Speakers,Aurangabad,Shenzhen Traders,599.07,1194.16,9,2,2024-09-22,2024-09-24,5355.81,False,9,2024
ORD00631,Home Decor,Home Decor,Thane,Dragon Supply Co,216.0,563.35,4,2,2023-08-21,2023-08-23,1389.4,False,8,2023
ORD00632,Kitchen Gadgets,Kitchen Gadgets,Mumbai,Yiwu Global Trade,282.28,666.61,10,3,2024-09-29,2024-10-02,3843.3,False,9,2024
ORD00633,Home Decor,Home Decor,Aurangabad,Yiwu Global Trade,239.52,825.34,5,4,2023-12-26,2023-12-30,2929.1,False,12,2023
ORD00634,Home Decor,Home Decor,Nashik,Dragon Supply Co,264.98,776.65,16,5,2023-12-11,2023-12-16,8186.72,False,12,2023
ORD00635,Home Decor,Home Decor,Nashik,Dragon Supply Co,295.59,855.46,1,5,2024-04-10,2024-04-15,559.87,False,4,2024
ORD00636,Bluetooth Speakers,Bluetooth Speakers,Nagpur,Dragon Supply Co,363.9,728.43,1,10,2024-07-15,2024-07-25,364.53,False,7,2024
ORD00637,Mobile Accessories,Mobile Accessories,Thane,Yiwu Global Trade,107.36,236.33,8,3,2024-02-11,2024-02-14,1031.76,False,2,2024
ORD00638,LED Lights,LED Lights,Mumbai,Dragon Supply Co,309.88,730.91,10,17,2024-12-01,2024-12-18,4210.3,False,12,2024
ORD00639,Kitchen Gadgets,Kitchen Gadgets,Nashik,Yiwu Global Trade,265.93,615.32,2,4,2024-05-29,2024-06-02,698.78,False,5,2024
ORD00640,Home Decor,Home Decor,Nashik,Dragon Supply Co,100.81,271.79,5,12,2023-04-18,2023-04-30,854.9,False,4,2023
ORD00641,Home Decor,Home Decor,Aurangabad,Dragon Supply Co,102.37,324.18,3,10,2023-05-08,2023-05-18,665.43,False,5,2023
ORD00642,Bluetooth Speakers,Bluetooth Speakers,Thane,Dragon Supply Co,737.55,1735.71,2,2,2024-08-06,2024-08-08,1996.32,False,8,2024
ORD00643,Kitchen Gadgets,Kitchen Gadgets,Thane,Yiwu Global Trade,370.72,876.66,9,2,2023-09-18,2023-09-20,4553.46,False,9,2023
ORD00644,Home Decor,Home Decor,Mumbai,Yiwu Global Trade,129.97,372.75,2,2,2024-05-05,2024-05-07,485.56,False,5,2024
ORD00645,Bluetooth Speakers,Bluetooth Speakers,Nagpur,Shenzhen Traders,421.54,973.25,6,1,2024-02-09,2024-02-10,3310.26,False,2,2024
ORD00646,Smart Watches,Smart Watches,Nashik,Guangzhou Imports,828.03,1757.88,7,7,2023-04-22,2023-04-29,6508.95,False,4,2023
ORD00647,LED Lights,LED Lights,Pune,Dragon Supply Co,317.44,748.55,3,10,2024-05-14,2024-05-24,1293.33,False,5,2024
ORD00648,Smart Watches,Smart Watches,Aurangabad,Shenzhen Traders,1248.7,3282.84,6,4,2023-01-12,2023-01-16,12204.84,False,1,2023
ORD00649,Kitchen Gadgets,Kitchen Gadgets,Mumbai,Guangzhou Imports,177.51,406.86,7,8,2023-01-14,2023-01-22,1605.45,False,1,2023
ORD00650,Smart Watches,Smart Watches,Mumbai,Guangzhou Imports,1515.55,3674.3,11,9,2023-03-11,2023-03-20,23746.25,False,3,2023
ORD00651,Home Decor,Home Decor,Mumbai,Yiwu Global Trade,169.58,426.06,1,4,2023-04-11,2023-04-15,256.48,False,4,2023
ORD00652,Kitchen Gadgets,Kitchen Gadgets,Aurangabad,Yiwu Global Trade,297.46,710.59,1,1,2024-06-19,2024-06-20,413.13,False,6,2024
ORD00653,LED Lights,LED Lights,Mumbai,Dragon Supply Co,353.75,716.24,2,17,2023-06-03,2023-06-20,724.98,False,6,2023
ORD00654,Smart Watches,Smart Watches,Pune,Guangzhou Imports,990.9,2498.28,1,3,2024-02-09,2024-02-12,1507.38,False,2,2024
ORD00655,LED Lights,LED Lights,Mumbai,Shenzhen Traders,409.51,727.53,10,4,2023-07-07,2023-07-11,3180.2,True,7,2023
ORD00656,LED Lights,LED Lights,Nashik,Shenzhen Traders,365.66,1047.6,3,2,2024-05-30,2024-06-01,2045.82,False,5,2024
ORD00657,LED Lights,LED Lights,Nagpur,Shenzhen Traders,348.66,1037.69,1,7,2024-05-29,2024-06-05,689.03,False,5,2024
ORD00658,Home Decor,Home Decor,Nashik,Yiwu Global Trade,125.36,350.63,5,5,2024-06-19,2024-06-24,1126.35,False,6,2024
ORD00659,LED Lights,LED Lights,Mumbai,Shenzhen Traders,370.61,948.05,5,2,2024-08-16,2024-08-18,2887.2,False,8,2024
ORD00660,Mobile Accessories,Mobile Accessories,Pune,Yiwu Global Trade,156.69,370.76,2,3,2024-10-25,2024-10-28,428.14,False,10,2024
ORD00661,Bluetooth Speakers,Bluetooth Speakers,Nagpur,Dragon Supply Co,702.78,1639.48,17,11,2024-06-25,2024-07-06,15923.9,False,6,2024
ORD00662,Kitchen Gadgets,Kitchen Gadgets,Nashik,Yiwu Global Trade,138.87,407.62,3,2,2023-01-19,2023-01-21,806.25,False,1,2023
ORD00663,Home Decor,Home Decor,Nagpur,Dragon Supply Co,154.75,526.88,2,4,2023-12-16,2023-12-20,744.26,False,12,2023
ORD00664,Home Decor,Home Decor,Pune,Yiwu Global Trade,212.7,505.65,1,2,2024-09-19,2024-09-21,292.95,False,9,2024
ORD00665,Kitchen Gadgets,Kitchen Gadgets,Aurangabad,Guangzhou Imports,157.46,426.65,6,2,2024-04-20,2024-04-22,1615.14,False,4,2024
ORD00666,Home Decor,Home Decor,Aurangabad,Dragon Supply Co,92.56,308.89,3,18,2023-09-17,2023-10-05,648.99,False,9,2023
ORD00667,LED Lights,LED Lights,Nagpur,Shenzhen Traders,274.58,699.5,1,6,2023-02-16,2023-02-22,424.92,False,2,2023
ORD00668,Mobile Accessories,Mobile Accessories,Mumbai,Yiwu Global Trade,233.96,700.02,7,2,2023-03-16,2023-03-18,3262.42,False,3,2023
ORD00669,Mobile Accessories,Mobile Accessories,Nagpur,Guangzhou Imports,122.97,241.08,4,4,2024-08-24,2024-08-28,472.44,False,8,2024
ORD00670,Kitchen Gadgets,Kitchen Gadgets,Thane,Yiwu Global Trade,362.42,1085.41,1,1,2023-02-19,2023-02-20,722.99,False,2,2023
ORD00671,Kitchen Gadgets,Kitchen Gadgets,Mumbai,Yiwu Global Trade,137.51,300.92,1,2,2024-09-10,2024-09-12,163.41,False,9,2024
ORD00672,Bluetooth Speakers,Bluetooth Speakers,Pune,Shenzhen Traders,719.21,1484.57,13,5,2024-07-16,2024-07-21,9949.68,False,7,2024
ORD00673,LED Lights,LED Lights,Pune,Shenzhen Traders,288.16,753.93,8,2,2024-03-01,2024-03-03,3726.16,False,3,2024
ORD00674,Kitchen Gadgets,Kitchen Gadgets,Nagpur,Yiwu Global Trade,214.77,512.16,3,1,2023-02-18,2023-02-19,892.17,False,2,2023
ORD00675,LED Lights,LED Lights,Mumbai,Dragon Supply Co,233.17,638.84,5,8,2024-12-04,2024-12-12,2028.35,False,12,2024
ORD00676,Smart Watches,Smart Watches,Nashik,Shenzhen Traders,1031.3,2458.58,9,7,2024-10-02,2024-10-09,12845.52,False,10,2024
ORD00677,Smart Watches,Smart Watches,Nagpur,Guangzhou Imports,852.14,2117.83,6,7,2024-09-03,2024-09-10,7594.14,False,9,2024
ORD00678,Mobile Accessories,Mobile Accessories,Mumbai,Guangzhou Imports,230.68,439.92,4,2,2023-07-07,2023-07-09,836.96,False,7,2023
ORD00679,LED Lights,LED Lights,Thane,Shenzhen Traders,318.94,883.21,5,3,2024-08-18,2024-08-21,2821.35,False,8,2024
ORD00680,LED Lights,LED Lights,Nagpur,Dragon Supply Co,419.69,1037.52,2,7,2023-08-08,2023-08-15,1235.66,False,8,2023
ORD00681,Smart Watches,Smart Watches,Mumbai,Guangzhou Imports,1537.97,3978.08,10,5,2023-08-08,2023-08-13,24401.1,False,8,2023
ORD00682,Bluetooth Speakers,Bluetooth Speakers,Pune,Dragon Supply Co,626.19,1480.23,8,10,2024-09-09,2024-09-19,6832.32,False,9,2024
ORD00683,Kitchen Gadgets,Kitchen Gadgets,Thane,Yiwu Global Trade,156.5,351.08,1,2,2024-08-04,2024-08-06,194.58,False,8,2024
ORD00684,Kitchen Gadgets,Kitchen Gadgets,Nashik,Yiwu Global Trade,245.71,595.33,4,2,2024-08-18,2024-08-20,1398.48,False,8,2024
ORD00685,Bluetooth Speakers,Bluetooth Speakers,Mumbai,Dragon Supply Co,553.19,1067.64,2,14,2024-03-16,2024-03-30,1028.9,False,3,2024
ORD00686,Smart Watches,Smart Watches,Pune,Guangzhou Imports,1172.84,2389.25,10,3,2023-03-11,2023-03-14,12164.1,False,3,2023
ORD00687,Smart Watches,Smart Watches,Nashik,Shenzhen Traders,1249.58,3328.53,7,4,2024-11-02,2024-11-06,14552.65,False,11,2024
ORD00688,Smart Watches,Smart Watches,Pune,Shenzhen Traders,1085.3,2680.85,2,5,2023-07-18,2023-07-23,3191.1,False,7,2023
ORD00689,LED Lights,LED Lights,Pune,Dragon Supply Co,397.74,1000.86,4,13,2024-10-27,2024-11-09,2412.48,False,10,2024
ORD00690,Smart Watches,Smart Watches,Thane,Guangzhou Imports,1670.25,3349.32,22,3,2023-11-10,2023-11-13,36939.54,False,11,2023
ORD00691,Bluetooth Speakers,Bluetooth Speakers,Mumbai,Dragon Supply Co,633.0,1327.13,7,10,2024-08-03,2024-08-13,4858.91,False,8,2024
ORD00692,Mobile Accessories,Mobile Accessories,Nagpur,Yiwu Global Trade,218.88,596.57,15,1,2024-01-06,2024-01-07,5665.35,False,1,2024
ORD00693,Smart Watches,Smart Watches,Pune,Shenzhen Traders,1200.64,2603.66,14,2,2024-01-19,2024-01-21,19642.28,False,1,2024
ORD00694,Bluetooth Speakers,Bluetooth Speakers,Mumbai,Dragon Supply Co,420.34,972.94,9,17,2023-11-23,2023-12-10,4973.4,False,11,2023
ORD00695,Kitchen Gadgets,Kitchen Gadgets,Thane,Yiwu Global Trade,158.18,355.86,4,2,2023-10-16,2023-10-18,790.72,False,10,2023
ORD00696,Kitchen Gadgets,Kitchen Gadgets,Nagpur,Guangzhou Imports,266.54,564.2,4,6,2024-08-20,2024-08-26,1190.64,False,8,2024
ORD00697,Home Decor,Home Decor,Aurangabad,Dragon Supply Co,139.82,417.85,1,3,2024-09-01,2024-09-04,278.03,False,9,2024
ORD00698,Bluetooth Speakers,Bluetooth Speakers,Mumbai,Dragon Supply Co,575.92,1151.78,15,0,2024-05-31,2024-05-31,8637.9,False,5,2024
ORD00699,Mobile Accessories,Mobile Accessories,Mumbai,Yiwu Global Trade,196.55,607.59,1,4,2023-04-22,2023-04-26,411.04,False,4,2023
ORD00700,LED Lights,LED Lights,Pune,Shenzhen Traders,211.73,426.97,1,3,2024-08-10,2024-08-13,215.24,False,8,2024
ORD00701,Kitchen Gadgets,Kitchen Gadgets,Thane,Guangzhou Imports,277.43,626.9,9,4,2023-10-21,2023-10-25,3145.23,False,10,2023
ORD00702,Kitchen Gadgets,Kitchen Gadgets,Thane,Yiwu Global Trade,258.17,716.98,1,2,2024-07-14,2024-07-16,458.81,False,7,2024
ORD00703,Home Decor,Home Decor,Thane,Yiwu Global Trade,214.04,471.22,9,4,2024-01-26,2024-01-30,2314.62,False,1,2024
ORD00704,Home Decor,Home Decor,Nagpur,Dragon Supply Co,175.19,395.31,1,10,2023-08-02,2023-08-12,220.12,False,8,2023
ORD00705,Mobile Accessories,Mobile Accessories,Thane,Yiwu Global Trade,144.81,380.08,5,2,2023-08-01,2023-08-03,1176.35,False,8,2023
ORD00706,Home Decor,Home Decor,Pune,Yiwu Global Trade,148.54,474.68,3,2,2024-01-16,2024-01-18,978.42,False,1,2024
ORD00707,LED Lights,LED Lights,Nagpur,Dragon Supply Co,310.5,490.73,6,18,2023-02-27,2023-03-17,1081.38,True,2,2023
ORD00708,Home Decor,Home Decor,Nagpur,Yiwu Global Trade,117.1,258.72,2,5,2023-09-11,2023-09-16,283.24,False,9,2023
ORD00709,Home Decor,Home Decor,Pune,Dragon Supply Co,114.51,315.35,4,4,2023-02-13,2023-02-17,803.36,False,2,2023
ORD00710,Smart Watches,Smart Watches,Nagpur,Guangzhou Imports,1353.66,3781.37,3,5,2024-03-11,2024-03-16,7283.13,False,3,2024
ORD00711,Mobile Accessories,Mobile Accessories,Nagpur,Yiwu Global Trade,174.79,358.36,2,3,2024-01-14,2024-01-17,367.14,False,1,2024
ORD00712,Bluetooth Speakers,Bluetooth Speakers,Aurangabad,Shenzhen Traders,667.71,1630.51,7,1,2024-05-22,2024-05-23,6739.6,False,5,2024
ORD00713,Mobile Accessories,Mobile Accessories,Nashik,Guangzhou Imports,155.92,433.31,2,9,2023-06-13,2023-06-22,554.78,False,6,2023
ORD00714,Mobile Accessories,Mobile Accessories,Thane,Yiwu Global Trade,216.15,574.88,4,1,2023-08-26,2023-08-27,1434.92,False,8,2023
ORD00715,LED Lights,LED Lights,Pune,Shenzhen Traders,332.61,932.76,3,1,2024-07-07,2024-07-08,1800.45,False,7,2024
ORD00716,Bluetooth Speakers,Bluetooth Speakers,Mumbai,Shenzhen Traders,494.7,1068.35,2,4,2024-01-22,2024-01-26,1147.3,False,1,2024
ORD00717,Home Decor,Home Decor,Aurangabad,Dragon Supply Co,182.15,556.11,2,6,2023-10-10,2023-10-16,747.92,False,10,2023
ORD00718,Kitchen Gadgets,Kitchen Gadgets,Aurangabad,Yiwu Global Trade,333.26,891.89,6,2,2024-09-04,2024-09-06,3351.78,False,9,2024
ORD00719,Mobile Accessories,Mobile Accessories,Mumbai,Yiwu Global Trade,213.27,536.32,1,5,2024-11-18,2024-11-23,323.05,False,11,2024
ORD00720,Kitchen Gadgets,Kitchen Gadgets,Nashik,Yiwu Global Trade,213.53,574.29,1,1,2024-06-27,2024-06-28,360.76,False,6,2024
ORD00721,LED Lights,LED Lights,Thane,Dragon Supply Co,264.75,634.11,18,3,2023-01-16,2023-01-19,6648.48,False,1,2023
ORD00722,Kitchen Gadgets,Kitchen Gadgets,Nashik,Yiwu Global Trade,137.84,300.65,7,2,2024-10-31,2024-11-02,1139.67,False,10,2024
ORD00723,Kitchen Gadgets,Kitchen Gadgets,Pune,Guangzhou Imports,332.03,764.89,24,7,2023-09-17,2023-09-24,10388.64,False,9,2023
ORD00724,Bluetooth Speakers,Bluetooth Speakers,Nagpur,Shenzhen Traders,493.61,1078.54,3,2,2023-05-11,2023-05-13,1754.79,False,5,2023
ORD00725,LED Lights,LED Lights,Pune,Dragon Supply Co,208.08,522.96,1,4,2024-10-27,2024-10-31,314.88,False,10,2024
ORD00726,Kitchen Gadgets,Kitchen Gadgets,Nashik,Guangzhou Imports,371.17,967.59,2,7,2024-04-21,2024-04-28,1192.84,False,4,2024
ORD00727,Smart Watches,Smart Watches,Nashik,Guangzhou Imports,1681.0,4521.25,4,2,2024-04-30,2024-05-02,11361.0,False,4,2024
ORD00728,Smart Watches,Smart Watches,Pune,Shenzhen Traders,1556.95,3388.4,10,6,2024-01-30,2024-02-05,18314.5,False,1,2024
ORD00729,Smart Watches,Smart Watches,Aurangabad,Guangzhou Imports,1243.98,2497.64,4,5,2023-12-30,2024-01-04,5014.64,False,12,2023
ORD00730,Mobile Accessories,Mobile Accessories,Mumbai,Yiwu Global Trade,194.53,573.77,11,0,2023-05-11,2023-05-11,4171.64,False,5,2023
ORD00731,Mobile Accessories,Mobile Accessories,Pune,Yiwu Global Trade,117.16,304.99,1,3,2023-10-04,2023-10-07,187.83,False,10,2023
ORD00732,Home Decor,Home Decor,Pune,Yiwu Global Trade,135.92,428.97,1,2,2024-11-05,2024-11-07,293.05,False,11,2024
ORD00733,Mobile Accessories,Mobile Accessories,Mumbai,Guangzhou Imports,122.45,326.46,7,7,2023-02-10,2023-02-17,1428.07,False,2,2023
ORD00734,LED Lights,LED Lights,Thane,Shenzhen Traders,342.19,911.4,5,1,2023-10-06,2023-10-07,2846.05,False,10,2023
ORD00735,Kitchen Gadgets,Kitchen Gadgets,Thane,Yiwu Global Trade,216.51,516.13,8,3,2024-10-23,2024-10-26,2396.96,False,10,2024
ORD00736,Kitchen Gadgets,Kitchen Gadgets,Pune,Guangzhou Imports,375.94,1099.4,1,7,2023-10-16,2023-10-23,723.46,False,10,2023
ORD00737,Mobile Accessories,Mobile Accessories,Mumbai,Guangzhou Imports,215.88,533.15,1,3,2023-09-29,2023-10-02,317.27,False,9,2023
ORD00738,Kitchen Gadgets,Kitchen Gadgets,Pune,Guangzhou Imports,298.45,673.7,2,7,2024-10-21,2024-10-28,750.5,False,10,2024
ORD00739,Home Decor,Home Decor,Pune,Dragon Supply Co,91.94,282.84,7,9,2024-10-01,2024-10-10,1336.3,False,10,2024
ORD00740,LED Lights,LED Lights,Pune,Dragon Supply Co,386.84,846.08,1,18,2023-05-23,2023-06-10,459.24,False,5,2023
ORD00741,Smart Watches,Smart Watches,Aurangabad,Guangzhou Imports,1044.56,2242.81,6,10,2023-08-15,2023-08-25,7189.5,False,8,2023
ORD00742,Bluetooth Speakers,Bluetooth Speakers,Pune,Shenzhen Traders,570.33,1263.57,2,2,2024-04-04,2024-04-06,1386.48,False,4,2024
ORD00743,Kitchen Gadgets,Kitchen Gadgets,Thane,Yiwu Global Trade,307.41,868.03,7,1,2024-01-28,2024-01-29,3924.34,False,1,2024
ORD00744,Bluetooth Speakers,Bluetooth Speakers,Mumbai,Dragon Supply Co,877.53,1759.17,9,13,2024-10-07,2024-10-20,7934.76,False,10,2024
ORD00745,Mobile Accessories,Mobile Accessories,Pune,Yiwu Global Trade,249.25,745.04,1,1,2024-02-11,2024-02-12,495.79,False,2,2024
ORD00746,Home Decor,Home Decor,Thane,Dragon Supply Co,159.01,466.02,8,1,2023-05-22,2023-05-23,2456.08,False,5,2023
ORD00747,Bluetooth Speakers,Bluetooth Speakers,Nashik,Dragon Supply Co,383.02,945.93,2,6,2024-12-02,2024-12-08,1125.82,False,12,2024
ORD00748,Home Decor,Home Decor,Pune,Yiwu Global Trade,166.97,445.68,11,2,2023-09-27,2023-09-29,3065.81,False,9,2023
ORD00749,Smart Watches,Smart Watches,Mumbai,Guangzhou Imports,789.42,2126.61,1,7,2024-12-27,2025-01-03,1337.19,False,12,2024
ORD00750,Mobile Accessories,Mobile Accessories,Aurangabad,Guangzhou Imports,128.38,289.51,1,8,2023-10-11,2023-10-19,161.13,False,10,2023
ORD00751,Home Decor,Home Decor,Thane,Dragon Supply Co,177.65,457.0,5,19,2023-11-23,2023-12-12,1396.75,False,11,2023
ORD00752,Mobile Accessories,Mobile Accessories,Nagpur,Guangzhou Imports,237.86,568.61,2,8,2024-09-24,2024-10-02,661.5,False,9,2024
ORD00753,Bluetooth Speakers,Bluetooth Speakers,Mumbai,Dragon Supply Co,538.99,1142.36,1,0,2024-02-02,2024-02-02,603.37,False,2,2024
ORD00754,Home Decor,Home Decor,Nagpur,Dragon Supply Co,180.95,606.91,5,11,2024-10-15,2024-10-26,2129.8,False,10,2024
ORD00755,Smart Watches,Smart Watches,Pune,Guangzhou Imports,861.47,1738.86,8,7,2023-11-30,2023-12-07,7019.12,False,11,2023
ORD00756,Home Decor,Home Decor,Aurangabad,Dragon Supply Co,251.16,578.69,2,13,2024-09-13,2024-09-26,655.06,False,9,2024
ORD00757,LED Lights,LED Lights,Mumbai,Shenzhen Traders,390.89,697.31,1,3,2024-09-23,2024-09-26,306.42,True,9,2024
ORD00758,Bluetooth Speakers,Bluetooth Speakers,Mumbai,Dragon Supply Co,689.96,1351.64,1,8,2024-03-07,2024-03-15,661.68,False,3,2024
ORD00759,Bluetooth Speakers,Bluetooth Speakers,Mumbai,Shenzhen Traders,755.68,1670.21,2,4,2023-02-04,2023-02-08,1829.06,False,2,2023
ORD00760,Kitchen Gadgets,Kitchen Gadgets,Mumbai,Yiwu Global Trade,292.52,840.8,1,4,2024-10-22,2024-10-26,548.28,False,10,2024
ORD00761,Bluetooth Speakers,Bluetooth Speakers,Aurangabad,Shenzhen Traders,647.32,1353.35,1,7,2023-10-03,2023-10-10,706.03,False,10,2023
ORD00762,Home Decor,Home Decor,Nagpur,Yiwu Global Trade,195.0,618.85,11,2,2023-07-20,2023-07-22,4662.35,False,7,2023
ORD00763,Bluetooth Speakers,Bluetooth Speakers,Thane,Shenzhen Traders,614.91,1266.09,12,1,2023-11-20,2023-11-21,7814.16,False,11,2023
ORD00764,Smart Watches,Smart Watches,Pune,Guangzhou Imports,829.08,1665.16,12,5,2024-10-20,2024-10-25,10032.96,False,10,2024
ORD00765,Mobile Accessories,Mobile Accessories,Mumbai,Yiwu Global Trade,170.97,472.37,1,2,2024-08-27,2024-08-29,301.4,False,8,2024
ORD00766,Bluetooth Speakers,Bluetooth Speakers,Mumbai,Shenzhen Traders,586.74,1235.11,6,5,2024-05-19,2024-05-24,3890.22,False,5,2024
ORD00767,LED Lights,LED Lights,Mumbai,Dragon Supply Co,391.72,954.66,6,7,2023-05-12,2023-05-19,3377.64,False,5,2023
ORD00768,Home Decor,Home Decor,Thane,Dragon Supply Co,140.74,324.12,3,6,2023-03-17,2023-03-23,550.14,False,3,2023
ORD00769,Kitchen Gadgets,Kitchen Gadgets,Mumbai,Guangzhou Imports,313.16,885.59,16,10,2024-05-06,2024-05-16,9158.88,False,5,2024
ORD00770,LED Lights,LED Lights,Mumbai,Shenzhen Traders,206.49,507.0,7,5,2024-08-06,2024-08-11,2103.57,False,8,2024
ORD00771,Home Decor,Home Decor,Mumbai,Dragon Supply Co,94.46,213.91,11,13,2023-09-19,2023-10-02,1313.95,False,9,2023
ORD00772,Mobile Accessories,Mobile Accessories,Mumbai,Guangzhou Imports,101.26,171.09,2,6,2024-04-11,2024-04-17,139.66,True,4,2024
ORD00773,LED Lights,LED Lights,Mumbai,Shenzhen Traders,232.13,561.81,3,8,2024-03-24,2024-04-01,989.04,False,3,2024
ORD00774,Bluetooth Speakers,Bluetooth Speakers,Pune,Shenzhen Traders,785.28,1673.57,4,2,2023-05-22,2023-05-24,3553.16,False,5,2023
ORD00775,Mobile Accessories,Mobile Accessories,Mumbai,Guangzhou Imports,146.71,375.65,5,5,2024-11-19,2024-11-24,1144.7,False,11,2024
ORD00776,Smart Watches,Smart Watches,Thane,Guangzhou Imports,790.26,2066.15,4,3,2023-12-07,2023-12-10,5103.56,False,12,2023
ORD00777,Bluetooth Speakers,Bluetooth Speakers,Nashik,Dragon Supply Co,368.43,818.87,4,10,2024-12-04,2024-12-14,1801.76,False,12,2024
ORD00778,Kitchen Gadgets,Kitchen Gadgets,Pune,Yiwu Global Trade,297.18,707.56,1,2,2023-12-10,2023-12-12,410.38,False,12,2023
ORD00779,Home Decor,Home Decor,Nashik,Yiwu Global Trade,216.4,510.44,7,4,2024-07-06,2024-07-10,2058.28,False,7,2024
ORD00780,Smart Watches,Smart Watches,Pune,Shenzhen Traders,709.9,1798.43,9,4,2023-07-02,2023-07-06,9796.77,False,7,2023
ORD00781,Mobile Accessories,Mobile Accessories,Pune,Yiwu Global Trade,108.45,237.13,5,2,2024-02-01,2024-02-03,643.4,False,2,2024
ORD00782,Mobile Accessories,Mobile Accessories,Aurangabad,Guangzhou Imports,178.78,494.69,2,4,2023-05-07,2023-05-11,631.82,False,5,2023
ORD00783,Mobile Accessories,Mobile Accessories,Thane,Yiwu Global Trade,122.28,305.69,2,3,2023-01-01,2023-01-04,366.82,False,1,2023
ORD00784,Smart Watches,Smart Watches,Mumbai,Shenzhen Traders,1391.26,3563.1,5,4,2023-04-19,2023-04-23,10859.2,False,4,2023
ORD00785,Mobile Accessories,Mobile Accessories,Mumbai,Yiwu Global Trade,246.88,716.94,2,3,2023-08-28,2023-08-31,940.12,False,8,2023
ORD00786,Bluetooth Speakers,Bluetooth Speakers,Mumbai,Dragon Supply Co,557.77,1342.6,1,11,2023-06-23,2023-07-04,784.83,False,6,2023
ORD00787,LED Lights,LED Lights,Nashik,Dragon Supply Co,314.17,798.85,1,17,2024-03-06,2024-03-23,484.68,False,3,2024
ORD00788,Kitchen Gadgets,Kitchen Gadgets,Nagpur,Yiwu Global Trade,204.16,514.8,2,3,2023-11-20,2023-11-23,621.28,False,11,2023
ORD00789,Kitchen Gadgets,Kitchen Gadgets,Mumbai,Yiwu Global Trade,160.31,379.31,6,3,2024-09-30,2024-10-03,1314.0,False,9,2024
ORD00790,Smart Watches,Smart Watches,Mumbai,Guangzhou Imports,1383.73,3187.06,13,3,2023-03-25,2023-03-28,23443.29,False,3,2023
ORD00791,LED Lights,LED Lights,Thane,Dragon Supply Co,237.31,645.72,1,11,2023-11-28,2023-12-09,408.41,False,11,2023
ORD00792,Kitchen Gadgets,Kitchen Gadgets,Mumbai,Guangzhou Imports,297.64,830.17,6,5,2023-04-15,2023-04-20,3195.18,False,4,2023
ORD00793,Smart Watches,Smart Watches,Pune,Guangzhou Imports,1020.33,2119.23,3,5,2023-09-23,2023-09-28,3296.7,False,9,2023
ORD00794,LED Lights,LED Lights,Mumbai,Shenzhen Traders,187.51,395.09,1,3,2024-03-29,2024-04-01,207.58,False,3,2024
ORD00795,LED Lights,LED Lights,Nashik,Dragon Supply Co,306.2,827.14,4,11,2024-05-28,2024-06-08,2083.76,False,5,2024
ORD00796,Smart Watches,Smart Watches,Nagpur,Shenzhen Traders,731.51,2007.39,2,5,2023-09-25,2023-09-30,2551.76,False,9,2023
ORD00797,Bluetooth Speakers,Bluetooth Speakers,Pune,Dragon Supply Co,701.4,1509.87,5,0,2023-11-07,2023-11-07,4042.35,False,11,2023
ORD00798,Bluetooth Speakers,Bluetooth Speakers,Thane,Shenzhen Traders,382.07,890.93,9,5,2023-10-06,2023-10-11,4579.74,False,10,2023
ORD00799,Home Decor,Home Decor,Thane,Yiwu Global Trade,107.93,267.74,11,2,2023-10-21,2023-10-23,1757.91,False,10,2023
ORD00800,LED Lights,LED Lights,Nagpur,Shenzhen Traders,225.47,569.58,1,7,2024-09-02,2024-09-09,344.11,False,9,2024
ORD00801,Home Decor,Home Decor,Nagpur,Yiwu Global Trade,218.37,692.22,2,2,2023-03-14,2023-03-16,947.7,False,3,2023
ORD00802,Kitchen Gadgets,Kitchen Gadgets,Nashik,Guangzhou Imports,302.66,751.92,3,10,2024-03-26,2024-04-05,1347.78,False,3,2024
ORD00803,Mobile Accessories,Mobile Accessories,Pune,Yiwu Global Trade,191.78,488.55,10,1,2023-06-21,2023-06-22,2967.7,False,6,2023
ORD00804,Smart Watches,Smart Watches,Nagpur,Guangzhou Imports,1796.38,4806.9,1,3,2024-07-13,2024-07-16,3010.52,False,7,2024
ORD00805,Home Decor,Home Decor,Thane,Dragon Supply Co,164.39,413.1,5,4,2023-04-28,2023-05-02,1243.55,False,4,2023
ORD00806,Bluetooth Speakers,Bluetooth Speakers,Pune,Shenzhen Traders,598.82,1078.06,1,6,2024-03-15,2024-03-21,479.24,True,3,2024
ORD00807,LED Lights,LED Lights,Nagpur,Dragon Supply Co,304.23,910.69,1,7,2023-01-07,2023-01-14,606.46,False,1,2023
ORD00808,Smart Watches,Smart Watches,Mumbai,Shenzhen Traders,1012.14,2648.99,2,5,2023-05-28,2023-06-02,3273.7,False,5,2023
ORD00809,Smart Watches,Smart Watches,Mumbai,Shenzhen Traders,1179.43,2506.15,7,1,2023-07-21,2023-07-22,9287.04,False,7,2023
ORD00810,Kitchen Gadgets,Kitchen Gadgets,Mumbai,Yiwu Global Trade,330.88,722.22,9,4,2024-04-23,2024-04-27,3522.06,False,4,2024
ORD00811,Mobile Accessories,Mobile Accessories,Nashik,Guangzhou Imports,214.79,438.61,2,8,2024-01-30,2024-02-07,447.64,False,1,2024
ORD00812,Home Decor,Home Decor,Nagpur,Yiwu Global Trade,159.09,501.14,1,4,2024-11-18,2024-11-22,342.05,False,11,2024
ORD00813,LED Lights,LED Lights,Thane,Shenzhen Traders,260.25,749.47,4,4,2023-07-23,2023-07-27,1956.88,False,7,2023
ORD00814,LED Lights,LED Lights,Nashik,Shenzhen Traders,383.87,1124.22,2,4,2024-07-10,2024-07-14,1480.7,False,7,2024
ORD00815,Home Decor,Home Decor,Mumbai,Dragon Supply Co,210.61,550.77,1,8,2023-06-04,2023-06-12,340.16,False,6,2023
ORD00816,Smart Watches,Smart Watches,Mumbai,Shenzhen Traders,1424.68,3986.1,1,5,2024-07-16,2024-07-21,2561.42,False,7,2024
ORD00817,Kitchen Gadgets,Kitchen Gadgets,Mumbai,Yiwu Global Trade,195.34,479.54,3,3,2023-05-05,2023-05-08,852.6,False,5,2023
ORD00818,LED Lights,LED Lights,Nagpur,Dragon Supply Co,191.83,322.17,2,7,2023-05-05,2023-05-12,260.68,True,5,2023
ORD00819,Kitchen Gadgets,Kitchen Gadgets,Thane,Guangzhou Imports,153.9,341.87,2,6,2023-05-04,2023-05-10,375.94,False,5,2023
ORD00820,Bluetooth Speakers,Bluetooth Speakers,Nashik,Shenzhen Traders,457.85,1067.34,18,5,2023-07-20,2023-07-25,10970.82,False,7,2023
ORD00821,Mobile Accessories,Mobile Accessories,Mumbai,Guangzhou Imports,212.05,477.7,5,5,2023-03-18,2023-03-23,1328.25,False,3,2023
ORD00822,LED Lights,LED Lights,Nashik,Shenzhen Traders,281.65,661.4,1,4,2024-11-04,2024-11-08,379.75,False,11,2024
ORD00823,Kitchen Gadgets,Kitchen Gadgets,Thane,Yiwu Global Trade,164.01,396.04,8,4,2024-01-14,2024-01-18,1856.24,False,1,2024
ORD00824,Bluetooth Speakers,Bluetooth Speakers,Pune,Dragon Supply Co,858.32,1771.09,1,6,2023-04-19,2023-04-25,912.77,False,4,2023
ORD00825,Mobile Accessories,Mobile Accessories,Mumbai,Guangzhou Imports,89.27,279.28,3,2,2024-05-11,2024-05-13,570.03,False,5,2024
ORD00826,Smart Watches,Smart Watches,Pune,Shenzhen Traders,1574.92,3534.27,4,5,2023-05-19,2023-05-24,7837.4,False,5,2023
ORD00827,Smart Watches,Smart Watches,Nashik,Shenzhen Traders,893.66,2177.97,1,4,2024-05-13,2024-05-17,1284.31,False,5,2024
ORD00828,Kitchen Gadgets,Kitchen Gadgets,Nagpur,Guangzhou Imports,378.0,1030.26,7,4,2024-03-10,2024-03-14,4565.82,False,3,2024
ORD00829,Bluetooth Speakers,Bluetooth Speakers,Mumbai,Dragon Supply Co,383.06,781.63,11,14,2023-04-09,2023-04-23,4384.27,False,4,2023
ORD00830,Smart Watches,Smart Watches,Pune,Shenzhen Traders,1736.95,3566.44,6,7,2023-06-14,2023-06-21,10976.94,False,6,2023
ORD00831,Home Decor,Home Decor,Thane,Dragon Supply Co,94.39,314.1,1,22,2024-06-03,2024-06-25,219.71,False,6,2024
ORD00832,Mobile Accessories,Mobile Accessories,Pune,Yiwu Global Trade,200.65,615.08,1,1,2024-10-20,2024-10-21,414.43,False,10,2024
ORD00833,Kitchen Gadgets,Kitchen Gadgets,Mumbai,Yiwu Global Trade,250.17,628.47,13,3,2023-04-01,2023-04-04,4917.9,False,4,2023
ORD00834,LED Lights,LED Lights,Mumbai,Shenzhen Traders,307.06,716.55,1,7,2023-05-20,2023-05-27,409.49,False,5,2023
ORD00835,Mobile Accessories,Mobile Accessories,Pune,Guangzhou Imports,139.83,374.09,4,6,2024-01-30,2024-02-05,937.04,False,1,2024
ORD00836,Kitchen Gadgets,Kitchen Gadgets,Thane,Guangzhou Imports,282.71,817.26,1,4,2024-07-11,2024-07-15,534.55,False,7,2024
ORD00837,LED Lights,LED Lights,Mumbai,Dragon Supply Co,262.03,627.0,1,10,2024-08-04,2024-08-14,364.97,False,8,2024
ORD00838,Home Decor,Home Decor,Nagpur,Dragon Supply Co,245.94,820.09,4,8,2024-08-04,2024-08-12,2296.6,False,8,2024
ORD00839,Bluetooth Speakers,Bluetooth Speakers,Nagpur,Dragon Supply Co,584.56,1238.49,2,12,2023-08-16,2023-08-28,1307.86,False,8,2023
ORD00840,Bluetooth Speakers,Bluetooth Speakers,Mumbai,Dragon Supply Co,426.22,971.33,5,5,2024-02-03,2024-02-08,2725.55,False,2,2024
ORD00841,Mobile Accessories,Mobile Accessories,Nashik,Yiwu Global Trade,232.77,715.39,4,4,2024-12-04,2024-12-08,1930.48,False,12,2024
ORD00842,Mobile Accessories,Mobile Accessories,Pune,Guangzhou Imports,174.75,546.63,3,6,2023-03-23,2023-03-29,1115.64,False,3,2023
ORD00843,Smart Watches,Smart Watches,Nashik,Shenzhen Traders,1530.25,4137.96,8,5,2024-11-17,2024-11-22,20861.68,False,11,2024
ORD00844,Bluetooth Speakers,Bluetooth Speakers,Pune,Shenzhen Traders,863.57,2181.28,23,4,2023-02-17,2023-02-21,30307.33,False,2,2023
ORD00845,Smart Watches,Smart Watches,Thane,Shenzhen Traders,772.79,1659.8,1,1,2023-04-26,2023-04-27,887.01,False,4,2023
ORD00846,Kitchen Gadgets,Kitchen Gadgets,Nagpur,Guangzhou Imports,279.21,736.2,2,8,2023-05-27,2023-06-04,913.98,False,5,2023
ORD00847,LED Lights,LED Lights,Mumbai,Dragon Supply Co,367.16,783.55,5,20,2023-11-19,2023-12-09,2081.95,False,11,2023
ORD00848,Bluetooth Speakers,Bluetooth Speakers,Mumbai,Shenzhen Traders,563.1,1256.67,10,4,2023-10-14,2023-10-18,6935.7,False,10,2023
ORD00849,Mobile Accessories,Mobile Accessories,Pune,Guangzhou Imports,244.7,757.5,3,9,2023-04-24,2023-05-03,1538.4,False,4,2023
ORD00850,Mobile Accessories,Mobile Accessories,Thane,Guangzhou Imports,91.24,282.66,3,8,2024-07-19,2024-07-27,574.26,False,7,2024
ORD00851,Kitchen Gadgets,Kitchen Gadgets,Nashik,Guangzhou Imports,345.36,1001.14,2,9,2023-11-16,2023-11-25,1311.56,False,11,2023
ORD00852,LED Lights,LED Lights,Nashik,Dragon Supply Co,274.6,807.09,8,6,2024-10-25,2024-10-31,4259.92,False,10,2024
ORD00853,Kitchen Gadgets,Kitchen Gadgets,Nagpur,Yiwu Global Trade,237.42,675.3,18,3,2023-10-13,2023-10-16,7881.84,False,10,2023
ORD00854,Mobile Accessories,Mobile Accessories,Aurangabad,Yiwu Global Trade,86.67,203.01,1,3,2023-11-23,2023-11-26,116.34,False,11,2023
ORD00855,LED Lights,LED Lights,Mumbai,Shenzhen Traders,275.53,634.97,8,5,2024-08-01,2024-08-06,2875.52,False,8,2024
ORD00856,Bluetooth Speakers,Bluetooth Speakers,Pune,Dragon Supply Co,687.22,1331.96,1,12,2024-07-02,2024-07-14,644.74,False,7,2024
ORD00857,Mobile Accessories,Mobile Accessories,Thane,Yiwu Global Trade,156.79,440.85,8,4,2024-10-09,2024-10-13,2272.48,False,10,2024
ORD00858,Kitchen Gadgets,Kitchen Gadgets,Pune,Yiwu Global Trade,204.1,433.19,7,3,2024-11-06,2024-11-09,1603.63,False,11,2024
ORD00859,Home Decor,Home Decor,Thane,Yiwu Global Trade,110.74,290.28,1,2,2024-12-03,2024-12-05,179.54,False,12,2024
ORD00860,Home Decor,Home Decor,Nashik,Yiwu Global Trade,118.42,278.1,5,2,2024-01-19,2024-01-21,798.4,False,1,2024
ORD00861,Smart Watches,Smart Watches,Nagpur,Shenzhen Traders,1091.7,2874.29,2,8,2023-12-24,2024-01-01,3565.18,False,12,2023
ORD00862,Mobile Accessories,Mobile Accessories,Nagpur,Yiwu Global Trade,87.46,178.35,7,3,2024-11-15,2024-11-18,636.23,False,11,2024
ORD00863,Home Decor,Home Decor,Mumbai,Yiwu Global Trade,123.26,394.42,16,1,2023-02-14,2023-02-15,4338.56,False,2,2023
ORD00864,Smart Watches,Smart Watches,Nashik,Guangzhou Imports,1755.11,3915.69,4,6,2024-10-18,2024-10-24,8642.32,False,10,2024
ORD00865,Mobile Accessories,Mobile Accessories,Mumbai,Guangzhou Imports,210.12,381.81,6,1,2024-01-15,2024-01-16,1030.14,False,1,2024
ORD00866,Bluetooth Speakers,Bluetooth Speakers,Nagpur,Dragon Supply Co,621.41,1275.02,8,5,2024-05-22,2024-05-27,5228.88,False,5,2024
ORD00867,Bluetooth Speakers,Bluetooth Speakers,Pune,Shenzhen Traders,680.67,1296.4,7,3,2024-03-26,2024-03-29,4310.11,False,3,2024
ORD00868,Smart Watches,Smart Watches,Mumbai,Shenzhen Traders,820.49,1448.85,1,5,2023-01-27,2023-02-01,628.36,True,1,2023
ORD00869,LED Lights,LED Lights,Pune,Dragon Supply Co,201.05,423.99,3,12,2023-08-19,2023-08-31,668.82,False,8,2023
ORD00870,Mobile Accessories,Mobile Accessories,Nagpur,Yiwu Global Trade,197.56,520.17,1,1,2024-03-12,2024-03-13,322.61,False,3,2024
ORD00871,Mobile Accessories,Mobile Accessories,Nashik,Yiwu Global Trade,141.23,261.3,2,2,2024-02-07,2024-02-09,240.14,False,2,2024
ORD00872,Smart Watches,Smart Watches,Thane,Guangzhou Imports,1593.3,4153.34,8,7,2023-12-03,2023-12-10,20480.32,False,12,2023
ORD00873,LED Lights,LED Lights,Pune,Dragon Supply Co,209.29,598.45,3,18,2024-06-27,2024-07-15,1167.48,False,6,2024
ORD00874,Bluetooth Speakers,Bluetooth Speakers,Nashik,Dragon Supply Co,686.63,1357.13,5,15,2024-07-17,2024-08-01,3352.5,False,7,2024
ORD00875,Home Decor,Home Decor,Pune,Yiwu Global Trade,248.39,848.02,3,2,2023-01-14,2023-01-16,1798.89,False,1,2023
ORD00876,Smart Watches,Smart Watches,Nagpur,Guangzhou Imports,1013.96,2454.1,4,2,2023-01-22,2023-01-24,5760.56,False,1,2023
ORD00877,Smart Watches,Smart Watches,Nagpur,Shenzhen Traders,1220.86,3153.91,1,2,2023-09-17,2023-09-19,1933.05,False,9,2023
ORD00878,Mobile Accessories,Mobile Accessories,Nashik,Guangzhou Imports,246.47,310.93,1,8,2024-09-22,2024-09-30,64.46,True,9,2024
ORD00879,Home Decor,Home Decor,Nashik,Yiwu Global Trade,137.69,413.06,1,2,2023-10-17,2023-10-19,275.37,False,10,2023
ORD00880,LED Lights,LED Lights,Pune,Dragon Supply Co,373.45,826.2,4,9,2024-12-16,2024-12-25,1811.0,False,12,2024
ORD00881,Home Decor,Home Decor,Mumbai,Dragon Supply Co,105.6,273.54,1,5,2024-03-16,2024-03-21,167.94,False,3,2024
ORD00882,LED Lights,LED Lights,Nashik,Shenzhen Traders,261.93,713.6,4,4,2023-04-06,2023-04-10,1806.68,False,4,2023
ORD00883,LED Lights,LED Lights,Mumbai,Shenzhen Traders,380.12,1110.82,1,5,2023-07-28,2023-08-02,730.7,False,7,2023
ORD00884,Bluetooth Speakers,Bluetooth Speakers,Nagpur,Dragon Supply Co,614.82,1438.09,11,4,2023-06-06,2023-06-10,9055.97,False,6,2023
ORD00885,Kitchen Gadgets,Kitchen Gadgets,Pune,Guangzhou Imports,331.68,681.44,2,8,2024-09-24,2024-10-02,699.52,True,9,2024
ORD00886,Kitchen Gadgets,Kitchen Gadgets,Nagpur,Guangzhou Imports,296.33,539.25,4,4,2024-03-03,2024-03-07,971.68,True,3,2024
ORD00887,Kitchen Gadgets,Kitchen Gadgets,Thane,Guangzhou Imports,350.89,848.53,3,7,2023-05-21,2023-05-28,1492.92,False,5,2023
ORD00888,Smart Watches,Smart Watches,Pune,Shenzhen Traders,1081.53,2625.33,1,3,2024-11-21,2024-11-24,1543.8,False,11,2024
ORD00889,Kitchen Gadgets,Kitchen Gadgets,Mumbai,Guangzhou Imports,150.38,421.68,1,8,2024-11-28,2024-12-06,271.3,False,11,2024
ORD00890,Smart Watches,Smart Watches,Mumbai,Shenzhen Traders,749.82,2025.74,9,4,2024-12-29,2025-01-02,11483.28,False,12,2024
ORD00891,Smart Watches,Smart Watches,Nagpur,Shenzhen Traders,851.26,1370.15,1,5,2023-06-24,2023-06-29,518.89,True,6,2023
ORD00892,Mobile Accessories,Mobile Accessories,Pune,Guangzhou Imports,84.24,208.56,6,9,2024-06-19,2024-06-28,745.92,False,6,2024
ORD00893,Mobile Accessories,Mobile Accessories,Thane,Yiwu Global Trade,204.51,518.04,5,2,2024-03-27,2024-03-29,1567.65,False,3,2024
ORD00894,Mobile Accessories,Mobile Accessories,Thane,Guangzhou Imports,239.46,657.89,7,5,2024-12-23,2024-12-28,2929.01,False,12,2024
ORD00895,Home Decor,Home Decor,Pune,Yiwu Global Trade,254.15,512.2,3,3,2023-04-11,2023-04-14,774.15,True,4,2023
ORD00896,LED Lights,LED Lights,Pune,Shenzhen Traders,393.4,827.36,4,3,2023-12-21,2023-12-24,1735.84,False,12,2023
ORD00897,Home Decor,Home Decor,Mumbai,Dragon Supply Co,264.45,801.42,9,7,2024-10-19,2024-10-26,4832.73,False,10,2024
ORD00898,Mobile Accessories,Mobile Accessories,Mumbai,Guangzhou Imports,170.49,491.34,3,6,2024-02-01,2024-02-07,962.55,False,2,2024
ORD00899,Smart Watches,Smart Watches,Mumbai,Shenzhen Traders,781.63,2162.49,2,4,2024-06-11,2024-06-15,2761.72,False,6,2024
ORD00900,LED Lights,LED Lights,Nagpur,Shenzhen Traders,311.85,708.23,5,5,2023-04-10,2023-04-15,1981.9,False,4,2023
ORD00901,Smart Watches,Smart Watches,Mumbai,Shenzhen Traders,1008.08,2735.72,1,5,2023-06-22,2023-06-27,1727.64,False,6,2023
ORD00902,LED Lights,LED Lights,Mumbai,Shenzhen Traders,396.79,813.6,10,3,2023-10-01,2023-10-04,4168.1,False,10,2023
ORD00903,LED Lights,LED Lights,Pune,Dragon Supply Co,349.12,1009.4,7,16,2023-11-22,2023-12-08,4621.96,False,11,2023
ORD00904,Home Decor,Home Decor,Nagpur,Dragon Supply Co,161.86,528.1,4,5,2024-03-13,2024-03-18,1464.96,False,3,2024
ORD00905,Home Decor,Home Decor,Aurangabad,Yiwu Global Trade,263.82,740.12,2,2,2024-06-16,2024-06-18,952.6,False,6,2024
ORD00906,Home Decor,Home Decor,Mumbai,Dragon Supply Co,161.39,490.26,9,8,2023-04-28,2023-05-06,2959.83,False,4,2023
ORD00907,Bluetooth Speakers,Bluetooth Speakers,Aurangabad,Dragon Supply Co,429.05,1084.21,2,1,2024-07-18,2024-07-19,1310.32,False,7,2024
ORD00908,Smart Watches,Smart Watches,Mumbai,Guangzhou Imports,1704.85,3860.23,3,2,2024-02-02,2024-02-04,6466.14,False,2,2024
ORD00909,Smart Watches,Smart Watches,Pune,Guangzhou Imports,725.17,1515.83,3,13,2024-01-22,2024-02-04,2371.98,False,1,2024
ORD00910,Mobile Accessories,Mobile Accessories,Thane,Yiwu Global Trade,182.75,361.54,6,3,2024-06-19,2024-06-22,1072.74,False,6,2024
ORD00911,Home Decor,Home Decor,Pune,Yiwu Global Trade,239.37,773.2,14,5,2024-02-13,2024-02-18,7473.62,False,2,2024
ORD00912,Bluetooth Speakers,Bluetooth Speakers,Mumbai,Shenzhen Traders,484.03,973.54,7,4,2023-04-29,2023-05-03,3426.57,False,4,2023
ORD00913,LED Lights,LED Lights,Mumbai,Dragon Supply Co,346.57,842.56,1,5,2024-11-17,2024-11-22,495.99,False,11,2024
ORD00914,Kitchen Gadgets,Kitchen Gadgets,Nagpur,Guangzhou Imports,181.4,489.12,7,6,2023-06-24,2023-06-30,2154.04,False,6,2023
ORD00915,Home Decor,Home Decor,Mumbai,Dragon Supply Co,227.1,416.98,1,0,2024-11-04,2024-11-04,189.88,True,11,2024
ORD00916,Bluetooth Speakers,Bluetooth Speakers,Pune,Dragon Supply Co,573.19,1329.1,8,5,2024-10-26,2024-10-31,6047.28,False,10,2024
ORD00917,Kitchen Gadgets,Kitchen Gadgets,Pune,Guangzhou Imports,287.7,620.09,2,8,2024-06-02,2024-06-10,664.78,False,6,2024
ORD00918,Mobile Accessories,Mobile Accessories,Thane,Guangzhou Imports,192.35,468.21,12,1,2024-10-08,2024-10-09,3310.32,False,10,2024
ORD00919,Kitchen Gadgets,Kitchen Gadgets,Mumbai,Guangzhou Imports,297.19,708.78,1,6,2023-11-03,2023-11-09,411.59,False,11,2023
ORD00920,Home Decor,Home Decor,Thane,Dragon Supply Co,305.44,956.98,2,10,2024-12-29,2025-01-08,1303.08,False,12,2024
ORD00921,LED Lights,LED Lights,Nagpur,Shenzhen Traders,302.5,861.41,3,3,2023-02-14,2023-02-17,1676.73,False,2,2023
ORD00922,LED Lights,LED Lights,Thane,Dragon Supply Co,412.3,824.95,12,8,2024-05-03,2024-05-11,4951.8,False,5,2024
ORD00923,Smart Watches,Smart Watches,Thane,Shenzhen Traders,1645.53,3600.74,3,3,2023-08-14,2023-08-17,5865.63,False,8,2023
ORD00924,Bluetooth Speakers,Bluetooth Speakers,Nashik,Shenzhen Traders,573.32,1263.96,4,7,2023-08-06,2023-08-13,2762.56,False,8,2023
ORD00925,Mobile Accessories,Mobile Accessories,Mumbai,Yiwu Global Trade,174.42,519.89,15,3,2023-04-14,2023-04-17,5182.05,False,4,2023
ORD00926,Bluetooth Speakers,Bluetooth Speakers,Mumbai,Dragon Supply Co,830.0,1154.96,9,9,2024-06-23,2024-07-02,2924.64,True,6,2024
ORD00927,Home Decor,Home Decor,Mumbai,Yiwu Global Trade,293.52,896.79,2,2,2024-06-12,2024-06-14,1206.54,False,6,2024
ORD00928,Mobile Accessories,Mobile Accessories,Mumbai,Guangzhou Imports,217.01,651.94,10,5,2023-01-26,2023-01-31,4349.3,False,1,2023
ORD00929,Home Decor,Home Decor,Nagpur,Dragon Supply Co,194.51,535.17,4,10,2024-05-21,2024-05-31,1362.64,False,5,2024
ORD00930,Bluetooth Speakers,Bluetooth Speakers,Mumbai,Shenzhen Traders,583.62,1111.91,18,3,2023-12-26,2023-12-29,9509.22,False,12,2023
ORD00931,Home Decor,Home Decor,Nashik,Yiwu Global Trade,151.93,517.25,5,4,2024-02-16,2024-02-20,1826.6,False,2,2024
ORD00932,LED Lights,LED Lights,Nagpur,Shenzhen Traders,349.17,737.85,9,2,2024-07-22,2024-07-24,3498.12,False,7,2024
ORD00933,Home Decor,Home Decor,Mumbai,Yiwu Global Trade,258.2,898.19,6,3,2024-05-03,2024-05-06,3839.94,False,5,2024
ORD00934,Smart Watches,Smart Watches,Pune,Guangzhou Imports,1251.86,3114.7,4,6,2024-08-18,2024-08-24,7451.36,False,8,2024
ORD00935,Home Decor,Home Decor,Nashik,Yiwu Global Trade,214.02,632.11,1,1,2024-04-03,2024-04-04,418.09,False,4,2024
ORD00936,Smart Watches,Smart Watches,Pune,Shenzhen Traders,1239.56,2944.43,2,2,2023-01-15,2023-01-17,3409.74,False,1,2023
ORD00937,Bluetooth Speakers,Bluetooth Speakers,Aurangabad,Shenzhen Traders,789.02,1161.21,5,3,2023-05-02,2023-05-05,1860.95,True,5,2023
ORD00938,Kitchen Gadgets,Kitchen Gadgets,Nashik,Guangzhou Imports,266.56,574.51,6,4,2024-08-20,2024-08-24,1847.7,False,8,2024
ORD00939,Mobile Accessories,Mobile Accessories,Nashik,Guangzhou Imports,129.6,256.95,4,4,2024-08-12,2024-08-16,509.4,True,8,2024
ORD00940,Bluetooth Speakers,Bluetooth Speakers,Mumbai,Dragon Supply Co,392.27,960.53,3,8,2024-06-01,2024-06-09,1704.78,False,6,2024
ORD00941,Kitchen Gadgets,Kitchen Gadgets,Mumbai,Guangzhou Imports,186.81,516.96,13,3,2024-03-03,2024-03-06,4291.95,False,3,2024
ORD00942,Kitchen Gadgets,Kitchen Gadgets,Nashik,Yiwu Global Trade,216.14,488.01,9,3,2023-11-27,2023-11-30,2446.83,False,11,2023
ORD00943,Mobile Accessories,Mobile Accessories,Mumbai,Yiwu Global Trade,169.66,313.25,2,2,2024-06-06,2024-06-08,287.18,False,6,2024
ORD00944,Mobile Accessories,Mobile Accessories,Thane,Guangzhou Imports,207.97,494.58,14,6,2024-08-02,2024-08-08,4012.54,False,8,2024
ORD00945,Home Decor,Home Decor,Nashik,Dragon Supply Co,128.48,379.16,3,9,2024-07-13,2024-07-22,752.04,False,7,2024
ORD00946,LED Lights,LED Lights,Thane,Dragon Supply Co,207.84,450.51,2,12,2023-11-28,2023-12-10,485.34,False,11,2023
ORD00947,Smart Watches,Smart Watches,Nashik,Guangzhou Imports,1515.29,3676.12,12,4,2024-08-23,2024-08-27,25929.96,False,8,2024
ORD00948,Home Decor,Home Decor,Pune,Dragon Supply Co,123.38,287.71,1,6,2023-06-03,2023-06-09,164.33,True,6,2023
ORD00949,Bluetooth Speakers,Bluetooth Speakers,Nashik,Shenzhen Traders,878.97,2090.2,7,4,2024-09-11,2024-09-15,8478.61,False,9,2024
ORD00950,Kitchen Gadgets,Kitchen Gadgets,Aurangabad,Guangzhou Imports,232.26,679.65,14,7,2024-03-25,2024-04-01,6263.46,False,3,2024
ORD00951,Smart Watches,Smart Watches,Mumbai,Guangzhou Imports,763.02,1925.46,1,11,2024-06-03,2024-06-14,1162.44,False,6,2024
ORD00952,Home Decor,Home Decor,Nashik,Yiwu Global Trade,225.41,553.02,2,2,2024-05-09,2024-05-11,655.22,False,5,2024
ORD00953,Home Decor,Home Decor,Pune,Yiwu Global Trade,92.43,204.36,5,3,2024-03-02,2024-03-05,559.65,False,3,2024
ORD00954,Bluetooth Speakers,Bluetooth Speakers,Nagpur,Dragon Supply Co,727.02,1560.23,3,2,2023-04-03,2023-04-05,2499.63,False,4,2023
ORD00955,Smart Watches,Smart Watches,Mumbai,Shenzhen Traders,1362.31,2786.61,10,2,2023-05-17,2023-05-19,14243.0,False,5,2023
ORD00956,Mobile Accessories,Mobile Accessories,Nashik,Guangzhou Imports,100.4,301.1,2,9,2023-06-05,2023-06-14,401.4,False,6,2023
ORD00957,Home Decor,Home Decor,Thane,Yiwu Global Trade,250.0,632.33,1,2,2023-06-20,2023-06-22,382.33,False,6,2023
ORD00958,LED Lights,LED Lights,Thane,Dragon Supply Co,246.33,597.84,6,11,2024-07-20,2024-07-31,2109.06,False,7,2024
ORD00959,Smart Watches,Smart Watches,Mumbai,Guangzhou Imports,735.1,1927.2,2,4,2024-08-25,2024-08-29,2384.2,False,8,2024
ORD00960,Smart Watches,Smart Watches,Mumbai,Shenzhen Traders,1584.72,3395.01,1,1,2024-10-14,2024-10-15,1810.29,False,10,2024
ORD00961,Mobile Accessories,Mobile Accessories,Mumbai,Yiwu Global Trade,163.65,327.53,1,6,2023-09-22,2023-09-28,163.88,False,9,2023
ORD00962,Mobile Accessories,Mobile Accessories,Thane,Guangzhou Imports,201.62,392.07,2,1,2023-11-23,2023-11-24,380.9,False,11,2023
ORD00963,Kitchen Gadgets,Kitchen Gadgets,Thane,Guangzhou Imports,124.88,318.19,6,0,2024-02-08,2024-02-08,1159.86,False,2,2024
ORD00964,LED Lights,LED Lights,Nashik,Shenzhen Traders,243.94,658.65,28,6,2023-10-01,2023-10-07,11611.88,False,10,2023
ORD00965,Kitchen Gadgets,Kitchen Gadgets,Pune,Yiwu Global Trade,364.38,926.11,2,1,2024-11-23,2024-11-24,1123.46,False,11,2024
ORD00966,Home Decor,Home Decor,Nagpur,Yiwu Global Trade,90.76,312.25,9,3,2023-02-27,2023-03-02,1993.41,False,2,2023
ORD00967,Bluetooth Speakers,Bluetooth Speakers,Nagpur,Dragon Supply Co,864.27,1859.25,1,1,2024-02-08,2024-02-09,994.98,False,2,2024
ORD00968,Bluetooth Speakers,Bluetooth Speakers,Nagpur,Dragon Supply Co,877.35,1722.65,2,9,2023-04-15,2023-04-24,1690.6,False,4,2023
ORD00969,Smart Watches,Smart Watches,Thane,Shenzhen Traders,1524.52,3402.68,1,3,2023-07-12,2023-07-15,1878.16,False,7,2023
ORD00970,Kitchen Gadgets,Kitchen Gadgets,Aurangabad,Yiwu Global Trade,291.79,691.25,4,3,2024-08-02,2024-08-05,1597.84,False,8,2024
ORD00971,LED Lights,LED Lights,Pune,Dragon Supply Co,392.45,956.79,5,0,2024-10-12,2024-10-12,2821.7,False,10,2024
ORD00972,LED Lights,LED Lights,Mumbai,Shenzhen Traders,419.13,938.22,1,2,2024-02-07,2024-02-09,519.09,False,2,2024
ORD00973,Kitchen Gadgets,Kitchen Gadgets,Pune,Guangzhou Imports,370.89,1049.84,9,10,2023-07-18,2023-07-28,6110.55,False,7,2023
ORD00974,LED Lights,LED Lights,Pune,Shenzhen Traders,261.05,710.32,3,3,2023-03-25,2023-03-28,1347.81,False,3,2023
ORD00975,Mobile Accessories,Mobile Accessories,Aurangabad,Yiwu Global Trade,227.93,581.49,1,2,2024-09-19,2024-09-21,353.56,False,9,2024
ORD00976,Mobile Accessories,Mobile Accessories,Mumbai,Guangzhou Imports,104.07,282.59,10,2,2023-04-22,2023-04-24,1785.2,False,4,2023
ORD00977,Kitchen Gadgets,Kitchen Gadgets,Mumbai,Yiwu Global Trade,288.68,609.96,1,0,2024-05-08,2024-05-08,321.28,False,5,2024
ORD00978,Smart Watches,Smart Watches,Pune,Shenzhen Traders,846.29,2092.73,11,4,2023-10-07,2023-10-11,13710.84,False,10,2023
ORD00979,LED Lights,LED Lights,Pune,Shenzhen Traders,371.8,825.61,6,2,2023-07-08,2023-07-10,2722.86,False,7,2023
ORD00980,Bluetooth Speakers,Bluetooth Speakers,Thane,Shenzhen Traders,890.21,2114.14,1,6,2023-01-04,2023-01-10,1223.93,False,1,2023
ORD00981,Home Decor,Home Decor,Pune,Yiwu Global Trade,311.88,772.59,4,2,2024-03-08,2024-03-10,1842.84,False,3,2024
ORD00982,Mobile Accessories,Mobile Accessories,Mumbai,Yiwu Global Trade,126.56,362.03,2,1,2024-08-03,2024-08-04,470.94,False,8,2024
ORD00983,Smart Watches,Smart Watches,Pune,Shenzhen Traders,1714.53,3484.88,6,2,2023-06-30,2023-07-02,10622.1,False,6,2023
ORD00984,Home Decor,Home Decor,Thane,Dragon Supply Co,93.59,185.6,1,9,2024-10-11,2024-10-20,92.01,True,10,2024
ORD00985,Mobile Accessories,Mobile Accessories,Nashik,Guangzhou Imports,180.93,397.54,2,2,2024-09-06,2024-09-08,433.22,False,9,2024
ORD00986,Bluetooth Speakers,Bluetooth Speakers,Mumbai,Dragon Supply Co,701.9,1590.62,1,5,2024-11-21,2024-11-26,888.72,False,11,2024
ORD00987,Mobile Accessories,Mobile Accessories,Nagpur,Guangzhou Imports,201.92,536.48,6,2,2023-02-07,2023-02-09,2007.36,False,2,2023
ORD00988,Smart Watches,Smart Watches,Pune,Guangzhou Imports,1291.37,2780.99,5,11,2023-12-09,2023-12-20,7448.1,False,12,2023
ORD00989,LED Lights,LED Lights,Thane,Dragon Supply Co,416.83,1045.22,2,13,2024-06-25,2024-07-08,1256.78,False,6,2024
ORD00990,Home Decor,Home Decor,Mumbai,Yiwu Global Trade,134.56,435.38,1,3,2023-07-25,2023-07-28,300.82,False,7,2023
ORD00991,Bluetooth Speakers,Bluetooth Speakers,Mumbai,Shenzhen Traders,718.58,1386.99,13,2,2024-05-10,2024-05-12,8689.33,False,5,2024
ORD00992,Smart Watches,Smart Watches,Pune,Shenzhen Traders,1034.44,2735.19,1,6,2024-10-22,2024-10-28,1700.75,False,10,2024
ORD00993,LED Lights,LED Lights,Nashik,Shenzhen Traders,401.97,874.64,1,7,2023-09-29,2023-10-06,472.67,False,9,2023
ORD00994,Bluetooth Speakers,Bluetooth Speakers,Mumbai,Dragon Supply Co,479.41,1060.16,2,10,2024-03-18,2024-03-28,1161.5,False,3,2024
ORD00995,Bluetooth Speakers,Bluetooth Speakers,Nashik,Dragon Supply Co,844.11,1217.82,4,12,2023-09-11,2023-09-23,1494.84,True,9,2023
ORD00996,Mobile Accessories,Mobile Accessories,Mumbai,Guangzhou Imports,150.14,312.28,6,1,2024-03-11,2024-03-12,972.84,False,3,2024
ORD00997,LED Lights,LED Lights,Nagpur,Dragon Supply Co,193.04,470.22,6,9,2024-09-26,2024-10-05,1663.08,False,9,2024
ORD00998,Kitchen Gadgets,Kitchen Gadgets,Mumbai,Guangzhou Imports,217.11,545.37,1,3,2024-12-29,2025-01-01,328.26,False,12,2024
ORD00999,Smart Watches,Smart Watches,Mumbai,Guangzhou Imports,796.29,1423.48,14,7,2023-03-22,2023-03-29,8780.66,True,3,2023
ORD01000,Mobile Accessories,Mobile Accessories,Thane,Guangzhou Imports,157.96,322.19,1,8,2023-04-06,2023-04-14,164.23,False,4,2023
ORD01001,Smart Watches,Smart Watches,Thane,Shenzhen Traders,1383.7,3444.34,12,6,2023-07-17,2023-07-23,24727.68,False,7,2023
ORD01002,Kitchen Gadgets,Kitchen Gadgets,Mumbai,Yiwu Global Trade,342.81,870.84,2,3,2024-09-29,2024-10-02,1056.06,False,9,2024
ORD01003,Kitchen Gadgets,Kitchen Gadgets,Thane,Guangzhou Imports,192.58,530.95,7,4,2024-02-22,2024-02-26,2368.59,False,2,2024
ORD01004,Mobile Accessories,Mobile Accessories,Pune,Guangzhou Imports,178.51,544.2,5,2,2023-09-19,2023-09-21,1828.45,False,9,2023
ORD01005,Mobile Accessories,Mobile Accessories,Pune,Guangzhou Imports,87.52,278.99,8,9,2023-09-02,2023-09-11,1531.76,False,9,2023
ORD01006,Kitchen Gadgets,Kitchen Gadgets,Pune,Yiwu Global Trade,222.52,629.45,3,3,2023-06-24,2023-06-27,1220.79,False,6,2023
ORD01007,LED Lights,LED Lights,Pune,Dragon Supply Co,199.94,550.45,3,3,2023-07-11,2023-07-14,1051.53,False,7,2023
ORD01008,Bluetooth Speakers,Bluetooth Speakers,Mumbai,Dragon Supply Co,512.68,844.56,2,7,2024-06-27,2024-07-04,663.76,True,6,2024
ORD01009,Bluetooth Speakers,Bluetooth Speakers,Mumbai,Shenzhen Traders,602.61,1385.56,2,3,2024-03-27,2024-03-30,1565.9,False,3,2024
ORD01010,Bluetooth Speakers,Bluetooth Speakers,Thane,Shenzhen Traders,830.81,1814.28,7,4,2024-12-28,2025-01-01,6884.29,False,12,2024
ORD01011,Smart Watches,Smart Watches,Nashik,Guangzhou Imports,651.57,1630.13,1,11,2023-06-17,2023-06-28,978.56,False,6,2023
ORD01012,Home Decor,Home Decor,Nagpur,Dragon Supply Co,158.22,502.94,1,9,2024-01-25,2024-02-03,344.72,False,1,2024
ORD01013,Kitchen Gadgets,Kitchen Gadgets,Thane,Yiwu Global Trade,141.05,408.02,7,0,2023-08-28,2023-08-28,1868.79,False,8,2023
ORD01014,LED Lights,LED Lights,Thane,Dragon Supply Co,206.63,488.8,9,14,2024-07-08,2024-07-22,2539.53,False,7,2024
ORD01015,Smart Watches,Smart Watches,Mumbai,Guangzhou Imports,1292.61,2654.51,9,1,2024-10-21,2024-10-22,12257.1,False,10,2024
ORD01016,Mobile Accessories,Mobile Accessories,Aurangabad,Guangzhou Imports,120.57,236.19,5,9,2023-01-22,2023-01-31,578.1,False,1,2023
ORD01017,Kitchen Gadgets,Kitchen Gadgets,Thane,Yiwu Global Trade,317.83,759.11,2,3,2024-06-02,2024-06-05,882.56,False,6,2024
ORD01018,Kitchen Gadgets,Kitchen Gadgets,Mumbai,Guangzhou Imports,136.48,329.01,6,6,2024-05-14,2024-05-20,1155.18,False,5,2024
ORD01019,Kitchen Gadgets,Kitchen Gadgets,Pune,Yiwu Global Trade,258.3,734.31,1,2,2023-05-04,2023-05-06,476.01,False,5,2023
ORD01020,Bluetooth Speakers,Bluetooth Speakers,Thane,Shenzhen Traders,869.95,2145.43,4,3,2023-10-10,2023-10-13,5101.92,False,10,2023
ORD01021,LED Lights,LED Lights,Thane,Shenzhen Traders,289.89,603.02,3,4,2023-04-07,2023-04-11,939.39,False,4,2023
ORD01022,Smart Watches,Smart Watches,Mumbai,Shenzhen Traders,967.33,2474.11,2,5,2023-02-28,2023-03-05,3013.56,False,2,2023
ORD01023,Mobile Accessories,Mobile Accessories,Mumbai,Guangzhou Imports,244.83,626.28,3,2,2023-02-19,2023-02-21,1144.35,False,2,2023
ORD01024,Smart Watches,Smart Watches,Pune,Guangzhou Imports,1391.39,2175.09,1,9,2024-03-25,2024-04-03,783.7,True,3,2024
ORD01025,Mobile Accessories,Mobile Accessories,Pune,Yiwu Global Trade,138.27,373.95,16,4,2024-11-09,2024-11-13,3770.88,False,11,2024
ORD01026,Kitchen Gadgets,Kitchen Gadgets,Pune,Guangzhou Imports,267.49,777.98,1,9,2024-08-13,2024-08-22,510.49,False,8,2024
ORD01027,Smart Watches,Smart Watches,Pune,Shenzhen Traders,1766.33,4620.37,3,3,2023-08-03,2023-08-06,8562.12,False,8,2023
ORD01028,Smart Watches,Smart Watches,Pune,Guangzhou Imports,841.32,2304.63,2,6,2023-01-29,2023-02-04,2926.62,False,1,2023
ORD01029,Smart Watches,Smart Watches,Aurangabad,Shenzhen Traders,1615.23,4125.76,14,3,2024-12-14,2024-12-17,35147.42,False,12,2024
ORD01030,Mobile Accessories,Mobile Accessories,Mumbai,Guangzhou Imports,87.0,195.17,1,5,2023-07-21,2023-07-26,108.17,False,7,2023
ORD01031,Smart Watches,Smart Watches,Mumbai,Guangzhou Imports,1296.86,2629.71,5,6,2024-06-01,2024-06-07,6664.25,False,6,2024
ORD01032,Smart Watches,Smart Watches,Pune,Shenzhen Traders,1270.85,2707.01,5,4,2023-03-23,2023-03-27,7180.8,False,3,2023
ORD01033,LED Lights,LED Lights,Aurangabad,Dragon Supply Co,364.44,1074.29,1,5,2024-02-29,2024-03-05,709.85,False,2,2024
ORD01034,Mobile Accessories,Mobile Accessories,Aurangabad,Guangzhou Imports,172.84,433.89,1,6,2024-01-22,2024-01-28,261.05,False,1,2024
ORD01035,Smart Watches,Smart Watches,Thane,Guangzhou Imports,1765.05,4595.01,8,8,2023-12-11,2023-12-19,22639.68,False,12,2023
ORD01036,Home Decor,Home Decor,Thane,Yiwu Global Trade,257.57,875.48,14,5,2023-06-15,2023-06-20,8650.74,False,6,2023
ORD01037,LED Lights,LED Lights,Thane,Dragon Supply Co,213.46,544.53,1,6,2024-03-14,2024-03-20,331.07,False,3,2024
ORD01038,Bluetooth Speakers,Bluetooth Speakers,Pune,Dragon Supply Co,400.86,777.08,3,7,2023-04-18,2023-04-25,1128.66,False,4,2023
ORD01039,Kitchen Gadgets,Kitchen Gadgets,Thane,Yiwu Global Trade,319.44,727.09,5,4,2024-04-27,2024-05-01,2038.25,False,4,2024
ORD01040,Bluetooth Speakers,Bluetooth Speakers,Aurangabad,Dragon Supply Co,566.93,1271.81,4,14,2024-07-13,2024-07-27,2819.52,False,7,2024
ORD01041,Kitchen Gadgets,Kitchen Gadgets,Thane,Yiwu Global Trade,213.88,477.63,2,4,2024-03-18,2024-03-22,527.5,False,3,2024
ORD01042,Smart Watches,Smart Watches,Pune,Guangzhou Imports,977.35,2229.42,1,6,2023-03-06,2023-03-12,1252.07,False,3,2023
ORD01043,Kitchen Gadgets,Kitchen Gadgets,Mumbai,Yiwu Global Trade,350.83,970.88,5,1,2023-09-23,2023-09-24,3100.25,False,9,2023
ORD01044,Bluetooth Speakers,Bluetooth Speakers,Mumbai,Shenzhen Traders,750.4,1897.32,7,6,2023-10-11,2023-10-17,8028.44,False,10,2023
ORD01045,Bluetooth Speakers,Bluetooth Speakers,Thane,Dragon Supply Co,678.86,1358.09,5,7,2023-10-28,2023-11-04,3396.15,False,10,2023
ORD01046,Kitchen Gadgets,Kitchen Gadgets,Mumbai,Guangzhou Imports,369.62,1027.73,5,1,2024-10-11,2024-10-12,3290.55,False,10,2024
ORD01047,Bluetooth Speakers,Bluetooth Speakers,Pune,Shenzhen Traders,655.7,1571.83,4,2,2023-08-25,2023-08-27,3664.52,False,8,2023
ORD01048,Mobile Accessories,Mobile Accessories,Mumbai,Guangzhou Imports,144.9,261.23,1,8,2023-06-15,2023-06-23,116.33,True,6,2023
ORD01049,Smart Watches,Smart Watches,Pune,Guangzhou Imports,1500.83,3271.23,6,8,2024-01-05,2024-01-13,10622.4,False,1,2024
ORD01050,Mobile Accessories,Mobile Accessories,Pune,Yiwu Global Trade,188.89,508.34,14,2,2023-12-07,2023-12-09,4472.3,False,12,2023
ORD01051,Home Decor,Home Decor,Pune,Dragon Supply Co,203.13,628.52,2,17,2024-01-02,2024-01-19,850.78,False,1,2024
ORD01052,LED Lights,LED Lights,Pune,Dragon Supply Co,412.95,1073.21,2,6,2023-09-05,2023-09-11,1320.52,False,9,2023
ORD01053,Bluetooth Speakers,Bluetooth Speakers,Thane,Shenzhen Traders,695.4,1552.99,5,5,2023-02-12,2023-02-17,4287.95,False,2,2023
ORD01054,LED Lights,LED Lights,Pune,Dragon Supply Co,318.06,904.97,7,4,2024-11-10,2024-11-14,4108.37,False,11,2024
ORD01055,LED Lights,LED Lights,Pune,Shenzhen Traders,390.8,834.55,1,2,2023-05-31,2023-06-02,443.75,False,5,2023
ORD01056,Smart Watches,Smart Watches,Pune,Guangzhou Imports,1698.92,3881.67,5,0,2023-11-10,2023-11-10,10913.75,False,11,2023
ORD01057,Kitchen Gadgets,Kitchen Gadgets,Pune,Yiwu Global Trade,319.28,723.14,1,3,2024-06-11,2024-06-14,403.86,False,6,2024
ORD01058,Mobile Accessories,Mobile Accessories,Thane,Yiwu Global Trade,220.56,608.51,2,3,2024-03-18,2024-03-21,775.9,False,3,2024
ORD01059,Home Decor,Home Decor,Mumbai,Dragon Supply Co,223.41,511.43,1,16,2024-05-18,2024-06-03,288.02,True,5,2024
ORD01060,Kitchen Gadgets,Kitchen Gadgets,Pune,Guangzhou Imports,246.07,592.11,3,8,2024-08-25,2024-09-02,1038.12,False,8,2024
ORD01061,LED Lights,LED Lights,Mumbai,Shenzhen Traders,233.07,510.05,10,1,2024-11-21,2024-11-22,2769.8,False,11,2024
ORD01062,Kitchen Gadgets,Kitchen Gadgets,Pune,Yiwu Global Trade,358.17,789.73,4,2,2024-09-10,2024-09-12,1726.24,False,9,2024
ORD01063,LED Lights,LED Lights,Pune,Dragon Supply Co,345.85,739.78,9,13,2024-01-04,2024-01-17,3545.37,False,1,2024
ORD01064,Kitchen Gadgets,Kitchen Gadgets,Mumbai,Guangzhou Imports,199.22,551.84,6,5,2023-05-03,2023-05-08,2115.72,False,5,2023
ORD01065,Mobile Accessories,Mobile Accessories,Nashik,Guangzhou Imports,132.26,276.92,4,7,2024-11-10,2024-11-17,578.64,False,11,2024
ORD01066,Bluetooth Speakers,Bluetooth Speakers,Mumbai,Dragon Supply Co,776.08,1320.19,3,9,2023-04-02,2023-04-11,1632.33,True,4,2023
ORD01067,LED Lights,LED Lights,Thane,Shenzhen Traders,303.24,624.45,2,3,2023-03-04,2023-03-07,642.42,False,3,2023
ORD01068,Smart Watches,Smart Watches,Mumbai,Shenzhen Traders,1417.72,3691.23,4,3,2023-08-02,2023-08-05,9094.04,False,8,2023
ORD01069,Kitchen Gadgets,Kitchen Gadgets,Nagpur,Yiwu Global Trade,172.01,325.53,3,3,2024-07-26,2024-07-29,460.56,True,7,2024
ORD01070,Mobile Accessories,Mobile Accessories,Aurangabad,Yiwu Global Trade,139.13,281.71,2,1,2023-05-01,2023-05-02,285.16,False,5,2023
ORD01071,Home Decor,Home Decor,Pune,Yiwu Global Trade,105.72,345.22,1,4,2023-02-07,2023-02-11,239.5,False,2,2023
ORD01072,Kitchen Gadgets,Kitchen Gadgets,Nashik,Yiwu Global Trade,370.71,835.8,6,3,2023-01-21,2023-01-24,2790.54,False,1,2023
ORD01073,LED Lights,LED Lights,Thane,Shenzhen Traders,400.91,1143.11,8,6,2024-09-12,2024-09-18,5937.6,False,9,2024
ORD01074,Home Decor,Home Decor,Pune,Yiwu Global Trade,310.28,755.56,2,2,2023-05-09,2023-05-11,890.56,False,5,2023
ORD01075,Bluetooth Speakers,Bluetooth Speakers,Mumbai,Shenzhen Traders,475.15,940.32,3,0,2024-03-19,2024-03-19,1395.51,False,3,2024
ORD01076,LED Lights,LED Lights,Mumbai,Dragon Supply Co,212.62,587.31,2,10,2023-03-02,2023-03-12,749.38,False,3,2023
ORD01077,Kitchen Gadgets,Kitchen Gadgets,Mumbai,Yiwu Global Trade,248.37,607.59,11,2,2023-02-21,2023-02-23,3951.42,False,2,2023
ORD01078,Home Decor,Home Decor,Nashik,Dragon Supply Co,283.45,706.82,14,11,2024-07-20,2024-07-31,5927.18,False,7,2024
ORD01079,Bluetooth Speakers,Bluetooth Speakers,Thane,Dragon Supply Co,842.12,2073.05,5,1,2024-07-01,2024-07-02,6154.65,False,7,2024
ORD01080,Smart Watches,Smart Watches,Mumbai,Shenzhen Traders,1425.28,3616.9,2,2,2023-04-07,2023-04-09,4383.24,False,4,2023
ORD01081,Kitchen Gadgets,Kitchen Gadgets,Mumbai,Yiwu Global Trade,222.65,606.84,1,2,2023-05-17,2023-05-19,384.19,False,5,2023
ORD01082,Home Decor,Home Decor,Mumbai,Yiwu Global Trade,314.3,829.82,10,4,2024-02-29,2024-03-04,5155.2,False,2,2024
ORD01083,Bluetooth Speakers,Bluetooth Speakers,Mumbai,Dragon Supply Co,583.59,1312.71,11,6,2024-03-01,2024-03-07,8020.32,False,3,2024
ORD01084,Kitchen Gadgets,Kitchen Gadgets,Thane,Guangzhou Imports,328.26,968.01,3,0,2024-02-18,2024-02-18,1919.25,False,2,2024
ORD01085,Home Decor,Home Decor,Aurangabad,Dragon Supply Co,207.63,496.57,2,0,2024-12-26,2024-12-26,577.88,False,12,2024
ORD01086,LED Lights,LED Lights,Pune,Dragon Supply Co,235.4,484.85,7,3,2024-11-02,2024-11-05,1746.15,True,11,2024
ORD01087,Home Decor,Home Decor,Thane,Yiwu Global Trade,204.57,457.17,3,4,2024-05-09,2024-05-13,757.8,False,5,2024
ORD01088,Kitchen Gadgets,Kitchen Gadgets,Mumbai,Guangzhou Imports,281.71,616.02,8,4,2024-08-19,2024-08-23,2674.48,False,8,2024
ORD01089,Kitchen Gadgets,Kitchen Gadgets,Thane,Guangzhou Imports,172.5,465.04,9,7,2024-10-07,2024-10-14,2632.86,False,10,2024
ORD01090,Smart Watches,Smart Watches,Thane,Guangzhou Imports,1271.61,2561.2,1,0,2024-02-18,2024-02-18,1289.59,False,2,2024
ORD01091,Bluetooth Speakers,Bluetooth Speakers,Pune,Dragon Supply Co,523.01,1131.5,6,14,2023-08-23,2023-09-06,3650.94,False,8,2023
ORD01092,LED Lights,LED Lights,Nagpur,Shenzhen Traders,386.49,890.1,4,7,2024-11-04,2024-11-11,2014.44,False,11,2024
ORD01093,Bluetooth Speakers,Bluetooth Speakers,Mumbai,Shenzhen Traders,743.65,1666.68,2,2,2024-06-23,2024-06-25,1846.06,False,6,2024
ORD01094,Home Decor,Home Decor,Nashik,Dragon Supply Co,247.64,729.02,2,5,2023-05-07,2023-05-12,962.76,False,5,2023
ORD01095,Mobile Accessories,Mobile Accessories,Pune,Guangzhou Imports,164.1,518.43,13,9,2024-01-17,2024-01-26,4606.29,False,1,2024
ORD01096,Smart Watches,Smart Watches,Pune,Guangzhou Imports,682.37,1389.37,6,12,2023-06-24,2023-07-06,4242.0,False,6,2023
ORD01097,Smart Watches,Smart Watches,Thane,Shenzhen Traders,1368.93,3154.64,4,6,2024-04-25,2024-05-01,7142.84,False,4,2024
ORD01098,Smart Watches,Smart Watches,Pune,Guangzhou Imports,1410.43,3100.25,1,9,2024-03-24,2024-04-02,1689.82,False,3,2024
ORD01099,Kitchen Gadgets,Kitchen Gadgets,Thane,Yiwu Global Trade,137.03,325.37,4,3,2023-12-20,2023-12-23,753.36,False,12,2023
ORD01100,LED Lights,LED Lights,Mumbai,Dragon Supply Co,337.86,818.46,1,13,2023-08-27,2023-09-09,480.6,False,8,2023
ORD01101,Bluetooth Speakers,Bluetooth Speakers,Mumbai,Shenzhen Traders,608.33,1165.3,3,3,2024-03-08,2024-03-11,1670.91,False,3,2024
ORD01102,Kitchen Gadgets,Kitchen Gadgets,Pune,Guangzhou Imports,145.41,369.27,4,8,2023-10-09,2023-10-17,895.44,False,10,2023
ORD01103,Mobile Accessories,Mobile Accessories,Pune,Yiwu Global Trade,217.95,595.95,2,2,2023-09-26,2023-09-28,756.0,False,9,2023
ORD01104,Smart Watches,Smart Watches,Aurangabad,Guangzhou Imports,882.02,2212.42,3,6,2023-04-13,2023-04-19,3991.2,False,4,2023
ORD01105,LED Lights,LED Lights,Mumbai,Shenzhen Traders,191.41,573.51,10,3,2024-07-27,2024-07-30,3821.0,False,7,2024
ORD01106,Mobile Accessories,Mobile Accessories,Nashik,Guangzhou Imports,178.29,468.65,9,3,2023-07-26,2023-07-29,2613.24,False,7,2023
ORD01107,Kitchen Gadgets,Kitchen Gadgets,Pune,Guangzhou Imports,210.3,456.14,6,7,2024-02-20,2024-02-27,1475.04,False,2,2024
ORD01108,Kitchen Gadgets,Kitchen Gadgets,Pune,Guangzhou Imports,260.39,593.71,4,7,2023-03-14,2023-03-21,1333.28,False,3,2023
ORD01109,Kitchen Gadgets,Kitchen Gadgets,Nashik,Guangzhou Imports,262.37,758.99,7,5,2023-04-03,2023-04-08,3476.34,False,4,2023
ORD01110,Kitchen Gadgets,Kitchen Gadgets,Nagpur,Yiwu Global Trade,175.37,520.13,7,4,2024-09-21,2024-09-25,2413.32,False,9,2024
ORD01111,Bluetooth Speakers,Bluetooth Speakers,Aurangabad,Shenzhen Traders,643.0,1498.25,4,3,2024-12-18,2024-12-21,3421.0,False,12,2024
ORD01112,Bluetooth Speakers,Bluetooth Speakers,Nagpur,Dragon Supply Co,550.35,1102.58,1,15,2023-05-19,2023-06-03,552.23,False,5,2023
ORD01113,Home Decor,Home Decor,Thane,Dragon Supply Co,184.36,611.75,5,2,2024-06-25,2024-06-27,2136.95,False,6,2024
ORD01114,Home Decor,Home Decor,Thane,Yiwu Global Trade,151.39,389.55,11,2,2023-10-19,2023-10-21,2619.76,False,10,2023
ORD01115,Home Decor,Home Decor,Pune,Yiwu Global Trade,116.12,284.43,5,2,2023-04-26,2023-04-28,841.55,False,4,2023
ORD01116,Smart Watches,Smart Watches,Pune,Guangzhou Imports,1789.99,4184.31,20,4,2024-07-10,2024-07-14,47886.4,False,7,2024
ORD01117,Mobile Accessories,Mobile Accessories,Mumbai,Guangzhou Imports,84.95,246.83,31,0,2024-06-15,2024-06-15,5018.28,False,6,2024
ORD01118,Kitchen Gadgets,Kitchen Gadgets,Nagpur,Yiwu Global Trade,130.98,360.22,2,3,2023-01-03,2023-01-06,458.48,False,1,2023
ORD01119,LED Lights,LED Lights,Pune,Shenzhen Traders,251.52,519.03,1,2,2023-02-09,2023-02-11,267.51,False,2,2023
ORD01120,Smart Watches,Smart Watches,Pune,Shenzhen Traders,1615.78,4320.92,2,0,2023-05-02,2023-05-02,5410.28,False,5,2023
ORD01121,Kitchen Gadgets,Kitchen Gadgets,Nagpur,Yiwu Global Trade,335.54,991.42,1,3,2023-04-06,2023-04-09,655.88,False,4,2023
ORD01122,Smart Watches,Smart Watches,Thane,Guangzhou Imports,923.79,1937.95,2,2,2024-07-14,2024-07-16,2028.32,False,7,2024
ORD01123,Smart Watches,Smart Watches,Thane,Guangzhou Imports,1505.55,4137.85,9,6,2024-11-01,2024-11-07,23690.7,False,11,2024
ORD01124,LED Lights,LED Lights,Mumbai,Shenzhen Traders,245.89,592.2,5,7,2024-02-13,2024-02-20,1731.55,False,2,2024
ORD01125,LED Lights,LED Lights,Nagpur,Dragon Supply Co,347.91,735.12,4,12,2023-07-20,2023-08-01,1548.84,False,7,2023
ORD01126,Bluetooth Speakers,Bluetooth Speakers,Aurangabad,Dragon Supply Co,833.69,2130.81,3,12,2024-04-24,2024-05-06,3891.36,False,4,2024
ORD01127,Home Decor,Home Decor,Thane,Dragon Supply Co,94.85,327.88,1,12,2024-12-21,2025-01-02,233.03,False,12,2024
ORD01128,Home Decor,Home Decor,Nashik,Yiwu Global Trade,271.42,681.69,1,2,2024-07-24,2024-07-26,410.27,False,7,2024
ORD01129,Smart Watches,Smart Watches,Thane,Guangzhou Imports,1438.04,3491.46,2,2,2023-09-22,2023-09-24,4106.84,False,9,2023
ORD01130,Bluetooth Speakers,Bluetooth Speakers,Mumbai,Shenzhen Traders,878.41,2239.29,7,3,2024-02-04,2024-02-07,9526.16,False,2,2024
ORD01131,Smart Watches,Smart Watches,Aurangabad,Shenzhen Traders,1520.17,3402.05,6,4,2024-07-29,2024-08-02,11291.28,False,7,2024
ORD01132,Mobile Accessories,Mobile Accessories,Nagpur,Yiwu Global Trade,229.51,659.48,1,4,2024-07-27,2024-07-31,429.97,False,7,2024
ORD01133,LED Lights,LED Lights,Thane,Dragon Supply Co,377.57,1110.24,4,4,2024-11-12,2024-11-16,2930.68,False,11,2024
ORD01134,Bluetooth Speakers,Bluetooth Speakers,Nashik,Shenzhen Traders,832.22,2059.05,2,7,2024-09-07,2024-09-14,2453.66,False,9,2024
ORD01135,Home Decor,Home Decor,Pune,Dragon Supply Co,170.93,509.84,4,13,2023-02-09,2023-02-22,1355.64,False,2,2023
ORD01136,Home Decor,Home Decor,Pune,Dragon Supply Co,96.29,218.36,1,13,2023-12-02,2023-12-15,122.07,False,12,2023
ORD01137,Home Decor,Home Decor,Thane,Dragon Supply Co,121.3,330.04,1,0,2024-05-28,2024-05-28,208.74,False,5,2024
ORD01138,Smart Watches,Smart Watches,Mumbai,Shenzhen Traders,937.04,2408.99,12,0,2023-11-14,2023-11-14,17663.4,False,11,2023
ORD01139,Home Decor,Home Decor,Thane,Yiwu Global Trade,247.72,800.24,4,5,2024-01-19,2024-01-24,2210.08,False,1,2024
ORD01140,Bluetooth Speakers,Bluetooth Speakers,Mumbai,Dragon Supply Co,728.11,1804.79,2,11,2023-08-10,2023-08-21,2153.36,False,8,2023
ORD01141,Mobile Accessories,Mobile Accessories,Pune,Guangzhou Imports,110.92,335.75,9,0,2024-11-15,2024-11-15,2023.47,False,11,2024
ORD01142,Kitchen Gadgets,Kitchen Gadgets,Mumbai,Yiwu Global Trade,125.97,327.86,7,2,2024-08-08,2024-08-10,1413.23,False,8,2024
ORD01143,Mobile Accessories,Mobile Accessories,Aurangabad,Guangzhou Imports,113.71,316.31,7,3,2023-07-26,2023-07-29,1418.2,False,7,2023
ORD01144,Bluetooth Speakers,Bluetooth Speakers,Nagpur,Shenzhen Traders,432.09,1110.74,8,5,2023-12-06,2023-12-11,5429.2,False,12,2023
ORD01145,Kitchen Gadgets,Kitchen Gadgets,Mumbai,Yiwu Global Trade,256.72,717.8,3,2,2023-12-06,2023-12-08,1383.24,False,12,2023
ORD01146,Home Decor,Home Decor,Mumbai,Dragon Supply Co,254.12,622.01,2,8,2024-07-28,2024-08-05,735.78,False,7,2024
ORD01147,Smart Watches,Smart Watches,Nashik,Guangzhou Imports,1089.38,2554.65,9,7,2024-02-09,2024-02-16,13187.43,False,2,2024
ORD01148,Mobile Accessories,Mobile Accessories,Nashik,Yiwu Global Trade,112.19,230.27,9,4,2024-11-20,2024-11-24,1062.72,False,11,2024
ORD01149,LED Lights,LED Lights,Aurangabad,Dragon Supply Co,236.52,579.71,11,7,2023-08-05,2023-08-12,3775.09,False,8,2023
ORD01150,Kitchen Gadgets,Kitchen Gadgets,Mumbai,Guangzhou Imports,241.91,697.74,29,8,2024-03-30,2024-04-07,13219.07,False,3,2024
ORD01151,Bluetooth Speakers,Bluetooth Speakers,Nashik,Dragon Supply Co,739.65,1786.46,1,12,2023-08-18,2023-08-30,1046.81,False,8,2023
ORD01152,LED Lights,LED Lights,Mumbai,Shenzhen Traders,403.46,996.92,1,5,2024-07-03,2024-07-08,593.46,False,7,2024
ORD01153,Kitchen Gadgets,Kitchen Gadgets,Mumbai,Yiwu Global Trade,251.18,613.59,18,5,2023-10-03,2023-10-08,6523.38,False,10,2023
ORD01154,Home Decor,Home Decor,Mumbai,Dragon Supply Co,295.21,665.24,3,3,2024-02-04,2024-02-07,1110.09,False,2,2024
ORD01155,Mobile Accessories,Mobile Accessories,Aurangabad,Yiwu Global Trade,229.24,454.97,2,3,2024-04-03,2024-04-06,451.46,False,4,2024
ORD01156,Kitchen Gadgets,Kitchen Gadgets,Mumbai,Guangzhou Imports,150.38,321.77,6,10,2024-05-22,2024-06-01,1028.34,False,5,2024
ORD01157,Smart Watches,Smart Watches,Thane,Guangzhou Imports,975.36,2634.98,1,7,2024-08-20,2024-08-27,1659.62,False,8,2024
ORD01158,Smart Watches,Smart Watches,Pune,Guangzhou Imports,839.73,2174.48,1,9,2023-12-22,2023-12-31,1334.75,False,12,2023
ORD01159,Mobile Accessories,Mobile Accessories,Mumbai,Yiwu Global Trade,105.27,223.36,4,1,2023-07-26,2023-07-27,472.36,False,7,2023
ORD01160,Smart Watches,Smart Watches,Nashik,Shenzhen Traders,1151.89,3220.87,5,0,2023-12-05,2023-12-05,10344.9,False,12,2023
ORD01161,LED Lights,LED Lights,Pune,Dragon Supply Co,350.17,870.24,5,13,2024-07-26,2024-08-08,2600.35,False,7,2024
ORD01162,Home Decor,Home Decor,Mumbai,Yiwu Global Trade,111.52,371.21,2,4,2024-07-26,2024-07-30,519.38,False,7,2024
ORD01163,Mobile Accessories,Mobile Accessories,Nagpur,Yiwu Global Trade,192.73,404.22,5,2,2023-10-03,2023-10-05,1057.45,False,10,2023
ORD01164,LED Lights,LED Lights,Pune,Shenzhen Traders,198.44,549.33,5,5,2024-11-25,2024-11-30,1754.45,False,11,2024
ORD01165,Smart Watches,Smart Watches,Mumbai,Shenzhen Traders,1778.53,3730.63,1,6,2023-07-10,2023-07-16,1952.1,False,7,2023
ORD01166,LED Lights,LED Lights,Mumbai,Dragon Supply Co,199.46,564.61,15,11,2024-04-12,2024-04-23,5477.25,False,4,2024
ORD01167,Bluetooth Speakers,Bluetooth Speakers,Nagpur,Shenzhen Traders,353.19,910.82,1,7,2023-01-14,2023-01-21,557.63,False,1,2023
ORD01168,Bluetooth Speakers,Bluetooth Speakers,Aurangabad,Shenzhen Traders,899.9,2281.08,8,2,2024-07-20,2024-07-22,11049.44,False,7,2024
ORD01169,Mobile Accessories,Mobile Accessories,Thane,Guangzhou Imports,216.26,474.94,11,4,2024-04-15,2024-04-19,2845.48,False,4,2024
ORD01170,Home Decor,Home Decor,Nagpur,Yiwu Global Trade,228.53,530.26,5,3,2024-07-24,2024-07-27,1508.65,False,7,2024
ORD01171,Mobile Accessories,Mobile Accessories,Mumbai,Yiwu Global Trade,224.9,456.12,2,3,2023-07-01,2023-07-04,462.44,False,7,2023
ORD01172,Smart Watches,Smart Watches,Mumbai,Shenzhen Traders,1214.47,2849.01,3,1,2023-09-17,2023-09-18,4903.62,False,9,2023
ORD01173,Smart Watches,Smart Watches,Pune,Shenzhen Traders,760.53,1744.63,5,7,2024-09-07,2024-09-14,4920.5,False,9,2024
ORD01174,Bluetooth Speakers,Bluetooth Speakers,Pune,Shenzhen Traders,659.68,1448.76,12,2,2023-04-03,2023-04-05,9468.96,False,4,2023
ORD01175,Smart Watches,Smart Watches,Pune,Shenzhen Traders,1139.92,2316.72,1,5,2024-03-09,2024-03-14,1176.8,False,3,2024
ORD01176,Bluetooth Speakers,Bluetooth Speakers,Nagpur,Dragon Supply Co,742.5,1894.46,3,15,2023-02-12,2023-02-27,3455.88,False,2,2023
ORD01177,Home Decor,Home Decor,Mumbai,Yiwu Global Trade,190.59,644.07,12,3,2023-10-23,2023-10-26,5441.76,False,10,2023
ORD01178,Mobile Accessories,Mobile Accessories,Nashik,Guangzhou Imports,131.07,281.55,14,7,2023-07-03,2023-07-10,2106.72,False,7,2023
ORD01179,Kitchen Gadgets,Kitchen Gadgets,Nagpur,Yiwu Global Trade,358.5,918.5,1,1,2023-01-13,2023-01-14,560.0,False,1,2023
ORD01180,Bluetooth Speakers,Bluetooth Speakers,Pune,Dragon Supply Co,746.17,1842.28,4,11,2024-03-13,2024-03-24,4384.44,False,3,2024
ORD01181,Kitchen Gadgets,Kitchen Gadgets,Thane,Yiwu Global Trade,124.23,343.68,5,3,2023-05-30,2023-06-02,1097.25,False,5,2023
ORD01182,Mobile Accessories,Mobile Accessories,Mumbai,Yiwu Global Trade,150.76,420.04,11,3,2024-03-14,2024-03-17,2962.08,False,3,2024
ORD01183,Home Decor,Home Decor,Thane,Dragon Supply Co,193.49,628.88,3,15,2024-06-02,2024-06-17,1306.17,False,6,2024
ORD01184,Mobile Accessories,Mobile Accessories,Mumbai,Guangzhou Imports,206.99,547.63,9,4,2023-09-13,2023-09-17,3065.76,False,9,2023
ORD01185,LED Lights,LED Lights,Nagpur,Dragon Supply Co,181.4,383.97,1,10,2023-06-28,2023-07-08,202.57,False,6,2023
ORD01186,Bluetooth Speakers,Bluetooth Speakers,Nashik,Shenzhen Traders,827.83,2132.54,4,5,2024-09-22,2024-09-27,5218.84,False,9,2024
ORD01187,Bluetooth Speakers,Bluetooth Speakers,Nagpur,Shenzhen Traders,885.66,1906.39,8,3,2023-07-26,2023-07-29,8165.84,False,7,2023
ORD01188,Home Decor,Home Decor,Thane,Dragon Supply Co,110.16,261.7,21,6,2023-11-05,2023-11-11,3182.34,False,11,2023
ORD01189,LED Lights,LED Lights,Thane,Shenzhen Traders,230.22,609.77,9,4,2023-03-05,2023-03-09,3415.95,False,3,2023
ORD01190,Bluetooth Speakers,Bluetooth Speakers,Mumbai,Dragon Supply Co,773.35,1549.57,1,0,2023-04-08,2023-04-08,776.22,False,4,2023
ORD01191,LED Lights,LED Lights,Thane,Shenzhen Traders,357.31,873.72,1,2,2023-12-30,2024-01-01,516.41,False,12,2023
ORD01192,LED Lights,LED Lights,Nagpur,Dragon Supply Co,228.32,586.65,1,8,2024-12-28,2025-01-05,358.33,False,12,2024
ORD01193,LED Lights,LED Lights,Mumbai,Dragon Supply Co,331.3,898.85,4,10,2024-07-17,2024-07-27,2270.2,False,7,2024
ORD01194,Bluetooth Speakers,Bluetooth Speakers,Mumbai,Shenzhen Traders,569.82,1287.42,4,4,2024-08-06,2024-08-10,2870.4,False,8,2024
ORD01195,Home Decor,Home Decor,Mumbai,Dragon Supply Co,103.96,231.28,1,11,2023-02-25,2023-03-08,127.32,False,2,2023
ORD01196,Kitchen Gadgets,Kitchen Gadgets,Mumbai,Yiwu Global Trade,288.56,836.89,2,1,2023-04-03,2023-04-04,1096.66,False,4,2023
ORD01197,Kitchen Gadgets,Kitchen Gadgets,Pune,Guangzhou Imports,233.42,524.07,8,1,2023-03-01,2023-03-02,2325.2,False,3,2023
ORD01198,Bluetooth Speakers,Bluetooth Speakers,Pune,Shenzhen Traders,629.2,1454.31,1,1,2023-01-13,2023-01-14,825.11,False,1,2023
ORD01199,Kitchen Gadgets,Kitchen Gadgets,Mumbai,Guangzhou Imports,196.28,537.86,1,6,2023-04-11,2023-04-17,341.58,False,4,2023
ORD01200,Home Decor,Home Decor,Thane,Dragon Supply Co,273.94,903.42,8,10,2023-06-15,2023-06-25,5035.84,False,6,2023
ORD01201,Smart Watches,Smart Watches,Nashik,Shenzhen Traders,798.46,1724.34,1,0,2024-01-11,2024-01-11,925.88,False,1,2024
ORD01202,LED Lights,LED Lights,Aurangabad,Dragon Supply Co,298.49,667.04,9,8,2023-10-29,2023-11-06,3316.95,False,10,2023
ORD01203,LED Lights,LED Lights,Thane,Dragon Supply Co,265.69,573.52,3,5,2024-03-28,2024-04-02,923.49,False,3,2024
ORD01204,Kitchen Gadgets,Kitchen Gadgets,Thane,Yiwu Global Trade,207.81,457.72,1,4,2023-12-21,2023-12-25,249.91,False,12,2023
ORD01205,Kitchen Gadgets,Kitchen Gadgets,Pune,Yiwu Global Trade,378.35,1061.8,9,3,2024-03-21,2024-03-24,6151.05,False,3,2024
ORD01206,Kitchen Gadgets,Kitchen Gadgets,Thane,Guangzhou Imports,341.89,986.81,7,5,2024-05-04,2024-05-09,4514.44,False,5,2024
ORD01207,LED Lights,LED Lights,Thane,Shenzhen Traders,285.08,700.48,2,1,2023-04-16,2023-04-17,830.8,False,4,2023
ORD01208,LED Lights,LED Lights,Thane,Shenzhen Traders,326.32,932.75,4,2,2023-03-30,2023-04-01,2425.72,False,3,2023
ORD01209,Kitchen Gadgets,Kitchen Gadgets,Pune,Yiwu Global Trade,163.43,360.57,20,1,2024-01-06,2024-01-07,3942.8,False,1,2024
ORD01210,Smart Watches,Smart Watches,Nashik,Shenzhen Traders,1464.39,3821.43,8,5,2024-05-17,2024-05-22,18856.32,False,5,2024
ORD01211,LED Lights,LED Lights,Nagpur,Shenzhen Traders,260.31,556.48,9,1,2023-02-01,2023-02-02,2665.53,False,2,2023
ORD01212,Bluetooth Speakers,Bluetooth Speakers,Thane,Shenzhen Traders,353.62,878.52,3,3,2023-03-23,2023-03-26,1574.7,False,3,2023
ORD01213,Smart Watches,Smart Watches,Mumbai,Shenzhen Traders,1078.3,2807.76,4,6,2023-07-20,2023-07-26,6917.84,False,7,2023
ORD01214,Home Decor,Home Decor,Mumbai,Yiwu Global Trade,263.31,723.64,1,2,2023-11-23,2023-11-25,460.33,False,11,2023
ORD01215,Bluetooth Speakers,Bluetooth Speakers,Thane,Shenzhen Traders,843.94,2165.79,3,2,2023-02-17,2023-02-19,3965.55,False,2,2023
ORD01216,Home Decor,Home Decor,Aurangabad,Dragon Supply Co,191.79,613.96,4,0,2023-12-11,2023-12-11,1688.68,False,12,2023
ORD01217,Kitchen Gadgets,Kitchen Gadgets,Mumbai,Yiwu Global Trade,201.85,602.27,1,4,2024-05-02,2024-05-06,400.42,False,5,2024
ORD01218,LED Lights,LED Lights,Thane,Dragon Supply Co,338.44,893.98,5,17,2023-09-27,2023-10-14,2777.7,False,9,2023
ORD01219,LED Lights,LED Lights,Pune,Dragon Supply Co,392.59,1060.3,15,9,2023-05-12,2023-05-21,10015.65,False,5,2023
ORD01220,Home Decor,Home Decor,Thane,Dragon Supply Co,91.82,235.4,1,9,2023-07-06,2023-07-15,143.58,False,7,2023
ORD01221,Mobile Accessories,Mobile Accessories,Pune,Yiwu Global Trade,114.87,294.32,8,3,2024-02-26,2024-02-29,1435.6,False,2,2024
ORD01222,Home Decor,Home Decor,Nashik,Dragon Supply Co,294.17,946.06,1,7,2024-10-04,2024-10-11,651.89,False,10,2024
ORD01223,Mobile Accessories,Mobile Accessories,Mumbai,Yiwu Global Trade,171.36,402.01,3,1,2024-12-20,2024-12-21,691.95,False,12,2024
ORD01224,Mobile Accessories,Mobile Accessories,Mumbai,Yiwu Global Trade,166.98,373.56,2,3,2023-07-25,2023-07-28,413.16,False,7,2023
ORD01225,Home Decor,Home Decor,Mumbai,Yiwu Global Trade,294.77,855.4,11,4,2024-01-22,2024-01-26,6166.93,False,1,2024
ORD01226,Smart Watches,Smart Watches,Aurangabad,Guangzhou Imports,777.01,1591.28,9,3,2023-12-15,2023-12-18,7328.43,False,12,2023
ORD01227,Home Decor,Home Decor,Mumbai,Dragon Supply Co,264.01,903.9,32,21,2024-12-02,2024-12-23,20476.48,False,12,2024
ORD01228,Kitchen Gadgets,Kitchen Gadgets,Pune,Yiwu Global Trade,375.57,1060.93,2,5,2024-01-18,2024-01-23,1370.72,False,1,2024
ORD01229,Kitchen Gadgets,Kitchen Gadgets,Pune,Yiwu Global Trade,193.98,544.37,4,2,2024-06-08,2024-06-10,1401.56,False,6,2024
ORD01230,Home Decor,Home Decor,Nashik,Yiwu Global Trade,209.52,528.39,6,3,2024-05-14,2024-05-17,1913.22,False,5,2024
ORD01231,Kitchen Gadgets,Kitchen Gadgets,Thane,Yiwu Global Trade,213.93,468.12,4,2,2024-04-25,2024-04-27,1016.76,False,4,2024
ORD01232,Bluetooth Speakers,Bluetooth Speakers,Mumbai,Dragon Supply Co,583.69,1162.15,20,4,2023-11-24,2023-11-28,11569.2,False,11,2023
ORD01233,LED Lights,LED Lights,Nashik,Dragon Supply Co,276.66,707.96,12,12,2023-04-19,2023-05-01,5175.6,False,4,2023
ORD01234,Smart Watches,Smart Watches,Nagpur,Guangzhou Imports,1795.99,4581.96,10,6,2023-04-21,2023-04-27,27859.7,False,4,2023
ORD01235,Home Decor,Home Decor,Thane,Dragon Supply Co,123.2,291.4,3,5,2023-08-17,2023-08-22,504.6,False,8,2023
ORD01236,Mobile Accessories,Mobile Accessories,Nashik,Guangzhou Imports,157.42,290.54,6,7,2023-01-02,2023-01-09,798.72,False,1,2023
ORD01237,Kitchen Gadgets,Kitchen Gadgets,Thane,Guangzhou Imports,150.88,432.59,4,9,2024-05-25,2024-06-03,1126.84,False,5,2024
ORD01238,Smart Watches,Smart Watches,Mumbai,Guangzhou Imports,826.3,1898.15,1,4,2023-06-20,2023-06-24,1071.85,False,6,2023
ORD01239,Smart Watches,Smart Watches,Pune,Guangzhou Imports,1559.88,3297.14,1,2,2024-10-22,2024-10-24,1737.26,False,10,2024
ORD01240,LED Lights,LED Lights,Thane,Dragon Supply Co,231.74,653.3,10,12,2023-05-23,2023-06-04,4215.6,False,5,2023
ORD01241,LED Lights,LED Lights,Mumbai,Dragon Supply Co,190.72,473.21,10,10,2024-12-14,2024-12-24,2824.9,False,12,2024
ORD01242,Bluetooth Speakers,Bluetooth Speakers,Thane,Shenzhen Traders,611.38,1469.77,8,2,2024-02-21,2024-02-23,6867.12,False,2,2024
ORD01243,Mobile Accessories,Mobile Accessories,Thane,Yiwu Global Trade,193.43,388.52,11,1,2024-10-10,2024-10-11,2145.99,False,10,2024
ORD01244,LED Lights,LED Lights,Pune,Dragon Supply Co,396.06,648.47,6,7,2023-05-20,2023-05-27,1514.46,True,5,2023
ORD01245,Home Decor,Home Decor,Nashik,Dragon Supply Co,238.56,793.39,11,13,2023-03-13,2023-03-26,6103.13,False,3,2023
ORD01246,Kitchen Gadgets,Kitchen Gadgets,Nagpur,Guangzhou Imports,152.18,396.19,2,10,2023-02-11,2023-02-21,488.02,False,2,2023
ORD01247,Kitchen Gadgets,Kitchen Gadgets,Aurangabad,Yiwu Global Trade,255.66,709.59,4,1,2023-05-19,2023-05-20,1815.72,False,5,2023
ORD01248,LED Lights,LED Lights,Nashik,Shenzhen Traders,307.65,911.38,5,5,2024-05-20,2024-05-25,3018.65,False,5,2024
ORD01249,Mobile Accessories,Mobile Accessories,Thane,Guangzhou Imports,222.62,581.34,11,4,2024-02-28,2024-03-03,3945.92,False,2,2024
ORD01250,Kitchen Gadgets,Kitchen Gadgets,Pune,Guangzhou Imports,131.7,265.12,8,5,2024-05-07,2024-05-12,1067.36,True,5,2024
ORD01251,Bluetooth Speakers,Bluetooth Speakers,Pune,Dragon Supply Co,822.81,1746.14,8,5,2024-12-12,2024-12-17,7386.64,False,12,2024
ORD01252,LED Lights,LED Lights,Nagpur,Shenzhen Traders,248.48,542.35,14,1,2023-05-29,2023-05-30,4114.18,False,5,2023
ORD01253,Mobile Accessories,Mobile Accessories,Aurangabad,Yiwu Global Trade,195.36,367.76,1,4,2023-03-04,2023-03-08,172.4,False,3,2023
ORD01254,Mobile Accessories,Mobile Accessories,Nashik,Guangzhou Imports,130.66,253.25,5,11,2023-01-06,2023-01-17,612.95,False,1,2023
ORD01255,Smart Watches,Smart Watches,Pune,Guangzhou Imports,1601.9,3358.82,8,3,2023-01-28,2023-01-31,14055.36,False,1,2023
ORD01256,Kitchen Gadgets,Kitchen Gadgets,Pune,Yiwu Global Trade,315.62,772.18,2,3,2023-10-26,2023-10-29,913.12,False,10,2023
ORD01257,LED Lights,LED Lights,Pune,Dragon Supply Co,277.7,689.85,1,13,2023-09-26,2023-10-09,412.15,False,9,2023
ORD01258,Mobile Accessories,Mobile Accessories,Mumbai,Guangzhou Imports,243.79,669.24,3,9,2023-09-04,2023-09-13,1276.35,False,9,2023
ORD01259,Kitchen Gadgets,Kitchen Gadgets,Pune,Yiwu Global Trade,225.75,491.12,2,2,2023-03-24,2023-03-26,530.74,False,3,2023
ORD01260,Mobile Accessories,Mobile Accessories,Pune,Guangzhou Imports,247.5,716.47,22,5,2023-07-29,2023-08-03,10317.34,False,7,2023
ORD01261,Bluetooth Speakers,Bluetooth Speakers,Mumbai,Shenzhen Traders,796.95,2050.38,15,3,2024-08-31,2024-09-03,18801.45,False,8,2024
ORD01262,Home Decor,Home Decor,Mumbai,Yiwu Global Trade,304.71,861.37,1,1,2024-05-06,2024-05-07,556.66,False,5,2024
ORD01263,Home Decor,Home Decor,Aurangabad,Dragon Supply Co,283.76,702.75,1,3,2024-01-02,2024-01-05,418.99,False,1,2024
ORD01264,Smart Watches,Smart Watches,Mumbai,Shenzhen Traders,1264.2,2599.13,5,4,2024-10-15,2024-10-19,6674.65,False,10,2024
ORD01265,Home Decor,Home Decor,Thane,Yiwu Global Trade,256.77,898.3,3,2,2024-05-25,2024-05-27,1924.59,False,5,2024
ORD01266,Mobile Accessories,Mobile Accessories,Thane,Yiwu Global Trade,240.72,647.35,6,1,2023-03-14,2023-03-15,2439.78,False,3,2023
ORD01267,Home Decor,Home Decor,Mumbai,Dragon Supply Co,242.32,634.43,7,4,2023-12-26,2023-12-30,2744.77,False,12,2023
ORD01268,Kitchen Gadgets,Kitchen Gadgets,Mumbai,Guangzhou Imports,299.88,562.95,10,11,2023-06-11,2023-06-22,2630.7,True,6,2023
ORD01269,Bluetooth Speakers,Bluetooth Speakers,Thane,Dragon Supply Co,719.99,1576.21,10,7,2024-03-09,2024-03-16,8562.2,False,3,2024
ORD01270,Home Decor,Home Decor,Thane,Dragon Supply Co,213.77,689.09,1,11,2023-07-02,2023-07-13,475.32,False,7,2023
ORD01271,LED Lights,LED Lights,Thane,Shenzhen Traders,375.85,919.02,1,2,2023-09-03,2023-09-05,543.17,False,9,2023
ORD01272,Bluetooth Speakers,Bluetooth Speakers,Pune,Shenzhen Traders,811.53,2003.11,7,1,2024-03-08,2024-03-09,8341.06,False,3,2024
ORD01273,LED Lights,LED Lights,Pune,Dragon Supply Co,226.32,454.76,6,0,2024-04-13,2024-04-13,1370.64,False,4,2024
ORD01274,Smart Watches,Smart Watches,Mumbai,Guangzhou Imports,1588.72,3972.1,15,6,2023-05-23,2023-05-29,35750.7,False,5,2023
ORD01275,Mobile Accessories,Mobile Accessories,Aurangabad,Guangzhou Imports,244.44,452.58,7,0,2023-10-29,2023-10-29,1456.98,False,10,2023
ORD01276,Home Decor,Home Decor,Mumbai,Yiwu Global Trade,316.38,958.62,13,4,2023-03-11,2023-03-15,8349.12,False,3,2023
ORD01277,Smart Watches,Smart Watches,Mumbai,Guangzhou Imports,872.84,2261.57,1,6,2023-04-22,2023-04-28,1388.73,False,4,2023
ORD01278,Kitchen Gadgets,Kitchen Gadgets,Mumbai,Yiwu Global Trade,153.34,330.99,12,2,2024-10-22,2024-10-24,2131.8,False,10,2024
ORD01279,Kitchen Gadgets,Kitchen Gadgets,Thane,Yiwu Global Trade,309.51,726.39,4,2,2024-12-26,2024-12-28,1667.52,False,12,2024
ORD01280,LED Lights,LED Lights,Nashik,Dragon Supply Co,391.94,784.65,2,17,2023-05-18,2023-06-04,785.42,False,5,2023
ORD01281,Home Decor,Home Decor,Thane,Yiwu Global Trade,164.29,541.77,11,2,2024-12-12,2024-12-14,4152.28,False,12,2024
ORD01282,LED Lights,LED Lights,Pune,Dragon Supply Co,304.14,621.5,1,9,2023-08-25,2023-09-03,317.36,False,8,2023
ORD01283,LED Lights,LED Lights,Thane,Dragon Supply Co,307.78,712.89,1,9,2024-07-02,2024-07-11,405.11,False,7,2024
ORD01284,Smart Watches,Smart Watches,Thane,Shenzhen Traders,1578.82,4408.4,5,2,2024-03-24,2024-03-26,14147.9,False,3,2024
ORD01285,Home Decor,Home Decor,Aurangabad,Dragon Supply Co,300.91,739.02,8,11,2023-01-30,2023-02-10,3504.88,False,1,2023
ORD01286,LED Lights,LED Lights,Mumbai,Shenzhen Traders,283.67,574.15,7,3,2024-12-17,2024-12-20,2033.36,False,12,2024
ORD01287,Smart Watches,Smart Watches,Mumbai,Guangzhou Imports,1194.61,3305.54,2,10,2024-03-20,2024-03-30,4221.86,False,3,2024
ORD01288,Smart Watches,Smart Watches,Aurangabad,Shenzhen Traders,1542.11,3848.57,14,3,2024-09-06,2024-09-09,32290.44,False,9,2024
ORD01289,Home Decor,Home Decor,Nagpur,Dragon Supply Co,109.67,174.95,2,6,2024-11-26,2024-12-02,130.56,True,11,2024
ORD01290,Smart Watches,Smart Watches,Thane,Shenzhen Traders,721.3,1905.61,20,7,2024-07-05,2024-07-12,23686.2,False,7,2024
ORD01291,Kitchen Gadgets,Kitchen Gadgets,Mumbai,Guangzhou Imports,296.17,771.03,2,0,2024-01-20,2024-01-20,949.72,False,1,2024
ORD01292,Bluetooth Speakers,Bluetooth Speakers,Mumbai,Shenzhen Traders,763.58,1575.4,7,6,2024-02-09,2024-02-15,5682.74,False,2,2024
ORD01293,Home Decor,Home Decor,Pune,Yiwu Global Trade,196.77,542.4,3,1,2023-01-22,2023-01-23,1036.89,False,1,2023
ORD01294,LED Lights,LED Lights,Nashik,Dragon Supply Co,342.19,693.27,1,2,2024-11-17,2024-11-19,351.08,False,11,2024
ORD01295,Kitchen Gadgets,Kitchen Gadgets,Mumbai,Yiwu Global Trade,123.2,337.81,1,2,2024-08-24,2024-08-26,214.61,False,8,2024
ORD01296,Mobile Accessories,Mobile Accessories,Nagpur,Guangzhou Imports,123.57,295.26,8,9,2024-03-04,2024-03-13,1373.52,False,3,2024
ORD01297,Bluetooth Speakers,Bluetooth Speakers,Mumbai,Dragon Supply Co,788.36,1531.27,1,10,2024-01-01,2024-01-11,742.91,False,1,2024
ORD01298,Bluetooth Speakers,Bluetooth Speakers,Pune,Shenzhen Traders,836.87,2044.35,2,1,2024-05-23,2024-05-24,2414.96,False,5,2024
ORD01299,Smart Watches,Smart Watches,Mumbai,Guangzhou Imports,1765.81,4262.92,2,6,2024-02-19,2024-02-25,4994.22,False,2,2024
ORD01300,Mobile Accessories,Mobile Accessories,Mumbai,Guangzhou Imports,219.26,396.48,5,7,2023-08-05,2023-08-12,886.1,True,8,2023
ORD01301,Smart Watches,Smart Watches,Aurangabad,Shenzhen Traders,1386.64,2996.54,2,5,2023-01-05,2023-01-10,3219.8,False,1,2023
ORD01302,Mobile Accessories,Mobile Accessories,Nashik,Yiwu Global Trade,246.93,651.81,2,1,2023-05-26,2023-05-27,809.76,False,5,2023
ORD01303,Kitchen Gadgets,Kitchen Gadgets,Nagpur,Guangzhou Imports,228.86,514.03,6,5,2023-09-06,2023-09-11,1711.02,False,9,2023
ORD01304,LED Lights,LED Lights,Mumbai,Dragon Supply Co,180.89,402.12,5,5,2024-02-03,2024-02-08,1106.15,False,2,2024
ORD01305,Kitchen Gadgets,Kitchen Gadgets,Mumbai,Yiwu Global Trade,310.99,919.7,1,4,2024-05-05,2024-05-09,608.71,False,5,2024
ORD01306,Home Decor,Home Decor,Mumbai,Dragon Supply Co,132.38,461.59,6,15,2024-09-03,2024-09-18,1975.26,False,9,2024
ORD01307,LED Lights,LED Lights,Mumbai,Dragon Supply Co,207.65,475.64,10,11,2023-05-02,2023-05-13,2679.9,False,5,2023
ORD01308,Kitchen Gadgets,Kitchen Gadgets,Mumbai,Guangzhou Imports,127.72,290.95,13,9,2023-05-25,2023-06-03,2121.99,False,5,2023
ORD01309,Smart Watches,Smart Watches,Pune,Shenzhen Traders,1287.68,1931.5,1,1,2023-02-19,2023-02-20,643.82,True,2,2023
ORD01310,Smart Watches,Smart Watches,Mumbai,Shenzhen Traders,1429.07,3291.35,6,0,2023-05-08,2023-05-08,11173.68,False,5,2023
ORD01311,LED Lights,LED Lights,Aurangabad,Dragon Supply Co,253.22,567.25,3,7,2024-04-07,2024-04-14,942.09,False,4,2024
ORD01312,Home Decor,Home Decor,Aurangabad,Yiwu Global Trade,314.73,1100.61,1,2,2023-07-09,2023-07-11,785.88,False,7,2023
ORD01313,Home Decor,Home Decor,Mumbai,Yiwu Global Trade,293.03,694.49,5,2,2023-10-11,2023-10-13,2007.3,False,10,2023
ORD01314,Kitchen Gadgets,Kitchen Gadgets,Nashik,Guangzhou Imports,202.67,503.96,3,6,2023-05-16,2023-05-22,903.87,False,5,2023
ORD01315,LED Lights,LED Lights,Thane,Shenzhen Traders,250.6,538.43,2,5,2023-06-20,2023-06-25,575.66,False,6,2023
ORD01316,Home Decor,Home Decor,Thane,Dragon Supply Co,285.85,988.73,12,6,2024-08-05,2024-08-11,8434.56,False,8,2024
ORD01317,Mobile Accessories,Mobile Accessories,Thane,Guangzhou Imports,214.47,570.67,2,2,2024-01-06,2024-01-08,712.4,False,1,2024
ORD01318,Bluetooth Speakers,Bluetooth Speakers,Pune,Shenzhen Traders,605.35,1286.54,2,2,2024-04-02,2024-04-04,1362.38,False,4,2024
ORD01319,Home Decor,Home Decor,Nashik,Dragon Supply Co,203.8,519.45,7,3,2023-07-16,2023-07-19,2209.55,False,7,2023
ORD01320,Kitchen Gadgets,Kitchen Gadgets,Mumbai,Yiwu Global Trade,352.67,884.1,1,0,2024-01-17,2024-01-17,531.43,False,1,2024
ORD01321,Mobile Accessories,Mobile Accessories,Pune,Yiwu Global Trade,144.1,291.1,1,3,2024-03-28,2024-03-31,147.0,False,3,2024
ORD01322,Smart Watches,Smart Watches,Mumbai,Shenzhen Traders,746.63,1758.76,2,3,2023-01-06,2023-01-09,2024.26,False,1,2023
ORD01323,Kitchen Gadgets,Kitchen Gadgets,Pune,Yiwu Global Trade,281.49,699.08,2,1,2023-05-26,2023-05-27,835.18,False,5,2023
ORD01324,Bluetooth Speakers,Bluetooth Speakers,Thane,Shenzhen Traders,524.36,1136.63,4,4,2023-07-21,2023-07-25,2449.08,False,7,2023
ORD01325,Mobile Accessories,Mobile Accessories,Nagpur,Yiwu Global Trade,141.05,270.17,9,4,2024-09-15,2024-09-19,1162.08,False,9,2024
ORD01326,Kitchen Gadgets,Kitchen Gadgets,Thane,Yiwu Global Trade,360.92,789.9,5,3,2024-02-05,2024-02-08,2144.9,False,2,2024
ORD01327,LED Lights,LED Lights,Pune,Shenzhen Traders,342.03,769.58,2,4,2024-03-27,2024-03-31,855.1,False,3,2024
ORD01328,Home Decor,Home Decor,Mumbai,Dragon Supply Co,228.93,544.68,9,7,2024-05-18,2024-05-25,2841.75,False,5,2024
ORD01329,Home Decor,Home Decor,Mumbai,Dragon Supply Co,158.88,519.38,1,16,2024-06-17,2024-07-03,360.5,False,6,2024
ORD01330,Bluetooth Speakers,Bluetooth Speakers,Thane,Shenzhen Traders,766.79,1463.28,25,1,2024-05-29,2024-05-30,17412.25,False,5,2024
ORD01331,Mobile Accessories,Mobile Accessories,Mumbai,Yiwu Global Trade,202.97,424.98,6,2,2023-03-17,2023-03-19,1332.06,False,3,2023
ORD01332,Kitchen Gadgets,Kitchen Gadgets,Nashik,Guangzhou Imports,239.96,674.94,1,7,2023-08-21,2023-08-28,434.98,False,8,2023
ORD01333,Mobile Accessories,Mobile Accessories,Thane,Yiwu Global Trade,198.65,415.86,5,2,2024-12-14,2024-12-16,1086.05,False,12,2024
ORD01334,Kitchen Gadgets,Kitchen Gadgets,Pune,Yiwu Global Trade,270.15,598.52,10,1,2023-09-13,2023-09-14,3283.7,False,9,2023
ORD01335,LED Lights,LED Lights,Thane,Dragon Supply Co,380.23,889.67,1,7,2023-10-08,2023-10-15,509.44,False,10,2023
ORD01336,Home Decor,Home Decor,Thane,Dragon Supply Co,248.82,644.33,7,2,2023-01-25,2023-01-27,2768.57,False,1,2023
ORD01337,Kitchen Gadgets,Kitchen Gadgets,Thane,Yiwu Global Trade,159.96,473.06,1,2,2024-05-04,2024-05-06,313.1,False,5,2024
ORD01338,Home Decor,Home Decor,Aurangabad,Dragon Supply Co,136.97,370.89,5,7,2023-01-25,2023-02-01,1169.6,False,1,2023
ORD01339,Mobile Accessories,Mobile Accessories,Mumbai,Yiwu Global Trade,176.82,430.05,2,2,2023-04-26,2023-04-28,506.46,False,4,2023
ORD01340,LED Lights,LED Lights,Mumbai,Shenzhen Traders,312.7,635.42,11,3,2024-08-19,2024-08-22,3549.92,False,8,2024
ORD01341,Bluetooth Speakers,Bluetooth Speakers,Mumbai,Dragon Supply Co,388.22,999.32,3,4,2024-11-15,2024-11-19,1833.3,False,11,2024
ORD01342,Mobile Accessories,Mobile Accessories,Nashik,Yiwu Global Trade,91.9,172.81,11,2,2023-09-15,2023-09-17,890.01,False,9,2023
ORD01343,Mobile Accessories,Mobile Accessories,Thane,Yiwu Global Trade,149.85,302.67,1,2,2023-02-23,2023-02-25,152.82,False,2,2023
ORD01344,Kitchen Gadgets,Kitchen Gadgets,Pune,Guangzhou Imports,137.88,408.07,1,5,2024-04-27,2024-05-02,270.19,False,4,2024
ORD01345,Mobile Accessories,Mobile Accessories,Pune,Guangzhou Imports,219.04,598.13,1,3,2024-10-17,2024-10-20,379.09,False,10,2024
ORD01346,Kitchen Gadgets,Kitchen Gadgets,Nagpur,Guangzhou Imports,250.64,680.83,7,9,2023-10-31,2023-11-09,3011.33,False,10,2023
ORD01347,LED Lights,LED Lights,Pune,Shenzhen Traders,377.9,984.37,4,4,2024-11-30,2024-12-04,2425.88,False,11,2024
ORD01348,Smart Watches,Smart Watches,Pune,Guangzhou Imports,1312.55,3399.28,5,7,2023-10-10,2023-10-17,10433.65,False,10,2023
ORD01349,Bluetooth Speakers,Bluetooth Speakers,Nashik,Shenzhen Traders,741.41,1563.05,10,5,2023-03-13,2023-03-18,8216.4,False,3,2023
ORD01350,Mobile Accessories,Mobile Accessories,Mumbai,Yiwu Global Trade,232.99,658.56,3,0,2023-01-12,2023-01-12,1276.71,False,1,2023
ORD01351,Home Decor,Home Decor,Nashik,Yiwu Global Trade,111.97,348.03,7,2,2024-07-08,2024-07-10,1652.42,False,7,2024
ORD01352,Mobile Accessories,Mobile Accessories,Thane,Yiwu Global Trade,171.42,468.55,11,2,2024-06-03,2024-06-05,3268.43,False,6,2024
ORD01353,Home Decor,Home Decor,Thane,Yiwu Global Trade,184.59,588.92,1,3,2024-12-20,2024-12-23,404.33,False,12,2024
ORD01354,Smart Watches,Smart Watches,Thane,Shenzhen Traders,1230.05,3227.17,1,2,2024-09-04,2024-09-06,1997.12,False,9,2024
ORD01355,Mobile Accessories,Mobile Accessories,Mumbai,Yiwu Global Trade,87.59,160.94,2,3,2024-02-04,2024-02-07,146.7,False,2,2024
ORD01356,Home Decor,Home Decor,Pune,Dragon Supply Co,261.57,866.45,3,10,2024-01-16,2024-01-26,1814.64,False,1,2024
ORD01357,LED Lights,LED Lights,Mumbai,Dragon Supply Co,400.11,931.1,4,11,2023-07-14,2023-07-25,2123.96,False,7,2023
ORD01358,Bluetooth Speakers,Bluetooth Speakers,Mumbai,Shenzhen Traders,651.64,1348.64,5,7,2024-04-05,2024-04-12,3485.0,False,4,2024
ORD01359,Mobile Accessories,Mobile Accessories,Thane,Yiwu Global Trade,223.07,318.36,2,3,2023-03-05,2023-03-08,190.58,True,3,2023
ORD01360,LED Lights,LED Lights,Mumbai,Shenzhen Traders,308.32,737.15,3,5,2023-10-08,2023-10-13,1286.49,False,10,2023
ORD01361,LED Lights,LED Lights,Mumbai,Dragon Supply Co,265.94,412.65,3,8,2023-06-13,2023-06-21,440.13,True,6,2023
ORD01362,Home Decor,Home Decor,Pune,Yiwu Global Trade,100.98,305.49,2,2,2023-01-30,2023-02-01,409.02,False,1,2023
ORD01363,Home Decor,Home Decor,Pune,Yiwu Global Trade,160.91,255.48,7,1,2024-04-15,2024-04-16,661.99,True,4,2024
ORD01364,Bluetooth Speakers,Bluetooth Speakers,Thane,Dragon Supply Co,556.05,804.54,2,2,2024-01-02,2024-01-04,496.98,True,1,2024
ORD01365,Bluetooth Speakers,Bluetooth Speakers,Aurangabad,Dragon Supply Co,535.41,1089.3,2,13,2024-07-03,2024-07-16,1107.78,False,7,2024
ORD01366,Mobile Accessories,Mobile Accessories,Thane,Guangzhou Imports,221.18,450.11,4,7,2023-01-09,2023-01-16,915.72,False,1,2023
ORD01367,Bluetooth Speakers,Bluetooth Speakers,Thane,Dragon Supply Co,527.47,1233.62,3,11,2023-02-19,2023-03-02,2118.45,False,2,2023
ORD01368,Kitchen Gadgets,Kitchen Gadgets,Aurangabad,Guangzhou Imports,151.41,347.09,1,3,2024-11-07,2024-11-10,195.68,False,11,2024
ORD01369,Mobile Accessories,Mobile Accessories,Pune,Guangzhou Imports,133.76,313.65,1,7,2023-10-27,2023-11-03,179.89,False,10,2023
ORD01370,LED Lights,LED Lights,Nagpur,Dragon Supply Co,268.56,555.2,3,14,2024-03-16,2024-03-30,859.92,False,3,2024
ORD01371,Smart Watches,Smart Watches,Aurangabad,Guangzhou Imports,767.09,1863.22,2,12,2024-02-19,2024-03-02,2192.26,False,2,2024
ORD01372,Kitchen Gadgets,Kitchen Gadgets,Mumbai,Yiwu Global Trade,144.63,345.94,3,2,2023-05-18,2023-05-20,603.93,False,5,2023
ORD01373,Bluetooth Speakers,Bluetooth Speakers,Pune,Dragon Supply Co,699.44,1761.73,7,20,2023-11-12,2023-12-02,7436.03,False,11,2023
ORD01374,Home Decor,Home Decor,Mumbai,Dragon Supply Co,94.06,318.46,14,9,2024-02-27,2024-03-07,3141.6,False,2,2024
ORD01375,Kitchen Gadgets,Kitchen Gadgets,Pune,Yiwu Global Trade,303.2,448.25,2,3,2023-04-17,2023-04-20,290.1,True,4,2023
ORD01376,LED Lights,LED Lights,Mumbai,Dragon Supply Co,282.84,444.19,4,21,2024-08-29,2024-09-19,645.4,True,8,2024
ORD01377,Mobile Accessories,Mobile Accessories,Pune,Yiwu Global Trade,114.34,265.96,1,4,2023-12-14,2023-12-18,151.62,False,12,2023
ORD01378,Mobile Accessories,Mobile Accessories,Nashik,Yiwu Global Trade,135.88,297.49,2,3,2024-12-11,2024-12-14,323.22,False,12,2024
ORD01379,LED Lights,LED Lights,Nagpur,Dragon Supply Co,249.23,504.37,1,6,2023-04-18,2023-04-24,255.14,False,4,2023
ORD01380,Smart Watches,Smart Watches,Mumbai,Guangzhou Imports,1270.21,3461.71,14,5,2023-11-27,2023-12-02,30681.0,False,11,2023
ORD01381,Mobile Accessories,Mobile Accessories,Nagpur,Guangzhou Imports,144.85,325.95,1,8,2023-01-12,2023-01-20,181.1,False,1,2023
ORD01382,LED Lights,LED Lights,Thane,Shenzhen Traders,196.8,431.48,7,3,2023-12-27,2023-12-30,1642.76,False,12,2023
ORD01383,Mobile Accessories,Mobile Accessories,Mumbai,Guangzhou Imports,109.52,281.29,1,6,2023-10-30,2023-11-05,171.77,False,10,2023
ORD01384,Mobile Accessories,Mobile Accessories,Pune,Guangzhou Imports,152.46,374.12,5,3,2024-04-12,2024-04-15,1108.3,False,4,2024
ORD01385,Mobile Accessories,Mobile Accessories,Pune,Guangzhou Imports,182.99,407.03,8,5,2023-10-10,2023-10-15,1792.32,False,10,2023
ORD01386,Home Decor,Home Decor,Mumbai,Yiwu Global Trade,269.7,621.39,5,0,2023-11-18,2023-11-18,1758.45,False,11,2023
ORD01387,Bluetooth Speakers,Bluetooth Speakers,Mumbai,Shenzhen Traders,592.76,1335.91,3,1,2023-03-14,2023-03-15,2229.45,False,3,2023
ORD01388,Mobile Accessories,Mobile Accessories,Mumbai,Yiwu Global Trade,144.84,433.89,7,4,2024-09-27,2024-10-01,2023.35,False,9,2024
ORD01389,Smart Watches,Smart Watches,Nagpur,Shenzhen Traders,852.05,1963.43,5,4,2024-01-21,2024-01-25,5556.9,False,1,2024
ORD01390,Smart Watches,Smart Watches,Nagpur,Guangzhou Imports,1202.97,2726.64,1,8,2023-05-05,2023-05-13,1523.67,False,5,2023
ORD01391,Mobile Accessories,Mobile Accessories,Thane,Guangzhou Imports,80.71,242.64,1,0,2024-09-13,2024-09-13,161.93,False,9,2024
ORD01392,Smart Watches,Smart Watches,Pune,Guangzhou Imports,1128.19,2612.57,8,9,2023-05-08,2023-05-17,11875.04,False,5,2023
ORD01393,Bluetooth Speakers,Bluetooth Speakers,Pune,Shenzhen Traders,893.14,1741.5,1,2,2023-05-30,2023-06-01,848.36,False,5,2023
ORD01394,LED Lights,LED Lights,Aurangabad,Dragon Supply Co,218.97,605.0,7,14,2023-07-25,2023-08-08,2702.21,False,7,2023
ORD01395,Home Decor,Home Decor,Pune,Dragon Supply Co,202.38,626.37,5,13,2023-12-22,2024-01-04,2119.95,False,12,2023
ORD01396,Home Decor,Home Decor,Thane,Dragon Supply Co,259.2,456.33,12,6,2023-05-28,2023-06-03,2365.56,True,5,2023
ORD01397,Smart Watches,Smart Watches,Nashik,Shenzhen Traders,1392.13,3075.31,2,3,2023-07-14,2023-07-17,3366.36,False,7,2023
ORD01398,Home Decor,Home Decor,Mumbai,Yiwu Global Trade,228.49,785.39,2,3,2024-03-27,2024-03-30,1113.8,False,3,2024
ORD01399,LED Lights,LED Lights,Thane,Shenzhen Traders,334.66,976.16,3,4,2024-04-06,2024-04-10,1924.5,False,4,2024
ORD01400,Kitchen Gadgets,Kitchen Gadgets,Pune,Yiwu Global Trade,169.09,419.45,7,2,2023-12-03,2023-12-05,1752.52,False,12,2023
ORD01401,Smart Watches,Smart Watches,Pune,Guangzhou Imports,1263.18,3422.36,1,6,2023-05-22,2023-05-28,2159.18,False,5,2023
ORD01402,Home Decor,Home Decor,Thane,Dragon Supply Co,302.59,705.39,8,7,2024-02-05,2024-02-12,3222.4,True,2,2024
ORD01403,Kitchen Gadgets,Kitchen Gadgets,Thane,Guangzhou Imports,189.95,434.71,3,8,2024-05-09,2024-05-17,734.28,False,5,2024
ORD01404,Home Decor,Home Decor,Mumbai,Dragon Supply Co,128.73,255.85,2,7,2024-09-07,2024-09-14,254.24,True,9,2024
ORD01405,Home Decor,Home Decor,Nagpur,Dragon Supply Co,240.54,758.41,1,2,2023-07-25,2023-07-27,517.87,False,7,2023
ORD01406,Smart Watches,Smart Watches,Nashik,Shenzhen Traders,877.72,1883.23,4,2,2023-07-09,2023-07-11,4022.04,False,7,2023
ORD01407,Bluetooth Speakers,Bluetooth Speakers,Mumbai,Dragon Supply Co,382.44,775.55,9,9,2023-09-08,2023-09-17,3537.99,False,9,2023
ORD01408,Smart Watches,Smart Watches,Pune,Guangzhou Imports,1699.92,3548.34,4,8,2024-05-25,2024-06-02,7393.68,False,5,2024
ORD01409,LED Lights,LED Lights,Mumbai,Dragon Supply Co,209.92,303.33,2,6,2024-05-22,2024-05-28,186.82,True,5,2024
ORD01410,Mobile Accessories,Mobile Accessories,Pune,Yiwu Global Trade,209.29,379.51,1,0,2024-08-30,2024-08-30,170.22,False,8,2024
ORD01411,LED Lights,LED Lights,Mumbai,Shenzhen Traders,305.36,612.94,4,6,2024-07-19,2024-07-25,1230.32,False,7,2024
ORD01412,Smart Watches,Smart Watches,Pune,Guangzhou Imports,1037.58,2431.63,9,6,2024-09-02,2024-09-08,12546.45,False,9,2024
ORD01413,Smart Watches,Smart Watches,Thane,Guangzhou Imports,1732.14,4385.89,2,0,2023-07-12,2023-07-12,5307.5,False,7,2023
ORD01414,LED Lights,LED Lights,Thane,Dragon Supply Co,373.5,748.15,7,7,2024-12-06,2024-12-13,2622.55,False,12,2024
ORD01415,Bluetooth Speakers,Bluetooth Speakers,Mumbai,Dragon Supply Co,417.59,948.53,7,4,2023-11-22,2023-11-26,3716.58,False,11,2023
ORD01416,Mobile Accessories,Mobile Accessories,Pune,Yiwu Global Trade,196.65,593.45,1,4,2023-07-07,2023-07-11,396.8,False,7,2023
ORD01417,Home Decor,Home Decor,Mumbai,Yiwu Global Trade,236.76,810.79,1,1,2024-04-19,2024-04-20,574.03,False,4,2024
ORD01418,Home Decor,Home Decor,Thane,Dragon Supply Co,313.01,988.03,12,11,2024-11-09,2024-11-20,8100.24,False,11,2024
ORD01419,Mobile Accessories,Mobile Accessories,Pune,Yiwu Global Trade,184.14,352.43,1,3,2023-04-12,2023-04-15,168.29,False,4,2023
ORD01420,Bluetooth Speakers,Bluetooth Speakers,Nashik,Dragon Supply Co,511.62,1041.94,2,14,2024-03-16,2024-03-30,1060.64,False,3,2024
ORD01421,Kitchen Gadgets,Kitchen Gadgets,Mumbai,Yiwu Global Trade,327.17,775.79,3,2,2023-02-21,2023-02-23,1345.86,False,2,2023
ORD01422,Kitchen Gadgets,Kitchen Gadgets,Mumbai,Guangzhou Imports,236.03,520.24,20,8,2023-07-19,2023-07-27,5684.2,False,7,2023
ORD01423,Mobile Accessories,Mobile Accessories,Mumbai,Guangzhou Imports,208.05,566.65,3,9,2024-09-18,2024-09-27,1075.8,False,9,2024
ORD01424,Bluetooth Speakers,Bluetooth Speakers,Mumbai,Dragon Supply Co,860.93,2179.75,6,20,2023-01-20,2023-02-09,7912.92,False,1,2023
ORD01425,Mobile Accessories,Mobile Accessories,Nashik,Yiwu Global Trade,241.76,662.14,16,2,2024-07-04,2024-07-06,6726.08,False,7,2024
ORD01426,Kitchen Gadgets,Kitchen Gadgets,Mumbai,Guangzhou Imports,299.86,865.02,3,5,2024-10-27,2024-11-01,1695.48,False,10,2024
ORD01427,Kitchen Gadgets,Kitchen Gadgets,Nagpur,Yiwu Global Trade,218.02,598.62,1,4,2024-06-06,2024-06-10,380.6,False,6,2024
ORD01428,Bluetooth Speakers,Bluetooth Speakers,Thane,Shenzhen Traders,472.95,936.91,4,3,2024-01-04,2024-01-07,1855.84,False,1,2024
ORD01429,LED Lights,LED Lights,Nashik,Dragon Supply Co,404.93,777.97,17,3,2024-07-30,2024-08-02,6341.68,True,7,2024
ORD01430,Smart Watches,Smart Watches,Thane,Shenzhen Traders,1747.18,3010.52,1,4,2024-01-11,2024-01-15,1263.34,True,1,2024
ORD01431,LED Lights,LED Lights,Thane,Shenzhen Traders,415.16,963.02,4,5,2023-12-25,2023-12-30,2191.44,False,12,2023
ORD01432,Home Decor,Home Decor,Pune,Yiwu Global Trade,228.37,568.36,2,2,2024-10-13,2024-10-15,679.98,False,10,2024
ORD01433,Kitchen Gadgets,Kitchen Gadgets,Pune,Guangzhou Imports,332.2,786.36,4,6,2024-09-20,2024-09-26,1816.64,False,9,2024
ORD01434,Home Decor,Home Decor,Mumbai,Dragon Supply Co,155.18,492.1,7,9,2023-09-26,2023-10-05,2358.44,False,9,2023
ORD01435,Home Decor,Home Decor,Nagpur,Yiwu Global Trade,161.05,561.65,2,3,2023-04-28,2023-05-01,801.2,False,4,2023
ORD01436,Home Decor,Home Decor,Nagpur,Dragon Supply Co,139.61,360.05,6,10,2024-04-24,2024-05-04,1322.64,False,4,2024
ORD01437,LED Lights,LED Lights,Mumbai,Dragon Supply Co,352.02,1002.58,2,13,2024-01-01,2024-01-14,1301.12,False,1,2024
ORD01438,Mobile Accessories,Mobile Accessories,Thane,Guangzhou Imports,211.93,635.68,1,0,2024-03-04,2024-03-04,423.75,False,3,2024
ORD01439,Smart Watches,Smart Watches,Aurangabad,Shenzhen Traders,1280.13,2905.8,4,6,2024-06-23,2024-06-29,6502.68,False,6,2024
ORD01440,Smart Watches,Smart Watches,Pune,Guangzhou Imports,1257.02,2798.67,2,4,2024-06-24,2024-06-28,3083.3,False,6,2024
ORD01441,Mobile Accessories,Mobile Accessories,Mumbai,Yiwu Global Trade,134.98,392.49,1,2,2023-06-13,2023-06-15,257.51,False,6,2023
ORD01442,LED Lights,LED Lights,Pune,Dragon Supply Co,219.29,468.75,1,5,2024-12-20,2024-12-25,249.46,False,12,2024
ORD01443,Smart Watches,Smart Watches,Mumbai,Shenzhen Traders,1575.01,3396.55,3,0,2024-05-14,2024-05-14,5464.62,False,5,2024
ORD01444,Smart Watches,Smart Watches,Nashik,Shenzhen Traders,1786.76,3784.51,4,1,2024-07-12,2024-07-13,7991.0,False,7,2024
ORD01445,Bluetooth Speakers,Bluetooth Speakers,Thane,Dragon Supply Co,402.83,1040.07,5,9,2023-09-03,2023-09-12,3186.2,False,9,2023
ORD01446,LED Lights,LED Lights,Aurangabad,Shenzhen Traders,336.02,871.43,1,5,2024-12-22,2024-12-27,535.41,False,12,2024
ORD01447,Home Decor,Home Decor,Mumbai,Dragon Supply Co,117.32,318.6,5,16,2023-11-26,2023-12-12,1006.4,False,11,2023
ORD01448,Kitchen Gadgets,Kitchen Gadgets,Nashik,Yiwu Global Trade,217.6,592.44,1,4,2024-11-03,2024-11-07,374.84,False,11,2024
ORD01449,Home Decor,Home Decor,Thane,Yiwu Global Trade,288.93,879.91,1,2,2023-07-07,2023-07-09,590.98,False,7,2023
ORD01450,Home Decor,Home Decor,Pune,Dragon Supply Co,117.6,271.35,1,12,2024-12-30,2025-01-11,153.75,False,12,2024
ORD01451,Home Decor,Home Decor,Mumbai,Yiwu Global Trade,221.79,653.04,5,3,2023-03-12,2023-03-15,2156.25,False,3,2023
ORD01452,Home Decor,Home Decor,Thane,Yiwu Global Trade,131.65,372.5,5,4,2023-10-19,2023-10-23,1204.25,False,10,2023
ORD01453,Bluetooth Speakers,Bluetooth Speakers,Nagpur,Shenzhen Traders,404.69,786.9,5,1,2024-09-26,2024-09-27,1911.05,False,9,2024
ORD01454,Kitchen Gadgets,Kitchen Gadgets,Pune,Yiwu Global Trade,302.19,741.7,2,3,2023-06-05,2023-06-08,879.02,False,6,2023
ORD01455,Kitchen Gadgets,Kitchen Gadgets,Mumbai,Guangzhou Imports,337.66,872.88,5,5,2024-06-11,2024-06-16,2676.1,False,6,2024
ORD01456,Home Decor,Home Decor,Thane,Yiwu Global Trade,137.72,420.89,1,3,2024-02-25,2024-02-28,283.17,False,2,2024
ORD01457,Kitchen Gadgets,Kitchen Gadgets,Mumbai,Yiwu Global Trade,236.28,563.02,3,3,2023-10-31,2023-11-03,980.22,False,10,2023
ORD01458,Kitchen Gadgets,Kitchen Gadgets,Nashik,Yiwu Global Trade,142.83,332.95,1,0,2024-06-25,2024-06-25,190.12,False,6,2024
ORD01459,LED Lights,LED Lights,Pune,Shenzhen Traders,267.25,680.0,7,3,2023-07-22,2023-07-25,2889.25,False,7,2023
ORD01460,Home Decor,Home Decor,Mumbai,Yiwu Global Trade,100.62,345.08,2,3,2023-03-31,2023-04-03,488.92,False,3,2023
ORD01461,Smart Watches,Smart Watches,Mumbai,Guangzhou Imports,1214.01,2731.95,6,3,2024-03-30,2024-04-02,9107.64,False,3,2024
ORD01462,Smart Watches,Smart Watches,Nashik,Shenzhen Traders,1412.01,2012.18,1,0,2023-02-13,2023-02-13,600.17,True,2,2023
ORD01463,Mobile Accessories,Mobile Accessories,Thane,Yiwu Global Trade,116.59,231.77,3,3,2024-08-20,2024-08-23,345.54,False,8,2024
ORD01464,Kitchen Gadgets,Kitchen Gadgets,Mumbai,Guangzhou Imports,309.57,767.68,2,4,2023-06-04,2023-06-08,916.22,False,6,2023
ORD01465,Smart Watches,Smart Watches,Nagpur,Guangzhou Imports,837.82,1981.32,1,4,2023-09-03,2023-09-07,1143.5,False,9,2023
ORD01466,Home Decor,Home Decor,Aurangabad,Dragon Supply Co,122.95,303.06,2,13,2024-12-02,2024-12-15,360.22,False,12,2024
ORD01467,Smart Watches,Smart Watches,Nashik,Shenzhen Traders,1298.19,3269.12,1,3,2024-11-22,2024-11-25,1970.93,False,11,2024
ORD01468,Mobile Accessories,Mobile Accessories,Thane,Yiwu Global Trade,133.78,388.35,1,1,2024-02-26,2024-02-27,254.57,False,2,2024
ORD01469,Kitchen Gadgets,Kitchen Gadgets,Mumbai,Yiwu Global Trade,152.4,335.13,1,3,2023-12-30,2024-01-02,182.73,False,12,2023
ORD01470,LED Lights,LED Lights,Nagpur,Dragon Supply Co,267.08,623.24,2,11,2024-12-22,2025-01-02,712.32,False,12,2024
ORD01471,Mobile Accessories,Mobile Accessories,Mumbai,Yiwu Global Trade,144.12,454.88,9,4,2023-04-08,2023-04-12,2796.84,False,4,2023
ORD01472,LED Lights,LED Lights,Mumbai,Shenzhen Traders,354.8,818.36,3,4,2023-05-14,2023-05-18,1390.68,False,5,2023
ORD01473,Bluetooth Speakers,Bluetooth Speakers,Nagpur,Dragon Supply Co,735.25,1842.37,4,11,2024-05-17,2024-05-28,4428.48,False,5,2024
ORD01474,Kitchen Gadgets,Kitchen Gadgets,Thane,Yiwu Global Trade,164.39,485.26,5,2,2024-11-09,2024-11-11,1604.35,False,11,2024
ORD01475,Smart Watches,Smart Watches,Pune,Guangzhou Imports,796.71,1599.47,1,4,2023-08-08,2023-08-12,802.76,False,8,2023
ORD01476,Mobile Accessories,Mobile Accessories,Mumbai,Guangzhou Imports,176.49,383.75,1,5,2024-10-23,2024-10-28,207.26,False,10,2024
ORD01477,Home Decor,Home Decor,Nashik,Dragon Supply Co,147.3,440.62,9,12,2024-12-27,2025-01-08,2639.88,False,12,2024
ORD01478,Mobile Accessories,Mobile Accessories,Aurangabad,Yiwu Global Trade,215.74,540.02,5,2,2023-09-08,2023-09-10,1621.4,False,9,2023
ORD01479,Bluetooth Speakers,Bluetooth Speakers,Pune,Dragon Supply Co,821.86,2106.61,1,6,2023-05-03,2023-05-09,1284.75,False,5,2023
ORD01480,Smart Watches,Smart Watches,Nagpur,Shenzhen Traders,738.2,1618.16,1,2,2023-02-04,2023-02-06,879.96,False,2,2023
ORD01481,Kitchen Gadgets,Kitchen Gadgets,Mumbai,Yiwu Global Trade,194.32,570.65,10,2,2024-09-14,2024-09-16,3763.3,False,9,2024
ORD01482,LED Lights,LED Lights,Nashik,Dragon Supply Co,403.79,862.67,3,5,2023-06-24,2023-06-29,1376.64,False,6,2023
ORD01483,Home Decor,Home Decor,Pune,Yiwu Global Trade,231.75,784.28,1,4,2024-08-19,2024-08-23,552.53,False,8,2024
ORD01484,Home Decor,Home Decor,Nashik,Dragon Supply Co,262.42,660.64,9,22,2023-07-14,2023-08-05,3583.98,False,7,2023
ORD01485,Kitchen Gadgets,Kitchen Gadgets,Nagpur,Yiwu Global Trade,370.81,1003.81,18,5,2023-11-30,2023-12-05,11394.0,False,11,2023
ORD01486,Kitchen Gadgets,Kitchen Gadgets,Mumbai,Yiwu Global Trade,215.43,478.25,2,3,2023-01-01,2023-01-04,525.64,False,1,2023
ORD01487,LED Lights,LED Lights,Pune,Dragon Supply Co,220.92,656.07,8,6,2023-07-27,2023-08-02,3481.2,False,7,2023
ORD01488,Home Decor,Home Decor,Thane,Yiwu Global Trade,285.68,947.07,17,2,2023-01-12,2023-01-14,11243.63,False,1,2023
ORD01489,Bluetooth Speakers,Bluetooth Speakers,Mumbai,Shenzhen Traders,351.23,822.52,1,0,2024-11-30,2024-11-30,471.29,False,11,2024
ORD01490,Smart Watches,Smart Watches,Aurangabad,Shenzhen Traders,1676.37,4490.46,5,4,2023-06-20,2023-06-24,14070.45,False,6,2023
ORD01491,LED Lights,LED Lights,Pune,Dragon Supply Co,264.93,531.23,1,13,2024-03-02,2024-03-15,266.3,False,3,2024
ORD01492,Mobile Accessories,Mobile Accessories,Pune,Yiwu Global Trade,97.23,241.99,7,1,2023-11-15,2023-11-16,1013.32,False,11,2023
ORD01493,Kitchen Gadgets,Kitchen Gadgets,Pune,Yiwu Global Trade,357.41,752.78,2,2,2023-06-28,2023-06-30,790.74,False,6,2023
ORD01494,Smart Watches,Smart Watches,Pune,Shenzhen Traders,1080.46,2475.98,4,6,2024-04-12,2024-04-18,5582.08,False,4,2024
ORD01495,Kitchen Gadgets,Kitchen Gadgets,Mumbai,Guangzhou Imports,234.03,668.25,1,10,2023-03-09,2023-03-19,434.22,False,3,2023
ORD01496,Smart Watches,Smart Watches,Mumbai,Guangzhou Imports,1666.11,4277.53,1,7,2024-03-07,2024-03-14,2611.42,False,3,2024
ORD01497,Smart Watches,Smart Watches,Mumbai,Shenzhen Traders,1134.21,1798.26,2,5,2024-03-04,2024-03-09,1328.1,True,3,2024
ORD01498,Home Decor,Home Decor,Aurangabad,Yiwu Global Trade,310.73,1080.66,2,4,2024-01-05,2024-01-09,1539.86,False,1,2024
ORD01499,Bluetooth Speakers,Bluetooth Speakers,Thane,Shenzhen Traders,742.88,1580.42,1,2,2024-08-10,2024-08-12,837.54,False,8,2024
ORD01500,Bluetooth Speakers,Bluetooth Speakers,Mumbai,Shenzhen Traders,876.72,2152.26,14,1,2024-12-15,2024-12-16,17857.56,False,12,2024
ORD01501,Smart Watches,Smart Watches,Thane,Shenzhen Traders,921.98,2344.27,7,8,2023-11-05,2023-11-13,9956.03,False,11,2023
ORD01502,Kitchen Gadgets,Kitchen Gadgets,Pune,Yiwu Global Trade,195.26,495.44,1,2,2024-12-26,2024-12-28,300.18,False,12,2024
ORD01503,Mobile Accessories,Mobile Accessories,Nashik,Guangzhou Imports,111.77,245.18,1,4,2024-05-16,2024-05-20,133.41,False,5,2024
ORD01504,Smart Watches,Smart Watches,Nashik,Shenzhen Traders,1143.53,2720.59,2,5,2024-11-29,2024-12-04,3154.12,False,11,2024
ORD01505,LED Lights,LED Lights,Mumbai,Shenzhen Traders,385.17,1012.58,9,2,2024-06-23,2024-06-25,5646.69,False,6,2024
ORD01506,LED Lights,LED Lights,Pune,Shenzhen Traders,245.73,538.68,3,4,2024-04-27,2024-05-01,878.85,False,4,2024
ORD01507,LED Lights,LED Lights,Mumbai,Shenzhen Traders,192.23,462.75,5,4,2023-10-21,2023-10-25,1352.6,False,10,2023
ORD01508,Home Decor,Home Decor,Mumbai,Yiwu Global Trade,188.0,428.59,6,3,2024-06-11,2024-06-14,1443.54,False,6,2024
ORD01509,LED Lights,LED Lights,Mumbai,Dragon Supply Co,267.26,786.55,3,6,2024-02-23,2024-02-29,1557.87,False,2,2024
ORD01510,Mobile Accessories,Mobile Accessories,Thane,Yiwu Global Trade,110.9,199.7,6,1,2023-03-05,2023-03-06,532.8,False,3,2023
ORD01511,Smart Watches,Smart Watches,Mumbai,Shenzhen Traders,972.18,2416.08,3,6,2023-12-18,2023-12-24,4331.7,False,12,2023
ORD01512,Smart Watches,Smart Watches,Pune,Guangzhou Imports,1000.01,1454.27,5,11,2023-08-13,2023-08-24,2271.3,True,8,2023
ORD01513,Kitchen Gadgets,Kitchen Gadgets,Pune,Yiwu Global Trade,312.74,758.47,4,1,2024-09-06,2024-09-07,1782.92,False,9,2024
ORD01514,Kitchen Gadgets,Kitchen Gadgets,Mumbai,Guangzhou Imports,191.75,503.52,1,7,2023-10-30,2023-11-06,311.77,False,10,2023
ORD01515,LED Lights,LED Lights,Nagpur,Shenzhen Traders,324.44,662.19,4,4,2024-11-12,2024-11-16,1351.0,False,11,2024
ORD01516,Home Decor,Home Decor,Mumbai,Yiwu Global Trade,192.53,448.25,9,2,2023-12-13,2023-12-15,2301.48,False,12,2023
ORD01517,Kitchen Gadgets,Kitchen Gadgets,Pune,Guangzhou Imports,243.29,677.54,3,6,2023-04-19,2023-04-25,1302.75,False,4,2023
ORD01518,Mobile Accessories,Mobile Accessories,Mumbai,Guangzhou Imports,151.1,422.51,4,1,2024-08-11,2024-08-12,1085.64,False,8,2024
ORD01519,Kitchen Gadgets,Kitchen Gadgets,Thane,Guangzhou Imports,236.61,649.63,2,11,2024-10-21,2024-11-01,826.04,False,10,2024
ORD01520,LED Lights,LED Lights,Pune,Dragon Supply Co,403.52,707.25,2,1,2024-06-20,2024-06-21,607.46,True,6,2024
ORD01521,Kitchen Gadgets,Kitchen Gadgets,Nashik,Guangzhou Imports,153.52,328.67,4,8,2023-10-24,2023-11-01,700.6,False,10,2023
ORD01522,Home Decor,Home Decor,Nashik,Yiwu Global Trade,181.42,560.61,4,2,2023-03-16,2023-03-18,1516.76,False,3,2023
ORD01523,LED Lights,LED Lights,Pune,Shenzhen Traders,302.23,774.46,1,2,2023-06-17,2023-06-19,472.23,False,6,2023
ORD01524,Kitchen Gadgets,Kitchen Gadgets,Mumbai,Guangzhou Imports,120.94,316.22,5,6,2024-06-14,2024-06-20,976.4,False,6,2024
ORD01525,LED Lights,LED Lights,Pune,Dragon Supply Co,352.94,797.23,2,7,2023-08-29,2023-09-05,888.58,False,8,2023
ORD01526,Smart Watches,Smart Watches,Nagpur,Guangzhou Imports,846.78,1724.46,1,4,2023-01-01,2023-01-05,877.68,False,1,2023
ORD01527,LED Lights,LED Lights,Aurangabad,Shenzhen Traders,246.66,526.12,3,4,2024-03-04,2024-03-08,838.38,False,3,2024
ORD01528,LED Lights,LED Lights,Aurangabad,Shenzhen Traders,230.39,487.55,7,2,2023-08-09,2023-08-11,1800.12,False,8,2023
ORD01529,Home Decor,Home Decor,Pune,Dragon Supply Co,307.68,1030.48,5,3,2024-12-23,2024-12-26,3614.0,False,12,2024
ORD01530,Mobile Accessories,Mobile Accessories,Thane,Yiwu Global Trade,130.13,413.73,1,2,2023-02-11,2023-02-13,283.6,False,2,2023
ORD01531,LED Lights,LED Lights,Mumbai,Dragon Supply Co,411.65,896.05,2,19,2024-03-14,2024-04-02,968.8,False,3,2024
ORD01532,Kitchen Gadgets,Kitchen Gadgets,Nashik,Yiwu Global Trade,298.91,882.11,3,1,2023-01-21,2023-01-22,1749.6,False,1,2023
ORD01533,Home Decor,Home Decor,Thane,Yiwu Global Trade,140.75,358.83,1,3,2023-02-17,2023-02-20,218.08,False,2,2023
ORD01534,Bluetooth Speakers,Bluetooth Speakers,Pune,Dragon Supply Co,751.4,1655.88,2,12,2023-10-01,2023-10-13,1808.96,False,10,2023
ORD01535,Bluetooth Speakers,Bluetooth Speakers,Pune,Dragon Supply Co,602.66,1489.12,7,14,2024-01-16,2024-01-30,6205.22,False,1,2024
ORD01536,Kitchen Gadgets,Kitchen Gadgets,Aurangabad,Guangzhou Imports,166.91,392.88,2,7,2024-01-23,2024-01-30,451.94,False,1,2024
ORD01537,Mobile Accessories,Mobile Accessories,Nashik,Yiwu Global Trade,111.93,223.96,1,2,2023-05-23,2023-05-25,112.03,False,5,2023
ORD01538,Bluetooth Speakers,Bluetooth Speakers,Mumbai,Shenzhen Traders,639.73,1540.94,6,5,2023-03-20,2023-03-25,5407.26,False,3,2023
ORD01539,Kitchen Gadgets,Kitchen Gadgets,Pune,Yiwu Global Trade,125.39,356.6,12,3,2024-08-27,2024-08-30,2774.52,False,8,2024
ORD01540,Home Decor,Home Decor,Mumbai,Yiwu Global Trade,267.13,680.63,2,2,2024-05-10,2024-05-12,827.0,False,5,2024
ORD01541,Kitchen Gadgets,Kitchen Gadgets,Thane,Yiwu Global Trade,122.44,344.36,1,1,2024-06-04,2024-06-05,221.92,False,6,2024
ORD01542,Smart Watches,Smart Watches,Mumbai,Shenzhen Traders,1202.49,2946.44,7,1,2024-05-22,2024-05-23,12207.65,False,5,2024
ORD01543,Mobile Accessories,Mobile Accessories,Pune,Yiwu Global Trade,106.27,199.6,4,3,2023-11-04,2023-11-07,373.32,False,11,2023
ORD01544,Home Decor,Home Decor,Mumbai,Yiwu Global Trade,100.24,291.5,20,3,2024-09-06,2024-09-09,3825.2,False,9,2024
ORD01545,Bluetooth Speakers,Bluetooth Speakers,Mumbai,Dragon Supply Co,473.37,974.51,1,1,2024-05-01,2024-05-02,501.14,False,5,2024
ORD01546,Smart Watches,Smart Watches,Mumbai,Guangzhou Imports,1660.84,3832.88,8,1,2023-07-16,2023-07-17,17376.32,False,7,2023
ORD01547,LED Lights,LED Lights,Mumbai,Dragon Supply Co,206.43,433.86,1,6,2023-03-30,2023-04-05,227.43,False,3,2023
ORD01548,Smart Watches,Smart Watches,Nagpur,Shenzhen Traders,786.1,2152.86,5,3,2024-05-07,2024-05-10,6833.8,False,5,2024
ORD01549,LED Lights,LED Lights,Mumbai,Shenzhen Traders,307.32,798.91,3,6,2023-01-13,2023-01-19,1474.77,False,1,2023
ORD01550,Mobile Accessories,Mobile Accessories,Nagpur,Yiwu Global Trade,128.79,389.66,2,3,2024-12-07,2024-12-10,521.74,False,12,2024
ORD01551,Bluetooth Speakers,Bluetooth Speakers,Aurangabad,Shenzhen Traders,795.9,1908.5,1,6,2024-08-16,2024-08-22,1112.6,False,8,2024
ORD01552,LED Lights,LED Lights,Thane,Shenzhen Traders,215.18,462.16,4,1,2024-12-26,2024-12-27,987.92,False,12,2024
ORD01553,Bluetooth Speakers,Bluetooth Speakers,Mumbai,Dragon Supply Co,585.1,1409.33,3,11,2024-04-11,2024-04-22,2472.69,False,4,2024
ORD01554,Smart Watches,Smart Watches,Mumbai,Shenzhen Traders,1092.77,2464.69,13,5,2024-05-06,2024-05-11,17834.96,False,5,2024
ORD01555,Home Decor,Home Decor,Nagpur,Dragon Supply Co,236.42,562.61,1,15,2023-07-02,2023-07-17,326.19,False,7,2023
ORD01556,Mobile Accessories,Mobile Accessories,Pune,Yiwu Global Trade,164.51,419.05,2,4,2024-06-25,2024-06-29,509.08,False,6,2024
ORD01557,Mobile Accessories,Mobile Accessories,Mumbai,Yiwu Global Trade,201.54,511.45,3,2,2023-05-24,2023-05-26,929.73,False,5,2023
ORD01558,Home Decor,Home Decor,Nashik,Yiwu Global Trade,144.09,317.53,7,2,2024-08-14,2024-08-16,1214.08,False,8,2024
ORD01559,LED Lights,LED Lights,Nagpur,Dragon Supply Co,409.83,837.95,4,5,2024-07-07,2024-07-12,1712.48,True,7,2024
ORD01560,Smart Watches,Smart Watches,Thane,Guangzhou Imports,1646.79,4372.57,5,8,2024-06-01,2024-06-09,13628.9,False,6,2024
ORD01561,Mobile Accessories,Mobile Accessories,Mumbai,Yiwu Global Trade,220.73,414.58,11,2,2023-08-03,2023-08-05,2132.35,False,8,2023
ORD01562,Home Decor,Home Decor,Pune,Yiwu Global Trade,96.06,331.83,7,2,2024-11-16,2024-11-18,1650.39,False,11,2024
ORD01563,Home Decor,Home Decor,Nashik,Yiwu Global Trade,106.97,351.79,2,2,2024-06-21,2024-06-23,489.64,False,6,2024
ORD01564,LED Lights,LED Lights,Pune,Shenzhen Traders,198.96,413.25,8,3,2023-03-16,2023-03-19,1714.32,False,3,2023
ORD01565,Bluetooth Speakers,Bluetooth Speakers,Thane,Dragon Supply Co,608.37,1215.57,3,10,2023-03-19,2023-03-29,1821.6,False,3,2023
ORD01566,Smart Watches,Smart Watches,Pune,Guangzhou Imports,1037.94,2724.71,13,4,2023-08-10,2023-08-14,21928.01,False,8,2023
ORD01567,Smart Watches,Smart Watches,Mumbai,Shenzhen Traders,1663.33,3369.4,15,5,2023-06-28,2023-07-03,25591.05,False,6,2023
ORD01568,Kitchen Gadgets,Kitchen Gadgets,Mumbai,Yiwu Global Trade,336.5,912.56,6,2,2024-09-12,2024-09-14,3456.36,False,9,2024
ORD01569,Kitchen Gadgets,Kitchen Gadgets,Thane,Guangzhou Imports,250.49,685.95,1,9,2023-07-10,2023-07-19,435.46,False,7,2023
ORD01570,Mobile Accessories,Mobile Accessories,Aurangabad,Yiwu Global Trade,168.66,534.5,1,4,2024-01-22,2024-01-26,365.84,False,1,2024
ORD01571,Mobile Accessories,Mobile Accessories,Nagpur,Yiwu Global Trade,117.21,241.12,8,3,2024-09-07,2024-09-10,991.28,False,9,2024
ORD01572,Kitchen Gadgets,Kitchen Gadgets,Thane,Yiwu Global Trade,241.79,575.91,4,3,2024-11-20,2024-11-23,1336.48,False,11,2024
ORD01573,Bluetooth Speakers,Bluetooth Speakers,Mumbai,Dragon Supply Co,554.31,1217.79,3,4,2023-06-14,2023-06-18,1990.44,False,6,2023
ORD01574,LED Lights,LED Lights,Pune,Shenzhen Traders,366.91,856.91,16,8,2024-01-24,2024-02-01,7840.0,False,1,2024
ORD01575,Mobile Accessories,Mobile Accessories,Mumbai,Guangzhou Imports,181.51,518.96,6,9,2023-01-03,2023-01-12,2024.7,False,1,2023
ORD01576,Kitchen Gadgets,Kitchen Gadgets,Nagpur,Yiwu Global Trade,128.42,300.79,1,4,2024-02-19,2024-02-23,172.37,False,2,2024
ORD01577,Kitchen Gadgets,Kitchen Gadgets,Nagpur,Yiwu Global Trade,325.46,696.85,1,1,2023-01-24,2023-01-25,371.39,False,1,2023
ORD01578,Smart Watches,Smart Watches,Aurangabad,Shenzhen Traders,1514.43,4190.41,1,5,2024-05-12,2024-05-17,2675.98,False,5,2024
ORD01579,Smart Watches,Smart Watches,Nashik,Guangzhou Imports,1769.93,4534.78,2,4,2024-08-04,2024-08-08,5529.7,False,8,2024
ORD01580,Bluetooth Speakers,Bluetooth Speakers,Pune,Dragon Supply Co,776.28,1487.8,2,11,2024-08-13,2024-08-24,1423.04,False,8,2024
ORD01581,Bluetooth Speakers,Bluetooth Speakers,Mumbai,Dragon Supply Co,433.35,963.85,11,8,2024-07-12,2024-07-20,5835.5,False,7,2024
ORD01582,LED Lights,LED Lights,Thane,Shenzhen Traders,373.79,992.12,2,4,2024-06-29,2024-07-03,1236.66,False,6,2024
ORD01583,Mobile Accessories,Mobile Accessories,Pune,Yiwu Global Trade,102.3,225.79,3,2,2023-08-24,2023-08-26,370.47,False,8,2023
ORD01584,Bluetooth Speakers,Bluetooth Speakers,Thane,Dragon Supply Co,775.8,1684.53,1,7,2024-04-21,2024-04-28,908.73,False,4,2024
ORD01585,Kitchen Gadgets,Kitchen Gadgets,Aurangabad,Yiwu Global Trade,267.39,800.82,4,2,2024-12-04,2024-12-06,2133.72,False,12,2024
ORD01586,LED Lights,LED Lights,Thane,Shenzhen Traders,254.29,729.19,4,3,2024-08-23,2024-08-26,1899.6,False,8,2024
ORD01587,LED Lights,LED Lights,Mumbai,Dragon Supply Co,255.29,749.04,3,15,2023-04-03,2023-04-18,1481.25,False,4,2023
ORD01588,Smart Watches,Smart Watches,Pune,Guangzhou Imports,731.8,1879.65,7,4,2024-04-29,2024-05-03,8034.95,False,4,2024
ORD01589,Bluetooth Speakers,Bluetooth Speakers,Thane,Shenzhen Traders,593.12,1510.62,5,3,2024-09-25,2024-09-28,4587.5,False,9,2024
ORD01590,Kitchen Gadgets,Kitchen Gadgets,Mumbai,Guangzhou Imports,343.34,844.91,7,3,2024-05-17,2024-05-20,3510.99,False,5,2024
ORD01591,Home Decor,Home Decor,Pune,Yiwu Global Trade,207.87,626.11,5,2,2024-08-19,2024-08-21,2091.2,False,8,2024
ORD01592,LED Lights,LED Lights,Pune,Dragon Supply Co,243.08,698.99,2,14,2023-11-21,2023-12-05,911.82,False,11,2023
ORD01593,Kitchen Gadgets,Kitchen Gadgets,Nashik,Yiwu Global Trade,183.65,364.98,2,1,2024-03-23,2024-03-24,362.66,True,3,2024
ORD01594,LED Lights,LED Lights,Pune,Dragon Supply Co,316.83,904.18,4,6,2023-09-22,2023-09-28,2349.4,False,9,2023
ORD01595,Bluetooth Speakers,Bluetooth Speakers,Pune,Dragon Supply Co,607.67,1382.19,11,5,2023-12-08,2023-12-13,8519.72,False,12,2023
ORD01596,LED Lights,LED Lights,Mumbai,Shenzhen Traders,206.0,609.67,7,5,2024-02-26,2024-03-02,2825.69,False,2,2024
ORD01597,Bluetooth Speakers,Bluetooth Speakers,Pune,Dragon Supply Co,385.46,824.77,6,8,2024-08-31,2024-09-08,2635.86,False,8,2024
ORD01598,Mobile Accessories,Mobile Accessories,Mumbai,Yiwu Global Trade,157.28,403.13,2,3,2023-08-04,2023-08-07,491.7,False,8,2023
ORD01599,Mobile Accessories,Mobile Accessories,Pune,Guangzhou Imports,85.32,225.37,2,10,2023-05-05,2023-05-15,280.1,False,5,2023
ORD01600,Smart Watches,Smart Watches,Aurangabad,Guangzhou Imports,895.43,1359.65,2,1,2023-10-11,2023-10-12,928.44,True,10,2023
ORD01601,Home Decor,Home Decor,Mumbai,Dragon Supply Co,236.21,381.73,1,8,2024-03-14,2024-03-22,145.52,True,3,2024
ORD01602,Bluetooth Speakers,Bluetooth Speakers,Mumbai,Dragon Supply Co,741.71,1861.62,3,6,2023-01-18,2023-01-24,3359.73,False,1,2023
ORD01603,Home Decor,Home Decor,Mumbai,Dragon Supply Co,102.36,344.28,3,9,2023-04-23,2023-05-02,725.76,False,4,2023
ORD01604,Smart Watches,Smart Watches,Mumbai,Shenzhen Traders,1733.23,4134.27,7,8,2023-03-20,2023-03-28,16807.28,False,3,2023
ORD01605,Mobile Accessories,Mobile Accessories,Pune,Yiwu Global Trade,197.79,324.65,1,2,2023-07-01,2023-07-03,126.86,True,7,2023
ORD01606,Kitchen Gadgets,Kitchen Gadgets,Mumbai,Yiwu Global Trade,293.67,779.65,3,4,2023-03-12,2023-03-16,1457.94,False,3,2023
ORD01607,Home Decor,Home Decor,Mumbai,Dragon Supply Co,296.2,1011.22,5,13,2024-09-09,2024-09-22,3575.1,False,9,2024
ORD01608,Smart Watches,Smart Watches,Thane,Shenzhen Traders,1425.04,3149.68,20,2,2023-03-09,2023-03-11,34492.8,False,3,2023
ORD01609,Bluetooth Speakers,Bluetooth Speakers,Nagpur,Dragon Supply Co,701.4,1131.64,8,10,2023-02-21,2023-03-03,3441.92,True,2,2023
ORD01610,Home Decor,Home Decor,Pune,Yiwu Global Trade,215.6,520.87,1,1,2024-06-04,2024-06-05,305.27,False,6,2024
ORD01611,Smart Watches,Smart Watches,Aurangabad,Shenzhen Traders,1767.51,3045.47,2,2,2023-10-25,2023-10-27,2555.92,True,10,2023
ORD01612,Smart Watches,Smart Watches,Pune,Shenzhen Traders,1003.01,2663.23,1,6,2024-02-15,2024-02-21,1660.22,False,2,2024
ORD01613,Bluetooth Speakers,Bluetooth Speakers,Pune,Shenzhen Traders,543.45,1347.61,13,4,2023-03-06,2023-03-10,10454.08,False,3,2023
ORD01614,Smart Watches,Smart Watches,Thane,Shenzhen Traders,1177.65,2706.83,3,1,2023-03-24,2023-03-25,4587.54,False,3,2023
ORD01615,Mobile Accessories,Mobile Accessories,Pune,Yiwu Global Trade,223.67,618.22,2,1,2024-11-27,2024-11-28,789.1,False,11,2024
ORD01616,Smart Watches,Smart Watches,Aurangabad,Shenzhen Traders,1576.83,3284.62,16,1,2024-06-17,2024-06-18,27324.64,False,6,2024
ORD01617,Kitchen Gadgets,Kitchen Gadgets,Mumbai,Guangzhou Imports,314.99,838.33,3,3,2023-05-06,2023-05-09,1570.02,False,5,2023
ORD01618,Home Decor,Home Decor,Pune,Dragon Supply Co,275.35,844.78,2,7,2024-06-26,2024-07-03,1138.86,False,6,2024
ORD01619,Mobile Accessories,Mobile Accessories,Thane,Guangzhou Imports,173.77,340.64,2,2,2024-02-06,2024-02-08,333.74,False,2,2024
ORD01620,LED Lights,LED Lights,Aurangabad,Dragon Supply Co,399.37,963.65,7,3,2023-07-26,2023-07-29,3949.96,False,7,2023
ORD01621,Home Decor,Home Decor,Mumbai,Dragon Supply Co,176.17,438.86,10,4,2023-10-05,2023-10-09,2626.9,False,10,2023
ORD01622,Home Decor,Home Decor,Pune,Dragon Supply Co,297.61,1006.56,10,3,2024-04-26,2024-04-29,7089.5,False,4,2024
ORD01623,LED Lights,LED Lights,Mumbai,Dragon Supply Co,186.3,519.87,1,8,2024-04-21,2024-04-29,333.57,False,4,2024
ORD01624,Kitchen Gadgets,Kitchen Gadgets,Pune,Guangzhou Imports,369.38,1105.76,1,2,2024-06-11,2024-06-13,736.38,False,6,2024
ORD01625,Bluetooth Speakers,Bluetooth Speakers,Nagpur,Dragon Supply Co,566.32,1096.46,3,7,2023-03-02,2023-03-09,1590.42,False,3,2023
ORD01626,Bluetooth Speakers,Bluetooth Speakers,Aurangabad,Dragon Supply Co,564.73,1360.82,11,7,2024-09-03,2024-09-10,8756.99,False,9,2024
ORD01627,Smart Watches,Smart Watches,Pune,Shenzhen Traders,764.51,2019.02,1,4,2023-06-20,2023-06-24,1254.51,False,6,2023
ORD01628,Home Decor,Home Decor,Thane,Dragon Supply Co,234.28,594.67,2,21,2023-06-11,2023-07-02,720.78,False,6,2023
ORD01629,Smart Watches,Smart Watches,Mumbai,Shenzhen Traders,679.49,1365.25,7,8,2024-03-27,2024-04-04,4800.32,False,3,2024
ORD01630,Mobile Accessories,Mobile Accessories,Nagpur,Guangzhou Imports,172.42,545.08,1,2,2023-01-02,2023-01-04,372.66,False,1,2023
ORD01631,LED Lights,LED Lights,Aurangabad,Shenzhen Traders,332.27,922.91,3,4,2023-05-05,2023-05-09,1771.92,False,5,2023
ORD01632,Home Decor,Home Decor,Mumbai,Yiwu Global Trade,213.15,536.89,9,4,2023-12-06,2023-12-10,2913.66,False,12,2023
ORD01633,Bluetooth Speakers,Bluetooth Speakers,Nashik,Shenzhen Traders,501.23,1280.38,3,2,2024-05-15,2024-05-17,2337.45,False,5,2024
ORD01634,Home Decor,Home Decor,Mumbai,Yiwu Global Trade,303.26,715.54,1,3,2023-04-07,2023-04-10,412.28,False,4,2023
ORD01635,Smart Watches,Smart Watches,Mumbai,Shenzhen Traders,1218.38,2789.02,1,5,2024-02-14,2024-02-19,1570.64,False,2,2024
ORD01636,Bluetooth Speakers,Bluetooth Speakers,Pune,Dragon Supply Co,362.08,706.6,2,14,2024-07-20,2024-08-03,689.04,False,7,2024
ORD01637,LED Lights,LED Lights,Nashik,Shenzhen Traders,270.06,624.81,5,6,2023-07-04,2023-07-10,1773.75,False,7,2023
ORD01638,Mobile Accessories,Mobile Accessories,Mumbai,Guangzhou Imports,233.62,636.27,5,6,2024-08-21,2024-08-27,2013.25,False,8,2024
ORD01639,LED Lights,LED Lights,Aurangabad,Shenzhen Traders,418.5,1039.52,8,6,2024-12-20,2024-12-26,4968.16,False,12,2024
ORD01640,Kitchen Gadgets,Kitchen Gadgets,Mumbai,Yiwu Global Trade,312.84,917.85,1,1,2024-02-17,2024-02-18,605.01,False,2,2024
ORD01641,LED Lights,LED Lights,Pune,Shenzhen Traders,362.63,803.7,4,5,2023-06-18,2023-06-23,1764.28,False,6,2023
ORD01642,Mobile Accessories,Mobile Accessories,Pune,Guangzhou Imports,117.36,330.82,9,7,2023-10-14,2023-10-21,1921.14,False,10,2023
ORD01643,Smart Watches,Smart Watches,Pune,Guangzhou Imports,1746.21,3979.34,2,9,2024-09-08,2024-09-17,4466.26,False,9,2024
ORD01644,Smart Watches,Smart Watches,Nashik,Guangzhou Imports,1220.17,2940.76,4,1,2023-04-13,2023-04-14,6882.36,False,4,2023
ORD01645,Mobile Accessories,Mobile Accessories,Mumbai,Yiwu Global Trade,196.8,598.71,5,2,2023-03-31,2023-04-02,2009.55,False,3,2023
ORD01646,Bluetooth Speakers,Bluetooth Speakers,Nagpur,Dragon Supply Co,771.55,1634.23,3,14,2023-07-28,2023-08-11,2588.04,False,7,2023
ORD01647,Home Decor,Home Decor,Pune,Dragon Supply Co,192.62,573.09,2,13,2024-09-18,2024-10-01,760.94,False,9,2024
ORD01648,Smart Watches,Smart Watches,Nagpur,Shenzhen Traders,1143.71,2806.34,4,1,2023-02-25,2023-02-26,6650.52,False,2,2023
ORD01649,Home Decor,Home Decor,Pune,Yiwu Global Trade,294.57,1014.95,2,2,2023-02-01,2023-02-03,1440.76,False,2,2023
ORD01650,Bluetooth Speakers,Bluetooth Speakers,Nagpur,Shenzhen Traders,832.49,2135.56,3,5,2024-05-08,2024-05-13,3909.21,False,5,2024
ORD01651,Bluetooth Speakers,Bluetooth Speakers,Mumbai,Dragon Supply Co,794.97,1749.39,1,15,2024-03-17,2024-04-01,954.42,False,3,2024
ORD01652,Mobile Accessories,Mobile Accessories,Mumbai,Guangzhou Imports,143.18,286.8,6,2,2024-05-26,2024-05-28,861.72,False,5,2024
ORD01653,LED Lights,LED Lights,Nashik,Dragon Supply Co,352.03,779.31,1,2,2024-12-15,2024-12-17,427.28,False,12,2024
ORD01654,Smart Watches,Smart Watches,Nagpur,Shenzhen Traders,1093.43,2713.28,1,5,2023-06-15,2023-06-20,1619.85,False,6,2023
ORD01655,LED Lights,LED Lights,Nashik,Dragon Supply Co,407.11,1142.93,1,6,2023-12-10,2023-12-16,735.82,False,12,2023
ORD01656,Kitchen Gadgets,Kitchen Gadgets,Nashik,Guangzhou Imports,233.15,660.29,8,5,2023-08-17,2023-08-22,3417.12,False,8,2023
ORD01657,LED Lights,LED Lights,Pune,Dragon Supply Co,417.66,1011.25,4,7,2023-12-18,2023-12-25,2374.36,False,12,2023
ORD01658,Mobile Accessories,Mobile Accessories,Nagpur,Yiwu Global Trade,120.19,153.94,1,2,2023-12-03,2023-12-05,33.75,True,12,2023
ORD01659,Kitchen Gadgets,Kitchen Gadgets,Thane,Yiwu Global Trade,193.94,554.18,4,2,2024-01-03,2024-01-05,1440.96,False,1,2024
ORD01660,Kitchen Gadgets,Kitchen Gadgets,Pune,Yiwu Global Trade,124.23,313.42,2,3,2024-11-25,2024-11-28,378.38,False,11,2024
ORD01661,Bluetooth Speakers,Bluetooth Speakers,Mumbai,Shenzhen Traders,764.53,1666.86,5,3,2024-08-08,2024-08-11,4511.65,False,8,2024
ORD01662,Smart Watches,Smart Watches,Nagpur,Guangzhou Imports,1102.33,2818.84,4,4,2023-04-11,2023-04-15,6866.04,False,4,2023
ORD01663,Home Decor,Home Decor,Thane,Yiwu Global Trade,305.67,713.3,2,2,2024-06-12,2024-06-14,815.26,False,6,2024
ORD01664,LED Lights,LED Lights,Mumbai,Shenzhen Traders,257.49,692.03,5,6,2023-12-04,2023-12-10,2172.7,False,12,2023
ORD01665,Mobile Accessories,Mobile Accessories,Mumbai,Guangzhou Imports,233.39,540.63,5,5,2024-01-11,2024-01-16,1536.2,False,1,2024
ORD01666,LED Lights,LED Lights,Mumbai,Shenzhen Traders,368.39,777.6,7,0,2023-09-04,2023-09-04,2864.47,False,9,2023
ORD01667,LED Lights,LED Lights,Pune,Dragon Supply Co,327.06,919.85,3,10,2024-06-21,2024-07-01,1778.37,False,6,2024
ORD01668,Mobile Accessories,Mobile Accessories,Nagpur,Guangzhou Imports,100.38,225.56,11,5,2023-12-04,2023-12-09,1376.98,False,12,2023
ORD01669,Kitchen Gadgets,Kitchen Gadgets,Nagpur,Guangzhou Imports,293.74,754.79,2,6,2023-05-11,2023-05-17,922.1,False,5,2023
ORD01670,Bluetooth Speakers,Bluetooth Speakers,Aurangabad,Shenzhen Traders,527.05,1271.04,7,5,2024-08-10,2024-08-15,5207.93,False,8,2024
ORD01671,Smart Watches,Smart Watches,Nashik,Guangzhou Imports,1055.96,2817.76,4,4,2024-10-04,2024-10-08,7047.2,False,10,2024
ORD01672,Home Decor,Home Decor,Nashik,Yiwu Global Trade,107.28,305.0,9,4,2023-11-04,2023-11-08,1779.48,False,11,2023
ORD01673,Home Decor,Home Decor,Pune,Yiwu Global Trade,178.56,506.03,4,3,2024-09-21,2024-09-24,1309.88,False,9,2024
ORD01674,Kitchen Gadgets,Kitchen Gadgets,Thane,Guangzhou Imports,201.07,504.41,6,7,2023-07-08,2023-07-15,1820.04,False,7,2023
ORD01675,Kitchen Gadgets,Kitchen Gadgets,Thane,Yiwu Global Trade,176.88,429.34,1,4,2023-05-09,2023-05-13,252.46,False,5,2023
ORD01676,Kitchen Gadgets,Kitchen Gadgets,Thane,Yiwu Global Trade,168.87,396.85,4,2,2024-03-17,2024-03-19,911.92,False,3,2024
ORD01677,Smart Watches,Smart Watches,Mumbai,Shenzhen Traders,1657.63,4303.24,2,1,2024-05-01,2024-05-02,5291.22,False,5,2024
ORD01678,Bluetooth Speakers,Bluetooth Speakers,Mumbai,Dragon Supply Co,611.93,1390.07,1,11,2023-08-21,2023-09-01,778.14,False,8,2023
ORD01679,LED Lights,LED Lights,Pune,Shenzhen Traders,230.9,553.45,1,6,2024-10-27,2024-11-02,322.55,False,10,2024
ORD01680,Smart Watches,Smart Watches,Pune,Shenzhen Traders,1075.25,2192.77,2,2,2023-10-28,2023-10-30,2235.04,False,10,2023
ORD01681,Bluetooth Speakers,Bluetooth Speakers,Mumbai,Dragon Supply Co,571.48,1323.45,5,16,2024-03-11,2024-03-27,3759.85,False,3,2024
ORD01682,Bluetooth Speakers,Bluetooth Speakers,Mumbai,Shenzhen Traders,377.43,782.89,3,1,2024-09-11,2024-09-12,1216.38,False,9,2024
ORD01683,LED Lights,LED Lights,Thane,Shenzhen Traders,318.06,712.06,14,8,2023-05-20,2023-05-28,5516.0,False,5,2023
ORD01684,Smart Watches,Smart Watches,Thane,Shenzhen Traders,1454.44,3379.61,5,5,2024-09-01,2024-09-06,9625.85,False,9,2024
ORD01685,Mobile Accessories,Mobile Accessories,Pune,Yiwu Global Trade,109.07,227.41,1,3,2024-10-22,2024-10-25,118.34,False,10,2024
ORD01686,Home Decor,Home Decor,Nashik,Dragon Supply Co,111.68,318.76,6,11,2024-01-15,2024-01-26,1242.48,False,1,2024
ORD01687,Bluetooth Speakers,Bluetooth Speakers,Thane,Shenzhen Traders,728.36,1470.68,8,7,2023-10-03,2023-10-10,5938.56,False,10,2023
ORD01688,Mobile Accessories,Mobile Accessories,Pune,Guangzhou Imports,157.39,495.33,11,7,2023-11-18,2023-11-25,3717.34,False,11,2023
ORD01689,Bluetooth Speakers,Bluetooth Speakers,Mumbai,Shenzhen Traders,885.9,2229.7,5,6,2023-03-19,2023-03-25,6719.0,False,3,2023
ORD01690,LED Lights,LED Lights,Aurangabad,Dragon Supply Co,319.96,796.16,3,2,2023-05-14,2023-05-16,1428.6,False,5,2023
ORD01691,LED Lights,LED Lights,Thane,Shenzhen Traders,316.14,945.39,1,6,2023-12-22,2023-12-28,629.25,False,12,2023
ORD01692,Kitchen Gadgets,Kitchen Gadgets,Thane,Yiwu Global Trade,321.57,704.24,3,2,2024-01-08,2024-01-10,1148.01,False,1,2024
ORD01693,Smart Watches,Smart Watches,Pune,Guangzhou Imports,1053.4,2566.69,4,1,2023-03-12,2023-03-13,6053.16,False,3,2023
ORD01694,Smart Watches,Smart Watches,Pune,Guangzhou Imports,1601.91,3589.73,1,7,2024-07-18,2024-07-25,1987.82,False,7,2024
ORD01695,Kitchen Gadgets,Kitchen Gadgets,Mumbai,Guangzhou Imports,298.3,575.35,14,5,2024-10-08,2024-10-13,3878.7,True,10,2024
ORD01696,Bluetooth Speakers,Bluetooth Speakers,Nashik,Dragon Supply Co,427.9,962.13,6,2,2024-01-13,2024-01-15,3205.38,False,1,2024
ORD01697,Home Decor,Home Decor,Pune,Dragon Supply Co,261.2,640.46,5,3,2024-11-23,2024-11-26,1896.3,False,11,2024
ORD01698,Home Decor,Home Decor,Aurangabad,Yiwu Global Trade,291.74,899.27,3,3,2024-06-12,2024-06-15,1822.59,False,6,2024
ORD01699,Bluetooth Speakers,Bluetooth Speakers,Mumbai,Dragon Supply Co,723.49,1824.35,10,11,2023-05-29,2023-06-09,11008.6,False,5,2023
ORD01700,Bluetooth Speakers,Bluetooth Speakers,Pune,Shenzhen Traders,372.6,843.59,2,4,2024-06-30,2024-07-04,941.98,False,6,2024
ORD01701,Kitchen Gadgets,Kitchen Gadgets,Pune,Yiwu Global Trade,238.31,708.1,6,3,2024-05-17,2024-05-20,2818.74,False,5,2024
ORD01702,Smart Watches,Smart Watches,Aurangabad,Shenzhen Traders,1223.77,3118.68,4,5,2023-08-26,2023-08-31,7579.64,False,8,2023
ORD01703,Mobile Accessories,Mobile Accessories,Nagpur,Yiwu Global Trade,192.93,429.29,6,2,2024-06-05,2024-06-07,1418.16,False,6,2024
ORD01704,Smart Watches,Smart Watches,Pune,Shenzhen Traders,899.92,2394.13,1,2,2024-05-30,2024-06-01,1494.21,False,5,2024
ORD01705,Bluetooth Speakers,Bluetooth Speakers,Mumbai,Shenzhen Traders,543.74,1350.58,6,4,2023-04-16,2023-04-20,4841.04,False,4,2023
ORD01706,Mobile Accessories,Mobile Accessories,Thane,Yiwu Global Trade,213.49,534.32,11,3,2023-01-19,2023-01-22,3529.13,False,1,2023
ORD01707,Kitchen Gadgets,Kitchen Gadgets,Aurangabad,Yiwu Global Trade,305.43,680.61,6,2,2023-03-22,2023-03-24,2251.08,False,3,2023
ORD01708,Bluetooth Speakers,Bluetooth Speakers,Mumbai,Dragon Supply Co,367.68,938.71,5,3,2023-09-24,2023-09-27,2855.15,False,9,2023
ORD01709,Home Decor,Home Decor,Pune,Dragon Supply Co,312.39,727.11,4,0,2024-10-13,2024-10-13,1658.88,False,10,2024
ORD01710,Smart Watches,Smart Watches,Mumbai,Guangzhou Imports,1151.19,3109.07,10,7,2023-11-05,2023-11-12,19578.8,False,11,2023
ORD01711,Mobile Accessories,Mobile Accessories,Mumbai,Guangzhou Imports,150.77,313.5,9,11,2024-04-13,2024-04-24,1464.57,False,4,2024
ORD01712,Smart Watches,Smart Watches,Nagpur,Guangzhou Imports,1082.36,2923.17,6,3,2024-03-13,2024-03-16,11044.86,False,3,2024
ORD01713,Mobile Accessories,Mobile Accessories,Nashik,Yiwu Global Trade,165.65,457.07,1,1,2024-10-22,2024-10-23,291.42,False,10,2024
ORD01714,Smart Watches,Smart Watches,Pune,Guangzhou Imports,1755.66,4159.21,6,3,2024-02-14,2024-02-17,14421.3,False,2,2024
ORD01715,LED Lights,LED Lights,Mumbai,Dragon Supply Co,213.74,621.31,10,13,2023-09-03,2023-09-16,4075.7,False,9,2023
ORD01716,Kitchen Gadgets,Kitchen Gadgets,Mumbai,Guangzhou Imports,261.25,681.61,1,4,2024-03-21,2024-03-25,420.36,False,3,2024
ORD01717,Bluetooth Speakers,Bluetooth Speakers,Pune,Dragon Supply Co,353.27,870.89,5,8,2024-10-18,2024-10-26,2588.1,False,10,2024
ORD01718,Bluetooth Speakers,Bluetooth Speakers,Mumbai,Dragon Supply Co,498.6,904.07,19,6,2023-04-30,2023-05-06,7703.93,True,4,2023
ORD01719,Kitchen Gadgets,Kitchen Gadgets,Thane,Yiwu Global Trade,267.02,726.7,1,2,2023-09-05,2023-09-07,459.68,False,9,2023
ORD01720,LED Lights,LED Lights,Nashik,Shenzhen Traders,303.9,778.61,7,0,2024-03-18,2024-03-18,3322.97,False,3,2024
ORD01721,Mobile Accessories,Mobile Accessories,Thane,Guangzhou Imports,188.74,380.63,11,5,2023-12-18,2023-12-23,2110.79,False,12,2023
ORD01722,Home Decor,Home Decor,Thane,Yiwu Global Trade,233.44,574.47,2,2,2023-06-29,2023-07-01,682.06,False,6,2023
ORD01723,Mobile Accessories,Mobile Accessories,Pune,Guangzhou Imports,122.03,166.14,1,5,2023-01-25,2023-01-30,44.11,True,1,2023
ORD01724,Kitchen Gadgets,Kitchen Gadgets,Pune,Guangzhou Imports,360.77,855.0,2,4,2023-08-01,2023-08-05,988.46,False,8,2023
ORD01725,Mobile Accessories,Mobile Accessories,Thane,Guangzhou Imports,172.94,510.24,4,5,2024-11-17,2024-11-22,1349.2,False,11,2024
ORD01726,Home Decor,Home Decor,Pune,Yiwu Global Trade,236.33,576.7,2,2,2024-02-06,2024-02-08,680.74,False,2,2024
ORD01727,Home Decor,Home Decor,Mumbai,Yiwu Global Trade,260.58,758.47,5,2,2023-03-29,2023-03-31,2489.45,False,3,2023
ORD01728,Smart Watches,Smart Watches,Nashik,Guangzhou Imports,1752.96,4197.24,8,7,2023-12-09,2023-12-16,19554.24,False,12,2023
ORD01729,Bluetooth Speakers,Bluetooth Speakers,Nashik,Shenzhen Traders,409.03,896.52,9,5,2023-05-19,2023-05-24,4387.41,False,5,2023
ORD01730,LED Lights,LED Lights,Pune,Dragon Supply Co,315.41,634.3,5,22,2024-06-08,2024-06-30,1594.45,False,6,2024
ORD01731,Home Decor,Home Decor,Mumbai,Dragon Supply Co,298.62,1030.73,5,3,2023-02-11,2023-02-14,3660.55,False,2,2023
ORD01732,Home Decor,Home Decor,Mumbai,Dragon Supply Co,315.8,841.63,3,0,2023-10-06,2023-10-06,1577.49,False,10,2023
ORD01733,Kitchen Gadgets,Kitchen Gadgets,Pune,Yiwu Global Trade,303.62,744.34,2,3,2024-12-20,2024-12-23,881.44,False,12,2024
ORD01734,Home Decor,Home Decor,Pune,Yiwu Global Trade,255.42,674.58,1,2,2023-01-05,2023-01-07,419.16,False,1,2023
ORD01735,Mobile Accessories,Mobile Accessories,Thane,Yiwu Global Trade,191.94,593.65,2,3,2023-07-01,2023-07-04,803.42,False,7,2023
ORD01736,Home Decor,Home Decor,Pune,Dragon Supply Co,198.5,606.75,4,6,2024-11-28,2024-12-04,1633.0,False,11,2024
ORD01737,Kitchen Gadgets,Kitchen Gadgets,Mumbai,Guangzhou Imports,204.26,604.54,14,6,2024-08-10,2024-08-16,5603.92,False,8,2024
ORD01738,Kitchen Gadgets,Kitchen Gadgets,Mumbai,Guangzhou Imports,127.68,352.34,5,11,2024-04-29,2024-05-10,1123.3,False,4,2024
ORD01739,Home Decor,Home Decor,Pune,Yiwu Global Trade,246.24,645.34,1,4,2023-09-15,2023-09-19,399.1,False,9,2023
ORD01740,Home Decor,Home Decor,Mumbai,Yiwu Global Trade,292.57,920.6,1,2,2023-07-23,2023-07-25,628.03,False,7,2023
ORD01741,Bluetooth Speakers,Bluetooth Speakers,Mumbai,Dragon Supply Co,487.77,939.54,7,13,2023-09-11,2023-09-24,3162.39,False,9,2023
ORD01742,Bluetooth Speakers,Bluetooth Speakers,Nagpur,Shenzhen Traders,812.37,2068.69,1,3,2024-05-31,2024-06-03,1256.32,False,5,2024
ORD01743,Home Decor,Home Decor,Pune,Dragon Supply Co,317.44,935.15,1,4,2023-06-18,2023-06-22,617.71,False,6,2023
ORD01744,Smart Watches,Smart Watches,Pune,Guangzhou Imports,979.0,2115.57,5,4,2024-09-30,2024-10-04,5682.85,False,9,2024
ORD01745,Kitchen Gadgets,Kitchen Gadgets,Mumbai,Yiwu Global Trade,126.3,374.33,2,1,2024-02-20,2024-02-21,496.06,False,2,2024
ORD01746,LED Lights,LED Lights,Thane,Shenzhen Traders,266.29,641.23,4,4,2024-12-10,2024-12-14,1499.76,False,12,2024
ORD01747,LED Lights,LED Lights,Mumbai,Dragon Supply Co,355.19,1033.95,6,0,2023-01-11,2023-01-11,4072.56,False,1,2023
ORD01748,Bluetooth Speakers,Bluetooth Speakers,Thane,Dragon Supply Co,663.7,1481.12,8,7,2023-08-07,2023-08-14,6539.36,False,8,2023
ORD01749,Kitchen Gadgets,Kitchen Gadgets,Thane,Yiwu Global Trade,234.11,623.42,1,3,2024-04-05,2024-04-08,389.31,False,4,2024
ORD01750,Kitchen Gadgets,Kitchen Gadgets,Mumbai,Yiwu Global Trade,254.48,557.52,10,2,2023-03-09,2023-03-11,3030.4,False,3,2023
ORD01751,LED Lights,LED Lights,Mumbai,Dragon Supply Co,377.12,863.57,1,8,2024-11-01,2024-11-09,486.45,False,11,2024
ORD01752,Bluetooth Speakers,Bluetooth Speakers,Mumbai,Shenzhen Traders,829.31,2137.7,3,2,2023-12-23,2023-12-25,3925.17,False,12,2023
ORD01753,Kitchen Gadgets,Kitchen Gadgets,Thane,Yiwu Global Trade,362.27,923.8,1,3,2023-12-19,2023-12-22,561.53,False,12,2023
ORD01754,LED Lights,LED Lights,Nagpur,Shenzhen Traders,404.86,1208.48,5,4,2024-11-24,2024-11-28,4018.1,False,11,2024
ORD01755,LED Lights,LED Lights,Pune,Dragon Supply Co,228.12,461.17,1,9,2023-04-09,2023-04-18,233.05,True,4,2023
ORD01756,Mobile Accessories,Mobile Accessories,Thane,Yiwu Global Trade,192.77,584.01,1,3,2024-08-12,2024-08-15,391.24,False,8,2024
ORD01757,LED Lights,LED Lights,Pune,Shenzhen Traders,196.98,475.95,2,6,2024-02-26,2024-03-03,557.94,False,2,2024
ORD01758,LED Lights,LED Lights,Aurangabad,Dragon Supply Co,244.92,350.04,12,3,2023-07-19,2023-07-22,1261.44,True,7,2023
ORD01759,Kitchen Gadgets,Kitchen Gadgets,Nashik,Yiwu Global Trade,232.19,551.0,1,3,2023-11-03,2023-11-06,318.81,False,11,2023
ORD01760,Mobile Accessories,Mobile Accessories,Aurangabad,Guangzhou Imports,84.48,244.53,2,8,2023-08-09,2023-08-17,320.1,False,8,2023
ORD01761,Kitchen Gadgets,Kitchen Gadgets,Nashik,Guangzhou Imports,311.86,566.99,1,5,2023-11-03,2023-11-08,255.13,True,11,2023
ORD01762,Bluetooth Speakers,Bluetooth Speakers,Pune,Dragon Supply Co,584.76,1167.44,2,7,2023-08-03,2023-08-10,1165.36,False,8,2023
ORD01763,Kitchen Gadgets,Kitchen Gadgets,Pune,Guangzhou Imports,209.21,612.2,4,8,2024-02-24,2024-03-03,1611.96,False,2,2024
ORD01764,LED Lights,LED Lights,Mumbai,Shenzhen Traders,359.39,1038.04,1,4,2024-05-24,2024-05-28,678.65,False,5,2024
ORD01765,Kitchen Gadgets,Kitchen Gadgets,Aurangabad,Yiwu Global Trade,123.87,340.38,6,4,2023-08-14,2023-08-18,1299.06,False,8,2023
ORD01766,LED Lights,LED Lights,Mumbai,Shenzhen Traders,223.34,456.44,2,0,2024-03-04,2024-03-04,466.2,False,3,2024
ORD01767,Home Decor,Home Decor,Aurangabad,Yiwu Global Trade,119.83,325.6,2,2,2023-01-28,2023-01-30,411.54,False,1,2023
ORD01768,Home Decor,Home Decor,Mumbai,Yiwu Global Trade,305.83,754.67,1,2,2024-05-27,2024-05-29,448.84,False,5,2024
ORD01769,Smart Watches,Smart Watches,Pune,Shenzhen Traders,998.13,2289.26,1,7,2024-12-30,2025-01-06,1291.13,False,12,2024
ORD01770,Home Decor,Home Decor,Nagpur,Yiwu Global Trade,151.53,470.82,4,3,2023-03-31,2023-04-03,1277.16,False,3,2023
ORD01771,LED Lights,LED Lights,Thane,Dragon Supply Co,349.32,915.87,9,7,2023-10-21,2023-10-28,5098.95,False,10,2023
ORD01772,Mobile Accessories,Mobile Accessories,Thane,Guangzhou Imports,168.57,375.39,2,4,2023-07-18,2023-07-22,413.64,False,7,2023
ORD01773,LED Lights,LED Lights,Nashik,Dragon Supply Co,369.11,751.46,5,7,2024-07-14,2024-07-21,1911.75,False,7,2024
ORD01774,Bluetooth Speakers,Bluetooth Speakers,Aurangabad,Shenzhen Traders,361.71,899.0,16,4,2024-01-02,2024-01-06,8596.64,False,1,2024
ORD01775,Kitchen Gadgets,Kitchen Gadgets,Pune,Guangzhou Imports,370.93,798.89,3,5,2023-02-20,2023-02-25,1283.88,False,2,2023
ORD01776,Bluetooth Speakers,Bluetooth Speakers,Mumbai,Shenzhen Traders,560.42,1238.98,5,6,2024-04-18,2024-04-24,3392.8,False,4,2024
ORD01777,Bluetooth Speakers,Bluetooth Speakers,Nashik,Dragon Supply Co,642.87,1063.05,6,12,2024-01-02,2024-01-14,2521.08,True,1,2024
ORD01778,Smart Watches,Smart Watches,Thane,Shenzhen Traders,1517.65,3443.51,2,3,2024-04-22,2024-04-25,3851.72,False,4,2024
ORD01779,Smart Watches,Smart Watches,Thane,Shenzhen Traders,1042.09,2775.49,6,5,2024-02-24,2024-02-29,10400.4,False,2,2024
ORD01780,Bluetooth Speakers,Bluetooth Speakers,Thane,Dragon Supply Co,654.31,1679.44,3,11,2024-05-17,2024-05-28,3075.39,False,5,2024
ORD01781,Smart Watches,Smart Watches,Pune,Guangzhou Imports,1477.1,3862.93,4,8,2024-08-10,2024-08-18,9543.32,False,8,2024
ORD01782,Bluetooth Speakers,Bluetooth Speakers,Nashik,Shenzhen Traders,858.56,1197.36,1,3,2024-02-19,2024-02-22,338.8,True,2,2024
ORD01783,Home Decor,Home Decor,Mumbai,Dragon Supply Co,147.48,428.52,5,0,2023-09-03,2023-09-03,1405.2,False,9,2023
ORD01784,Bluetooth Speakers,Bluetooth Speakers,Nagpur,Dragon Supply Co,548.93,1296.28,8,9,2023-02-06,2023-02-15,5978.8,False,2,2023
ORD01785,Kitchen Gadgets,Kitchen Gadgets,Mumbai,Yiwu Global Trade,267.79,639.72,5,3,2024-02-18,2024-02-21,1859.65,False,2,2024
ORD01786,Mobile Accessories,Mobile Accessories,Pune,Yiwu Global Trade,154.78,379.68,7,1,2024-04-12,2024-04-13,1574.3,False,4,2024
ORD01787,Bluetooth Speakers,Bluetooth Speakers,Pune,Dragon Supply Co,668.76,1307.88,1,14,2023-12-31,2024-01-14,639.12,False,12,2023
ORD01788,Kitchen Gadgets,Kitchen Gadgets,Aurangabad,Guangzhou Imports,234.51,546.93,18,4,2023-02-24,2023-02-28,5623.56,False,2,2023
ORD01789,Smart Watches,Smart Watches,Mumbai,Guangzhou Imports,1374.89,2911.36,2,5,2023-02-11,2023-02-16,3072.94,False,2,2023
ORD01790,LED Lights,LED Lights,Mumbai,Shenzhen Traders,189.24,508.0,6,2,2024-06-05,2024-06-07,1912.56,False,6,2024
ORD01791,Kitchen Gadgets,Kitchen Gadgets,Mumbai,Guangzhou Imports,306.51,660.45,6,2,2024-03-19,2024-03-21,2123.64,False,3,2024
ORD01792,Smart Watches,Smart Watches,Mumbai,Guangzhou Imports,1621.67,4345.31,1,6,2023-03-19,2023-03-25,2723.64,False,3,2023
ORD01793,LED Lights,LED Lights,Pune,Shenzhen Traders,198.59,485.32,1,3,2024-12-25,2024-12-28,286.73,False,12,2024
ORD01794,Mobile Accessories,Mobile Accessories,Pune,Guangzhou Imports,143.13,422.49,4,2,2023-10-23,2023-10-25,1117.44,False,10,2023
ORD01795,Home Decor,Home Decor,Thane,Dragon Supply Co,122.91,322.58,2,4,2024-07-28,2024-08-01,399.34,False,7,2024
ORD01796,Smart Watches,Smart Watches,Thane,Guangzhou Imports,1080.92,2976.84,4,6,2024-08-31,2024-09-06,7583.68,False,8,2024
ORD01797,LED Lights,LED Lights,Pune,Shenzhen Traders,249.81,537.11,4,0,2024-07-08,2024-07-08,1149.2,False,7,2024
ORD01798,LED Lights,LED Lights,Thane,Shenzhen Traders,302.59,841.46,10,3,2023-09-19,2023-09-22,5388.7,False,9,2023
ORD01799,Kitchen Gadgets,Kitchen Gadgets,Aurangabad,Guangzhou Imports,218.5,573.44,2,8,2023-03-12,2023-03-20,709.88,False,3,2023
ORD01800,Mobile Accessories,Mobile Accessories,Thane,Yiwu Global Trade,190.37,597.24,3,3,2023-08-26,2023-08-29,1220.61,False,8,2023
ORD01801,Mobile Accessories,Mobile Accessories,Nagpur,Yiwu Global Trade,100.61,304.84,2,1,2024-04-30,2024-05-01,408.46,False,4,2024
ORD01802,Kitchen Gadgets,Kitchen Gadgets,Nashik,Guangzhou Imports,255.29,608.93,7,7,2024-08-27,2024-09-03,2475.48,False,8,2024
ORD01803,Kitchen Gadgets,Kitchen Gadgets,Thane,Guangzhou Imports,205.46,579.21,4,4,2023-07-12,2023-07-16,1495.0,False,7,2023
ORD01804,Mobile Accessories,Mobile Accessories,Pune,Yiwu Global Trade,245.31,679.58,1,4,2024-07-05,2024-07-09,434.27,False,7,2024
ORD01805,Bluetooth Speakers,Bluetooth Speakers,Mumbai,Shenzhen Traders,658.25,1285.9,2,7,2024-09-30,2024-10-07,1255.3,False,9,2024
ORD01806,Bluetooth Speakers,Bluetooth Speakers,Pune,Dragon Supply Co,580.37,1334.0,2,7,2023-07-17,2023-07-24,1507.26,False,7,2023
ORD01807,Mobile Accessories,Mobile Accessories,Thane,Guangzhou Imports,149.29,390.94,10,5,2024-05-11,2024-05-16,2416.5,False,5,2024
ORD01808,Smart Watches,Smart Watches,Pune,Guangzhou Imports,785.66,1828.08,3,6,2023-09-15,2023-09-21,3127.26,False,9,2023
ORD01809,Mobile Accessories,Mobile Accessories,Nagpur,Yiwu Global Trade,211.35,646.69,6,3,2024-09-03,2024-09-06,2612.04,False,9,2024
ORD01810,LED Lights,LED Lights,Mumbai,Shenzhen Traders,243.21,621.3,11,3,2023-03-22,2023-03-25,4158.99,False,3,2023
ORD01811,Home Decor,Home Decor,Mumbai,Yiwu Global Trade,97.84,270.12,1,5,2024-02-28,2024-03-04,172.28,False,2,2024
ORD01812,LED Lights,LED Lights,Pune,Shenzhen Traders,307.03,733.22,4,3,2023-07-15,2023-07-18,1704.76,False,7,2023
ORD01813,Mobile Accessories,Mobile Accessories,Nashik,Yiwu Global Trade,121.04,267.59,2,3,2023-01-14,2023-01-17,293.1,False,1,2023
ORD01814,Smart Watches,Smart Watches,Aurangabad,Shenzhen Traders,702.02,1818.93,2,2,2023-07-29,2023-07-31,2233.82,False,7,2023
ORD01815,Bluetooth Speakers,Bluetooth Speakers,Nagpur,Shenzhen Traders,757.38,1670.01,9,3,2023-12-10,2023-12-13,8213.67,False,12,2023
ORD01816,Home Decor,Home Decor,Nashik,Yiwu Global Trade,256.45,760.74,4,2,2024-02-23,2024-02-25,2017.16,False,2,2024
ORD01817,Kitchen Gadgets,Kitchen Gadgets,Mumbai,Yiwu Global Trade,122.02,321.37,2,2,2023-07-30,2023-08-01,398.7,False,7,2023
ORD01818,Bluetooth Speakers,Bluetooth Speakers,Pune,Shenzhen Traders,447.2,1075.86,3,5,2023-04-19,2023-04-24,1885.98,False,4,2023
ORD01819,LED Lights,LED Lights,Mumbai,Shenzhen Traders,261.87,671.47,1,3,2023-02-16,2023-02-19,409.6,False,2,2023
ORD01820,Kitchen Gadgets,Kitchen Gadgets,Mumbai,Guangzhou Imports,219.86,611.56,10,4,2023-05-26,2023-05-30,3917.0,False,5,2023
ORD01821,LED Lights,LED Lights,Pune,Shenzhen Traders,246.78,710.62,5,5,2023-01-27,2023-02-01,2319.2,False,1,2023
ORD01822,Smart Watches,Smart Watches,Mumbai,Guangzhou Imports,981.02,2343.96,11,7,2023-03-23,2023-03-30,14992.34,False,3,2023
ORD01823,Mobile Accessories,Mobile Accessories,Aurangabad,Yiwu Global Trade,124.1,328.7,6,2,2024-04-23,2024-04-25,1227.6,False,4,2024
ORD01824,Mobile Accessories,Mobile Accessories,Mumbai,Yiwu Global Trade,115.16,342.52,2,2,2023-02-07,2023-02-09,454.72,False,2,2023
ORD01825,LED Lights,LED Lights,Aurangabad,Shenzhen Traders,309.56,606.52,9,5,2024-01-28,2024-02-02,2672.64,True,1,2024
ORD01826,LED Lights,LED Lights,Mumbai,Dragon Supply Co,406.03,1043.97,2,7,2024-04-12,2024-04-19,1275.88,False,4,2024
ORD01827,Kitchen Gadgets,Kitchen Gadgets,Thane,Yiwu Global Trade,196.68,432.43,2,4,2024-02-16,2024-02-20,471.5,False,2,2024
ORD01828,LED Lights,LED Lights,Thane,Dragon Supply Co,298.38,622.68,1,10,2023-10-06,2023-10-16,324.3,False,10,2023
ORD01829,Smart Watches,Smart Watches,Aurangabad,Shenzhen Traders,1574.19,4085.69,1,3,2024-11-08,2024-11-11,2511.5,False,11,2024
ORD01830,LED Lights,LED Lights,Mumbai,Dragon Supply Co,260.48,639.08,2,10,2023-05-15,2023-05-25,757.2,False,5,2023
ORD01831,Home Decor,Home Decor,Nashik,Yiwu Global Trade,162.41,552.54,12,3,2023-05-20,2023-05-23,4681.56,False,5,2023
ORD01832,Home Decor,Home Decor,Mumbai,Dragon Supply Co,218.38,718.24,3,16,2024-03-25,2024-04-10,1499.58,False,3,2024
ORD01833,Home Decor,Home Decor,Mumbai,Yiwu Global Trade,224.86,749.63,22,3,2023-04-18,2023-04-21,11544.94,False,4,2023
ORD01834,Mobile Accessories,Mobile Accessories,Pune,Yiwu Global Trade,162.37,334.8,8,1,2024-04-23,2024-04-24,1379.44,False,4,2024
ORD01835,Mobile Accessories,Mobile Accessories,Nagpur,Guangzhou Imports,95.08,239.87,3,5,2024-05-17,2024-05-22,434.37,False,5,2024
ORD01836,Mobile Accessories,Mobile Accessories,Pune,Guangzhou Imports,163.42,434.0,6,5,2023-02-14,2023-02-19,1623.48,False,2,2023
ORD01837,LED Lights,LED Lights,Nashik,Dragon Supply Co,327.21,860.9,8,1,2024-02-22,2024-02-23,4269.52,False,2,2024
ORD01838,Smart Watches,Smart Watches,Nagpur,Guangzhou Imports,1747.49,4722.26,5,5,2023-08-02,2023-08-07,14873.85,False,8,2023
ORD01839,Smart Watches,Smart Watches,Pune,Guangzhou Imports,1374.53,3406.46,1,4,2024-07-16,2024-07-20,2031.93,False,7,2024
ORD01840,Smart Watches,Smart Watches,Mumbai,Shenzhen Traders,1757.36,4775.55,2,1,2024-06-02,2024-06-03,6036.38,False,6,2024
ORD01841,Bluetooth Speakers,Bluetooth Speakers,Pune,Shenzhen Traders,714.33,1415.14,1,2,2023-01-04,2023-01-06,700.81,False,1,2023
ORD01842,Smart Watches,Smart Watches,Pune,Shenzhen Traders,1107.8,2329.09,4,5,2024-12-23,2024-12-28,4885.16,False,12,2024
ORD01843,Bluetooth Speakers,Bluetooth Speakers,Nashik,Shenzhen Traders,365.93,763.9,2,4,2024-12-17,2024-12-21,795.94,False,12,2024
ORD01844,Bluetooth Speakers,Bluetooth Speakers,Nagpur,Dragon Supply Co,527.76,1252.11,7,8,2024-04-27,2024-05-05,5070.45,False,4,2024
ORD01845,Bluetooth Speakers,Bluetooth Speakers,Pune,Shenzhen Traders,851.8,1778.41,6,1,2023-06-17,2023-06-18,5559.66,False,6,2023
ORD01846,Smart Watches,Smart Watches,Pune,Shenzhen Traders,1121.28,2756.11,7,2,2024-04-17,2024-04-19,11443.81,False,4,2024
ORD01847,Mobile Accessories,Mobile Accessories,Aurangabad,Guangzhou Imports,184.26,416.71,8,4,2023-11-20,2023-11-24,1859.6,False,11,2023
ORD01848,LED Lights,LED Lights,Thane,Shenzhen Traders,201.66,545.44,3,2,2024-08-11,2024-08-13,1031.34,False,8,2024
ORD01849,Kitchen Gadgets,Kitchen Gadgets,Nashik,Yiwu Global Trade,254.85,618.24,7,2,2023-12-14,2023-12-16,2543.73,False,12,2023
ORD01850,Mobile Accessories,Mobile Accessories,Thane,Yiwu Global Trade,118.99,347.66,8,4,2024-03-14,2024-03-18,1829.36,False,3,2024
ORD01851,Smart Watches,Smart Watches,Mumbai,Guangzhou Imports,1493.33,2876.76,3,8,2024-03-19,2024-03-27,4150.29,True,3,2024
ORD01852,LED Lights,LED Lights,Pune,Shenzhen Traders,369.92,755.48,1,6,2024-07-04,2024-07-10,385.56,False,7,2024
ORD01853,LED Lights,LED Lights,Nagpur,Shenzhen Traders,345.14,701.94,5,0,2024-11-23,2024-11-23,1784.0,False,11,2024
ORD01854,Bluetooth Speakers,Bluetooth Speakers,Mumbai,Shenzhen Traders,757.29,1581.98,7,7,2023-02-26,2023-03-05,5772.83,False,2,2023
ORD01855,LED Lights,LED Lights,Mumbai,Dragon Supply Co,358.24,910.54,7,17,2023-12-02,2023-12-19,3866.1,False,12,2023
ORD01856,LED Lights,LED Lights,Mumbai,Dragon Supply Co,325.37,752.32,5,9,2023-04-27,2023-05-06,2134.75,False,4,2023
ORD01857,Kitchen Gadgets,Kitchen Gadgets,Pune,Yiwu Global Trade,239.32,524.04,3,1,2023-04-26,2023-04-27,854.16,False,4,2023
ORD01858,Kitchen Gadgets,Kitchen Gadgets,Pune,Guangzhou Imports,231.68,532.87,3,5,2024-03-22,2024-03-27,903.57,False,3,2024
ORD01859,Smart Watches,Smart Watches,Mumbai,Guangzhou Imports,1458.31,3507.64,1,11,2024-03-16,2024-03-27,2049.33,False,3,2024
ORD01860,Bluetooth Speakers,Bluetooth Speakers,Aurangabad,Shenzhen Traders,769.49,1846.93,12,0,2024-07-04,2024-07-04,12929.28,False,7,2024
ORD01861,Kitchen Gadgets,Kitchen Gadgets,Pune,Yiwu Global Trade,180.35,438.76,1,3,2024-01-30,2024-02-02,258.41,False,1,2024
ORD01862,Home Decor,Home Decor,Pune,Dragon Supply Co,276.23,670.68,7,1,2023-06-15,2023-06-16,2761.15,True,6,2023
ORD01863,Mobile Accessories,Mobile Accessories,Thane,Guangzhou Imports,163.27,351.02,4,4,2023-08-02,2023-08-06,751.0,False,8,2023
ORD01864,Kitchen Gadgets,Kitchen Gadgets,Nagpur,Guangzhou Imports,338.31,659.42,4,5,2024-08-06,2024-08-11,1284.44,True,8,2024
ORD01865,Bluetooth Speakers,Bluetooth Speakers,Pune,Shenzhen Traders,757.28,1316.77,2,2,2023-02-21,2023-02-23,1118.98,True,2,2023
ORD01866,Home Decor,Home Decor,Thane,Dragon Supply Co,151.67,374.93,1,12,2023-06-15,2023-06-27,223.26,False,6,2023
ORD01867,Bluetooth Speakers,Bluetooth Speakers,Pune,Shenzhen Traders,708.6,1505.98,3,1,2024-04-22,2024-04-23,2392.14,False,4,2024
ORD01868,Kitchen Gadgets,Kitchen Gadgets,Thane,Yiwu Global Trade,230.68,500.52,5,2,2024-09-26,2024-09-28,1349.2,False,9,2024
ORD01869,LED Lights,LED Lights,Pune,Shenzhen Traders,209.15,459.58,1,4,2023-03-23,2023-03-27,250.43,False,3,2023
ORD01870,LED Lights,LED Lights,Thane,Shenzhen Traders,298.84,784.8,9,2,2024-09-01,2024-09-03,4373.64,False,9,2024
ORD01871,Mobile Accessories,Mobile Accessories,Pune,Yiwu Global Trade,130.45,314.34,7,3,2023-12-16,2023-12-19,1287.23,False,12,2023
ORD01872,Home Decor,Home Decor,Nagpur,Dragon Supply Co,231.47,621.06,9,7,2023-04-02,2023-04-09,3506.31,False,4,2023
ORD01873,Mobile Accessories,Mobile Accessories,Nagpur,Yiwu Global Trade,114.76,305.22,8,1,2023-10-28,2023-10-29,1523.68,False,10,2023
ORD01874,Kitchen Gadgets,Kitchen Gadgets,Pune,Guangzhou Imports,174.76,418.93,1,9,2024-05-07,2024-05-16,244.17,False,5,2024
ORD01875,Mobile Accessories,Mobile Accessories,Nagpur,Guangzhou Imports,221.0,400.84,3,9,2023-05-08,2023-05-17,539.52,False,5,2023
ORD01876,Mobile Accessories,Mobile Accessories,Mumbai,Yiwu Global Trade,246.09,550.4,11,2,2024-07-18,2024-07-20,3347.41,False,7,2024
ORD01877,Home Decor,Home Decor,Nagpur,Yiwu Global Trade,166.14,378.71,3,3,2023-06-03,2023-06-06,637.71,False,6,2023
ORD01878,Mobile Accessories,Mobile Accessories,Pune,Guangzhou Imports,175.06,370.5,5,6,2023-07-01,2023-07-07,977.2,False,7,2023
ORD01879,Mobile Accessories,Mobile Accessories,Mumbai,Yiwu Global Trade,234.96,563.11,3,4,2023-06-28,2023-07-02,984.45,False,6,2023
ORD01880,Smart Watches,Smart Watches,Aurangabad,Guangzhou Imports,1295.28,3255.4,11,5,2023-01-29,2023-02-03,21561.32,False,1,2023
ORD01881,Kitchen Gadgets,Kitchen Gadgets,Mumbai,Yiwu Global Trade,176.27,398.46,33,1,2023-04-07,2023-04-08,7332.27,False,4,2023
ORD01882,Mobile Accessories,Mobile Accessories,Pune,Yiwu Global Trade,211.24,555.36,1,1,2023-03-07,2023-03-08,344.12,False,3,2023
ORD01883,Home Decor,Home Decor,Mumbai,Dragon Supply Co,90.61,226.65,6,4,2023-04-21,2023-04-25,816.24,False,4,2023
ORD01884,Kitchen Gadgets,Kitchen Gadgets,Mumbai,Yiwu Global Trade,243.62,511.66,3,3,2024-11-01,2024-11-04,804.12,False,11,2024
ORD01885,LED Lights,LED Lights,Pune,Shenzhen Traders,285.53,760.89,8,1,2023-10-08,2023-10-09,3802.88,False,10,2023
ORD01886,Kitchen Gadgets,Kitchen Gadgets,Mumbai,Yiwu Global Trade,222.24,621.5,1,3,2023-07-29,2023-08-01,399.26,False,7,2023
ORD01887,Smart Watches,Smart Watches,Thane,Guangzhou Imports,1014.52,2092.51,3,5,2024-05-23,2024-05-28,3233.97,False,5,2024
ORD01888,Mobile Accessories,Mobile Accessories,Aurangabad,Guangzhou Imports,221.71,619.88,7,4,2023-07-07,2023-07-11,2787.19,False,7,2023
ORD01889,Kitchen Gadgets,Kitchen Gadgets,Pune,Guangzhou Imports,325.13,883.32,5,6,2024-02-19,2024-02-25,2790.95,False,2,2024
ORD01890,Bluetooth Speakers,Bluetooth Speakers,Mumbai,Shenzhen Traders,826.38,2064.93,2,0,2023-02-18,2023-02-18,2477.1,False,2,2023
ORD01891,Smart Watches,Smart Watches,Mumbai,Guangzhou Imports,1293.76,3620.35,29,9,2024-11-19,2024-11-28,67471.11,False,11,2024
ORD01892,Bluetooth Speakers,Bluetooth Speakers,Mumbai,Shenzhen Traders,761.2,1451.97,10,5,2023-12-12,2023-12-17,6907.7,False,12,2023
ORD01893,Kitchen Gadgets,Kitchen Gadgets,Mumbai,Yiwu Global Trade,200.7,438.47,1,4,2023-08-24,2023-08-28,237.77,False,8,2023
ORD01894,Smart Watches,Smart Watches,Nagpur,Shenzhen Traders,688.56,1528.58,1,1,2024-10-17,2024-10-18,840.02,False,10,2024
ORD01895,LED Lights,LED Lights,Mumbai,Dragon Supply Co,193.73,348.82,1,8,2024-02-25,2024-03-04,155.09,True,2,2024
ORD01896,Home Decor,Home Decor,Aurangabad,Dragon Supply Co,235.42,667.98,6,10,2024-03-13,2024-03-23,2595.36,False,3,2024
ORD01897,Home Decor,Home Decor,Mumbai,Yiwu Global Trade,96.63,324.92,2,4,2023-03-31,2023-04-04,456.58,False,3,2023
ORD01898,Home Decor,Home Decor,Thane,Yiwu Global Trade,120.28,330.22,2,2,2024-03-31,2024-04-02,419.88,False,3,2024
ORD01899,LED Lights,LED Lights,Nagpur,Dragon Supply Co,194.96,408.92,5,3,2024-09-20,2024-09-23,1069.8,False,9,2024
ORD01900,Mobile Accessories,Mobile Accessories,Pune,Guangzhou Imports,194.24,594.28,6,3,2024-03-23,2024-03-26,2400.24,False,3,2024
ORD01901,Mobile Accessories,Mobile Accessories,Pune,Yiwu Global Trade,239.89,567.21,8,1,2023-09-21,2023-09-22,2618.56,False,9,2023
ORD01902,Home Decor,Home Decor,Mumbai,Yiwu Global Trade,279.76,797.87,6,2,2023-09-28,2023-09-30,3108.66,False,9,2023
ORD01903,LED Lights,LED Lights,Pune,Shenzhen Traders,246.13,541.16,4,3,2024-01-29,2024-02-01,1180.12,False,1,2024
ORD01904,Mobile Accessories,Mobile Accessories,Pune,Guangzhou Imports,175.3,344.43,1,4,2024-07-02,2024-07-06,169.13,False,7,2024
ORD01905,Home Decor,Home Decor,Nagpur,Yiwu Global Trade,196.49,461.98,3,3,2024-02-11,2024-02-14,796.47,False,2,2024
ORD01906,Home Decor,Home Decor,Mumbai,Yiwu Global Trade,225.96,780.8,5,1,2024-03-07,2024-03-08,2774.2,False,3,2024
ORD01907,LED Lights,LED Lights,Nagpur,Shenzhen Traders,290.48,835.77,26,0,2023-01-14,2023-01-14,14177.54,False,1,2023
ORD01908,Smart Watches,Smart Watches,Nashik,Shenzhen Traders,1498.83,3369.95,2,4,2024-08-25,2024-08-29,3742.24,False,8,2024
ORD01909,Smart Watches,Smart Watches,Mumbai,Shenzhen Traders,1299.8,3030.08,4,5,2024-08-24,2024-08-29,6921.12,False,8,2024
ORD01910,Smart Watches,Smart Watches,Mumbai,Shenzhen Traders,989.17,2530.34,9,2,2024-12-27,2024-12-29,13870.53,False,12,2024
ORD01911,Bluetooth Speakers,Bluetooth Speakers,Nagpur,Shenzhen Traders,541.87,1273.0,1,2,2024-07-07,2024-07-09,731.13,False,7,2024
ORD01912,Home Decor,Home Decor,Mumbai,Yiwu Global Trade,281.99,761.76,7,2,2024-06-20,2024-06-22,3358.39,False,6,2024
ORD01913,Mobile Accessories,Mobile Accessories,Pune,Yiwu Global Trade,217.85,634.98,1,0,2023-05-09,2023-05-09,417.13,False,5,2023
ORD01914,Home Decor,Home Decor,Mumbai,Dragon Supply Co,267.88,679.26,9,9,2023-05-05,2023-05-14,3702.42,False,5,2023
ORD01915,LED Lights,LED Lights,Pune,Shenzhen Traders,331.47,820.46,2,6,2024-09-28,2024-10-04,977.98,False,9,2024
ORD01916,Smart Watches,Smart Watches,Nagpur,Guangzhou Imports,1407.05,3828.61,8,7,2024-10-23,2024-10-30,19372.48,False,10,2024
ORD01917,LED Lights,LED Lights,Thane,Dragon Supply Co,181.9,440.45,13,6,2023-04-13,2023-04-19,3361.15,False,4,2023
ORD01918,Home Decor,Home Decor,Mumbai,Yiwu Global Trade,172.34,415.61,1,2,2024-04-22,2024-04-24,243.27,False,4,2024
ORD01919,LED Lights,LED Lights,Thane,Dragon Supply Co,289.55,745.87,6,11,2023-02-15,2023-02-26,2737.92,False,2,2023
ORD01920,Bluetooth Speakers,Bluetooth Speakers,Thane,Shenzhen Traders,488.92,1056.68,1,1,2024-03-24,2024-03-25,567.76,False,3,2024
ORD01921,Home Decor,Home Decor,Pune,Dragon Supply Co,313.28,1046.56,6,13,2024-04-02,2024-04-15,4399.68,False,4,2024
ORD01922,Kitchen Gadgets,Kitchen Gadgets,Pune,Yiwu Global Trade,321.26,950.47,6,3,2023-01-16,2023-01-19,3775.26,False,1,2023
ORD01923,LED Lights,LED Lights,Pune,Shenzhen Traders,401.36,1158.56,2,4,2023-08-31,2023-09-04,1514.4,False,8,2023
ORD01924,Kitchen Gadgets,Kitchen Gadgets,Aurangabad,Yiwu Global Trade,267.68,595.75,8,2,2024-12-05,2024-12-07,2624.56,False,12,2024
ORD01925,LED Lights,LED Lights,Pune,Shenzhen Traders,363.8,1019.18,10,3,2023-04-25,2023-04-28,6553.8,False,4,2023
ORD01926,Mobile Accessories,Mobile Accessories,Mumbai,Yiwu Global Trade,105.07,319.01,3,4,2024-12-16,2024-12-20,641.82,False,12,2024
ORD01927,LED Lights,LED Lights,Mumbai,Shenzhen Traders,228.8,478.23,1,1,2024-06-21,2024-06-22,249.43,False,6,2024
ORD01928,Home Decor,Home Decor,Mumbai,Dragon Supply Co,126.65,295.08,5,11,2023-10-03,2023-10-14,842.15,False,10,2023
ORD01929,Bluetooth Speakers,Bluetooth Speakers,Thane,Dragon Supply Co,717.64,1781.14,1,0,2024-11-06,2024-11-06,1063.5,False,11,2024
ORD01930,LED Lights,LED Lights,Mumbai,Dragon Supply Co,363.13,774.75,2,18,2024-06-30,2024-07-18,823.24,False,6,2024
ORD01931,Smart Watches,Smart Watches,Nagpur,Guangzhou Imports,1264.23,2879.28,2,7,2023-11-06,2023-11-13,3230.1,False,11,2023
ORD01932,Kitchen Gadgets,Kitchen Gadgets,Mumbai,Yiwu Global Trade,278.22,776.53,10,5,2024-08-17,2024-08-22,4983.1,False,8,2024
ORD01933,Smart Watches,Smart Watches,Nagpur,Shenzhen Traders,1514.44,4136.95,4,7,2024-10-01,2024-10-08,10490.04,False,10,2024
ORD01934,Mobile Accessories,Mobile Accessories,Mumbai,Yiwu Global Trade,115.91,279.29,1,2,2023-12-23,2023-12-25,163.38,False,12,2023
ORD01935,Home Decor,Home Decor,Pune,Yiwu Global Trade,155.54,420.4,1,2,2024-11-06,2024-11-08,264.86,False,11,2024
ORD01936,LED Lights,LED Lights,Aurangabad,Dragon Supply Co,281.22,608.43,5,6,2024-04-08,2024-04-14,1636.05,False,4,2024
ORD01937,LED Lights,LED Lights,Thane,Dragon Supply Co,263.11,718.99,2,7,2024-06-17,2024-06-24,911.76,False,6,2024
ORD01938,Bluetooth Speakers,Bluetooth Speakers,Mumbai,Dragon Supply Co,420.81,948.88,5,2,2023-07-07,2023-07-09,2640.35,False,7,2023
ORD01939,LED Lights,LED Lights,Nashik,Dragon Supply Co,340.85,577.98,3,3,2023-03-14,2023-03-17,711.39,True,3,2023
ORD01940,Bluetooth Speakers,Bluetooth Speakers,Nashik,Shenzhen Traders,413.78,1019.96,5,2,2023-06-25,2023-06-27,3030.9,False,6,2023
ORD01941,Kitchen Gadgets,Kitchen Gadgets,Thane,Guangzhou Imports,305.13,872.6,5,4,2023-02-28,2023-03-04,2837.35,False,2,2023
ORD01942,LED Lights,LED Lights,Aurangabad,Shenzhen Traders,307.61,733.18,1,3,2024-05-28,2024-05-31,425.57,False,5,2024
ORD01943,Mobile Accessories,Mobile Accessories,Pune,Guangzhou Imports,238.81,627.17,8,5,2023-07-30,2023-08-04,3106.88,False,7,2023
ORD01944,Kitchen Gadgets,Kitchen Gadgets,Pune,Guangzhou Imports,240.84,514.4,3,9,2024-06-24,2024-07-03,820.68,False,6,2024
ORD01945,Bluetooth Speakers,Bluetooth Speakers,Mumbai,Shenzhen Traders,679.63,1466.99,2,4,2023-01-12,2023-01-16,1574.72,False,1,2023
ORD01946,Home Decor,Home Decor,Thane,Dragon Supply Co,95.41,243.05,9,11,2023-04-10,2023-04-21,1328.76,False,4,2023
ORD01947,Bluetooth Speakers,Bluetooth Speakers,Pune,Dragon Supply Co,513.73,692.22,11,15,2024-07-27,2024-08-11,1963.39,True,7,2024
ORD01948,Home Decor,Home Decor,Nagpur,Yiwu Global Trade,181.13,439.75,2,3,2023-05-23,2023-05-26,517.24,False,5,2023
ORD01949,Mobile Accessories,Mobile Accessories,Nagpur,Guangzhou Imports,153.29,334.87,1,10,2024-11-12,2024-11-22,181.58,False,11,2024
ORD01950,Home Decor,Home Decor,Thane,Yiwu Global Trade,297.82,1016.15,1,1,2024-03-16,2024-03-17,718.33,False,3,2024
ORD01951,Kitchen Gadgets,Kitchen Gadgets,Mumbai,Guangzhou Imports,204.91,437.37,2,2,2023-08-19,2023-08-21,464.92,False,8,2023
ORD01952,Home Decor,Home Decor,Pune,Yiwu Global Trade,315.46,726.31,1,4,2023-03-03,2023-03-07,410.85,False,3,2023
ORD01953,Home Decor,Home Decor,Pune,Dragon Supply Co,95.15,326.88,1,7,2023-04-12,2023-04-19,231.73,False,4,2023
ORD01954,Home Decor,Home Decor,Thane,Yiwu Global Trade,189.69,446.03,1,3,2024-07-23,2024-07-26,256.34,False,7,2024
ORD01955,Smart Watches,Smart Watches,Nagpur,Guangzhou Imports,1270.03,3346.5,1,8,2023-11-09,2023-11-17,2076.47,False,11,2023
ORD01956,LED Lights,LED Lights,Nagpur,Dragon Supply Co,231.65,680.0,2,2,2023-04-02,2023-04-04,896.7,False,4,2023
ORD01957,Home Decor,Home Decor,Mumbai,Yiwu Global Trade,244.43,729.87,3,2,2024-06-03,2024-06-05,1456.32,False,6,2024
ORD01958,Home Decor,Home Decor,Mumbai,Dragon Supply Co,183.65,408.5,20,10,2024-07-10,2024-07-20,4497.0,False,7,2024
ORD01959,Mobile Accessories,Mobile Accessories,Mumbai,Yiwu Global Trade,181.84,575.75,7,1,2023-02-01,2023-02-02,2757.37,False,2,2023
ORD01960,Mobile Accessories,Mobile Accessories,Mumbai,Guangzhou Imports,135.18,255.38,9,6,2023-01-29,2023-02-04,1081.8,False,1,2023
ORD01961,Home Decor,Home Decor,Nagpur,Dragon Supply Co,236.0,620.06,2,7,2024-11-27,2024-12-04,768.12,False,11,2024
ORD01962,Kitchen Gadgets,Kitchen Gadgets,Pune,Yiwu Global Trade,203.11,576.91,4,2,2024-05-29,2024-05-31,1495.2,False,5,2024
ORD01963,Home Decor,Home Decor,Mumbai,Dragon Supply Co,250.48,770.2,6,11,2024-06-20,2024-07-01,3118.32,False,6,2024
ORD01964,LED Lights,LED Lights,Nagpur,Shenzhen Traders,314.72,738.11,4,2,2023-01-31,2023-02-02,1693.56,False,1,2023
ORD01965,Kitchen Gadgets,Kitchen Gadgets,Pune,Guangzhou Imports,315.22,790.05,2,5,2023-05-10,2023-05-15,949.66,False,5,2023
ORD01966,Mobile Accessories,Mobile Accessories,Nagpur,Guangzhou Imports,176.03,419.22,5,0,2023-04-16,2023-04-16,1215.95,False,4,2023
ORD01967,Smart Watches,Smart Watches,Aurangabad,Guangzhou Imports,1081.58,2628.32,2,6,2024-11-13,2024-11-19,3093.48,False,11,2024
ORD01968,LED Lights,LED Lights,Pune,Shenzhen Traders,230.71,486.94,4,7,2024-03-29,2024-04-05,1024.92,False,3,2024
ORD01969,Mobile Accessories,Mobile Accessories,Nagpur,Yiwu Global Trade,139.84,294.34,1,3,2024-02-01,2024-02-04,154.5,False,2,2024
ORD01970,Smart Watches,Smart Watches,Thane,Guangzhou Imports,1374.82,3480.2,7,7,2023-07-17,2023-07-24,14737.66,False,7,2023
ORD01971,Home Decor,Home Decor,Pune,Dragon Supply Co,212.48,529.63,12,11,2024-11-28,2024-12-09,3805.8,False,11,2024
ORD01972,Bluetooth Speakers,Bluetooth Speakers,Thane,Shenzhen Traders,597.2,1520.91,4,5,2024-06-06,2024-06-11,3694.84,False,6,2024
ORD01973,Smart Watches,Smart Watches,Nagpur,Shenzhen Traders,1034.16,2452.22,1,3,2024-10-19,2024-10-22,1418.06,False,10,2024
ORD01974,LED Lights,LED Lights,Nagpur,Dragon Supply Co,280.34,677.94,2,11,2024-09-17,2024-09-28,795.2,False,9,2024
ORD01975,LED Lights,LED Lights,Mumbai,Shenzhen Traders,328.78,985.98,2,1,2024-01-16,2024-01-17,1314.4,False,1,2024
ORD01976,Home Decor,Home Decor,Aurangabad,Dragon Supply Co,164.75,415.98,1,9,2023-11-25,2023-12-04,251.23,False,11,2023
ORD01977,Bluetooth Speakers,Bluetooth Speakers,Aurangabad,Dragon Supply Co,362.5,841.34,8,16,2024-05-02,2024-05-18,3830.72,False,5,2024
ORD01978,Bluetooth Speakers,Bluetooth Speakers,Thane,Dragon Supply Co,438.76,947.0,7,6,2023-11-24,2023-11-30,3557.68,False,11,2023
ORD01979,Mobile Accessories,Mobile Accessories,Aurangabad,Yiwu Global Trade,236.64,532.87,4,4,2024-07-05,2024-07-09,1184.92,False,7,2024
ORD01980,LED Lights,LED Lights,Nagpur,Shenzhen Traders,290.21,778.83,8,0,2024-11-12,2024-11-12,3908.96,False,11,2024
ORD01981,Mobile Accessories,Mobile Accessories,Aurangabad,Guangzhou Imports,165.04,322.76,8,11,2024-11-30,2024-12-11,1261.76,False,11,2024
ORD01982,Smart Watches,Smart Watches,Mumbai,Shenzhen Traders,1480.35,3043.41,22,3,2024-01-02,2024-01-05,34387.32,False,1,2024
ORD01983,Home Decor,Home Decor,Thane,Dragon Supply Co,318.97,741.47,5,5,2024-10-08,2024-10-13,2112.5,True,10,2024
ORD01984,Bluetooth Speakers,Bluetooth Speakers,Thane,Shenzhen Traders,645.54,1549.98,4,2,2024-11-19,2024-11-21,3617.76,False,11,2024
ORD01985,Kitchen Gadgets,Kitchen Gadgets,Pune,Yiwu Global Trade,335.22,722.0,6,3,2024-06-17,2024-06-20,2320.68,False,6,2024
ORD01986,Home Decor,Home Decor,Pune,Yiwu Global Trade,254.82,730.07,1,2,2023-01-18,2023-01-20,475.25,False,1,2023
ORD01987,Bluetooth Speakers,Bluetooth Speakers,Mumbai,Dragon Supply Co,815.89,1983.07,6,0,2023-05-24,2023-05-24,7003.08,False,5,2023
ORD01988,LED Lights,LED Lights,Pune,Shenzhen Traders,337.57,723.06,2,4,2024-02-26,2024-03-01,770.98,False,2,2024
ORD01989,Bluetooth Speakers,Bluetooth Speakers,Mumbai,Dragon Supply Co,531.51,1267.97,12,17,2024-10-07,2024-10-24,8837.52,False,10,2024
ORD01990,Home Decor,Home Decor,Thane,Dragon Supply Co,264.11,698.62,3,7,2024-02-29,2024-03-07,1303.53,False,2,2024
ORD01991,Smart Watches,Smart Watches,Nashik,Guangzhou Imports,1303.47,3226.8,2,5,2024-03-21,2024-03-26,3846.66,False,3,2024
ORD01992,Mobile Accessories,Mobile Accessories,Mumbai,Yiwu Global Trade,229.63,594.5,5,3,2024-06-21,2024-06-24,1824.35,False,6,2024
ORD01993,Smart Watches,Smart Watches,Nagpur,Shenzhen Traders,1000.45,2571.62,5,3,2023-04-09,2023-04-12,7855.85,False,4,2023
ORD01994,Mobile Accessories,Mobile Accessories,Mumbai,Guangzhou Imports,129.7,303.23,1,8,2023-04-14,2023-04-22,173.53,False,4,2023
ORD01995,LED Lights,LED Lights,Nagpur,Shenzhen Traders,215.61,433.82,4,2,2024-10-14,2024-10-16,872.84,False,10,2024
ORD01996,Kitchen Gadgets,Kitchen Gadgets,Pune,Guangzhou Imports,354.0,1053.21,1,3,2024-06-04,2024-06-07,699.21,False,6,2024
ORD01997,Kitchen Gadgets,Kitchen Gadgets,Nagpur,Guangzhou Imports,218.27,640.29,5,7,2023-08-14,2023-08-21,2110.1,False,8,2023
ORD01998,Kitchen Gadgets,Kitchen Gadgets,Mumbai,Guangzhou Imports,353.25,746.35,10,0,2024-09-23,2024-09-23,3931.0,False,9,2024
ORD01999,Smart Watches,Smart Watches,Pune,Shenzhen Traders,907.96,2018.08,4,2,2024-03-07,2024-03-09,4440.48,False,3,2024
ORD02000,LED Lights,LED Lights,Pune,Shenzhen Traders,290.24,845.38,1,7,2023-11-25,2023-12-02,555.14,False,11,2023
ORD02001,Home Decor,Home Decor,Nashik,Yiwu Global Trade,173.62,389.38,14,2,2023-05-13,2023-05-15,3020.64,False,5,2023
ORD02002,Smart Watches,Smart Watches,Mumbai,Shenzhen Traders,1755.9,4701.04,6,0,2023-05-09,2023-05-09,17670.84,False,5,2023
ORD02003,LED Lights,LED Lights,Pune,Shenzhen Traders,305.51,685.78,3,4,2024-07-28,2024-08-01,1140.81,False,7,2024
ORD02004,Mobile Accessories,Mobile Accessories,Mumbai,Guangzhou Imports,201.95,413.67,3,3,2023-10-20,2023-10-23,635.16,False,10,2023
ORD02005,Smart Watches,Smart Watches,Mumbai,Guangzhou Imports,868.52,1619.95,2,8,2023-01-24,2023-02-01,1502.86,True,1,2023
ORD02006,Mobile Accessories,Mobile Accessories,Mumbai,Yiwu Global Trade,118.69,310.96,10,4,2023-06-23,2023-06-27,1922.7,False,6,2023
ORD02007,Bluetooth Speakers,Bluetooth Speakers,Nagpur,Dragon Supply Co,779.78,1655.63,2,1,2024-05-10,2024-05-11,1751.7,False,5,2024
ORD02008,Mobile Accessories,Mobile Accessories,Mumbai,Yiwu Global Trade,94.18,195.55,3,2,2023-10-26,2023-10-28,304.11,False,10,2023
ORD02009,Mobile Accessories,Mobile Accessories,Mumbai,Yiwu Global Trade,81.63,196.05,7,1,2023-07-11,2023-07-12,800.94,False,7,2023
ORD02010,Home Decor,Home Decor,Thane,Dragon Supply Co,134.8,437.76,8,4,2023-06-15,2023-06-19,2423.68,False,6,2023
ORD02011,Bluetooth Speakers,Bluetooth Speakers,Mumbai,Dragon Supply Co,573.94,1199.26,1,11,2023-08-20,2023-08-31,625.32,False,8,2023
ORD02012,Smart Watches,Smart Watches,Pune,Guangzhou Imports,1744.15,3906.39,1,4,2023-10-31,2023-11-04,2162.24,False,10,2023
ORD02013,Mobile Accessories,Mobile Accessories,Mumbai,Yiwu Global Trade,175.41,391.57,9,3,2023-11-19,2023-11-22,1945.44,False,11,2023
ORD02014,Mobile Accessories,Mobile Accessories,Mumbai,Yiwu Global Trade,231.87,582.77,9,3,2023-05-29,2023-06-01,3158.1,False,5,2023
ORD02015,Mobile Accessories,Mobile Accessories,Thane,Guangzhou Imports,194.41,375.68,8,6,2024-02-09,2024-02-15,1450.16,False,2,2024
ORD02016,Smart Watches,Smart Watches,Mumbai,Shenzhen Traders,775.02,1693.76,4,1,2024-07-09,2024-07-10,3674.96,False,7,2024
ORD02017,Smart Watches,Smart Watches,Thane,Guangzhou Imports,1192.66,3038.66,5,2,2024-03-04,2024-03-06,9230.0,False,3,2024
ORD02018,Mobile Accessories,Mobile Accessories,Pune,Guangzhou Imports,112.62,265.19,7,9,2023-03-17,2023-03-26,1067.99,False,3,2023
ORD02019,Mobile Accessories,Mobile Accessories,Pune,Guangzhou Imports,167.8,413.34,4,0,2023-09-05,2023-09-05,982.16,False,9,2023
ORD02020,Bluetooth Speakers,Bluetooth Speakers,Mumbai,Shenzhen Traders,494.57,1263.15,3,6,2024-11-03,2024-11-09,2305.74,False,11,2024
ORD02021,Smart Watches,Smart Watches,Pune,Shenzhen Traders,1485.72,3957.04,1,5,2023-06-23,2023-06-28,2471.32,False,6,2023
ORD02022,Smart Watches,Smart Watches,Nagpur,Guangzhou Imports,1527.1,3061.13,7,6,2023-04-11,2023-04-17,10738.21,False,4,2023
ORD02023,LED Lights,LED Lights,Pune,Dragon Supply Co,373.29,1110.53,13,10,2024-01-24,2024-02-03,9584.12,False,1,2024
ORD02024,LED Lights,LED Lights,Mumbai,Shenzhen Traders,352.0,807.77,1,5,2023-11-13,2023-11-18,455.77,False,11,2023
ORD02025,Smart Watches,Smart Watches,Thane,Guangzhou Imports,1024.54,2508.05,3,5,2024-06-20,2024-06-25,4450.53,False,6,2024
ORD02026,Mobile Accessories,Mobile Accessories,Thane,Yiwu Global Trade,98.16,210.1,7,4,2023-11-19,2023-11-23,783.58,False,11,2023
ORD02027,Bluetooth Speakers,Bluetooth Speakers,Aurangabad,Shenzhen Traders,870.69,2130.46,1,2,2023-01-13,2023-01-15,1259.77,False,1,2023
ORD02028,Home Decor,Home Decor,Mumbai,Dragon Supply Co,316.99,657.24,5,9,2023-10-18,2023-10-27,1701.25,True,10,2023
ORD02029,LED Lights,LED Lights,Mumbai,Dragon Supply Co,268.67,549.84,5,10,2023-09-18,2023-09-28,1405.85,True,9,2023
ORD02030,Mobile Accessories,Mobile Accessories,Pune,Guangzhou Imports,211.79,503.91,3,3,2024-04-12,2024-04-15,876.36,False,4,2024
ORD02031,Mobile Accessories,Mobile Accessories,Nagpur,Yiwu Global Trade,175.51,423.6,6,3,2024-04-16,2024-04-19,1488.54,False,4,2024
ORD02032,Kitchen Gadgets,Kitchen Gadgets,Nagpur,Guangzhou Imports,332.5,904.6,4,9,2023-07-31,2023-08-09,2288.4,False,7,2023
ORD02033,LED Lights,LED Lights,Aurangabad,Dragon Supply Co,266.7,739.48,2,8,2024-05-12,2024-05-20,945.56,False,5,2024
ORD02034,Mobile Accessories,Mobile Accessories,Pune,Guangzhou Imports,118.71,273.87,1,6,2023-06-21,2023-06-27,155.16,False,6,2023
ORD02035,Home Decor,Home Decor,Mumbai,Dragon Supply Co,261.96,408.93,1,11,2024-05-12,2024-05-23,146.97,True,5,2024
ORD02036,Bluetooth Speakers,Bluetooth Speakers,Pune,Shenzhen Traders,617.5,1194.01,2,4,2024-06-10,2024-06-14,1153.02,False,6,2024
ORD02037,Kitchen Gadgets,Kitchen Gadgets,Mumbai,Guangzhou Imports,233.67,497.45,3,8,2023-11-21,2023-11-29,791.34,False,11,2023
ORD02038,Smart Watches,Smart Watches,Mumbai,Guangzhou Imports,1033.82,2123.14,3,7,2023-11-01,2023-11-08,3267.96,False,11,2023
ORD02039,LED Lights,LED Lights,Nagpur,Shenzhen Traders,371.66,1057.86,4,3,2024-05-30,2024-06-02,2744.8,False,5,2024
ORD02040,Bluetooth Speakers,Bluetooth Speakers,Thane,Dragon Supply Co,771.91,1699.49,5,3,2024-04-18,2024-04-21,4637.9,False,4,2024
ORD02041,Bluetooth Speakers,Bluetooth Speakers,Nashik,Dragon Supply Co,390.16,918.24,11,5,2024-10-24,2024-10-29,5808.88,False,10,2024
ORD02042,Kitchen Gadgets,Kitchen Gadgets,Thane,Guangzhou Imports,224.38,530.53,3,6,2024-02-05,2024-02-11,918.45,False,2,2024
ORD02043,Bluetooth Speakers,Bluetooth Speakers,Mumbai,Dragon Supply Co,527.31,1057.44,5,14,2023-07-05,2023-07-19,2650.65,False,7,2023
ORD02044,Kitchen Gadgets,Kitchen Gadgets,Nagpur,Guangzhou Imports,289.94,661.15,2,5,2023-12-25,2023-12-30,742.42,False,12,2023
ORD02045,Smart Watches,Smart Watches,Mumbai,Shenzhen Traders,820.53,1843.55,3,4,2024-04-10,2024-04-14,3069.06,False,4,2024
ORD02046,Kitchen Gadgets,Kitchen Gadgets,Thane,Yiwu Global Trade,260.42,770.63,4,3,2024-06-13,2024-06-16,2040.84,False,6,2024
ORD02047,Smart Watches,Smart Watches,Nashik,Shenzhen Traders,881.96,1879.13,8,5,2024-12-01,2024-12-06,7977.36,False,12,2024
ORD02048,Mobile Accessories,Mobile Accessories,Thane,Guangzhou Imports,84.64,256.35,22,13,2024-12-08,2024-12-21,3777.62,False,12,2024
ORD02049,LED Lights,LED Lights,Mumbai,Dragon Supply Co,388.21,1108.02,21,4,2023-12-10,2023-12-14,15116.01,False,12,2023
ORD02050,LED Lights,LED Lights,Pune,Dragon Supply Co,227.67,630.87,2,6,2023-08-10,2023-08-16,806.4,False,8,2023
ORD02051,LED Lights,LED Lights,Aurangabad,Shenzhen Traders,301.61,777.64,5,3,2024-08-14,2024-08-17,2380.15,False,8,2024
ORD02052,Mobile Accessories,Mobile Accessories,Mumbai,Guangzhou Imports,163.15,431.82,2,8,2024-06-07,2024-06-15,537.34,False,6,2024
ORD02053,Smart Watches,Smart Watches,Mumbai,Guangzhou Imports,1782.92,4706.61,18,1,2023-01-21,2023-01-22,52626.42,False,1,2023
ORD02054,Smart Watches,Smart Watches,Aurangabad,Shenzhen Traders,668.57,1540.4,3,2,2023-05-14,2023-05-16,2615.49,False,5,2023
ORD02055,LED Lights,LED Lights,Pune,Dragon Supply Co,254.4,525.41,6,10,2024-02-08,2024-02-18,1626.06,False,2,2024
ORD02056,Home Decor,Home Decor,Mumbai,Dragon Supply Co,251.28,765.29,3,6,2023-09-16,2023-09-22,1542.03,False,9,2023
ORD02057,Bluetooth Speakers,Bluetooth Speakers,Aurangabad,Dragon Supply Co,501.09,1179.14,2,2,2023-04-13,2023-04-15,1356.1,False,4,2023
ORD02058,Mobile Accessories,Mobile Accessories,Mumbai,Guangzhou Imports,81.58,206.08,5,6,2023-08-14,2023-08-20,622.5,False,8,2023
ORD02059,Bluetooth Speakers,Bluetooth Speakers,Mumbai,Dragon Supply Co,791.31,1983.37,11,10,2023-08-25,2023-09-04,13112.66,False,8,2023
ORD02060,Smart Watches,Smart Watches,Thane,Guangzhou Imports,1132.13,2422.43,3,5,2024-09-25,2024-09-30,3870.9,False,9,2024
ORD02061,Mobile Accessories,Mobile Accessories,Pune,Guangzhou Imports,237.24,481.8,14,5,2023-11-11,2023-11-16,3423.84,True,11,2023
ORD02062,Mobile Accessories,Mobile Accessories,Pune,Yiwu Global Trade,143.44,427.16,2,2,2023-08-20,2023-08-22,567.44,False,8,2023
ORD02063,LED Lights,LED Lights,Pune,Shenzhen Traders,393.32,800.1,1,5,2024-03-17,2024-03-22,406.78,False,3,2024
ORD02064,Bluetooth Speakers,Bluetooth Speakers,Nagpur,Dragon Supply Co,769.38,1850.95,1,8,2023-12-04,2023-12-12,1081.57,False,12,2023
ORD02065,LED Lights,LED Lights,Pune,Shenzhen Traders,233.45,564.92,5,5,2023-02-06,2023-02-11,1657.35,False,2,2023
ORD02066,Bluetooth Speakers,Bluetooth Speakers,Aurangabad,Shenzhen Traders,820.88,1868.08,1,1,2024-04-11,2024-04-12,1047.2,False,4,2024
ORD02067,Kitchen Gadgets,Kitchen Gadgets,Pune,Yiwu Global Trade,242.07,705.05,34,3,2023-08-23,2023-08-26,15741.32,False,8,2023
ORD02068,Home Decor,Home Decor,Aurangabad,Dragon Supply Co,243.74,566.77,6,12,2023-04-10,2023-04-22,1938.18,False,4,2023
ORD02069,Kitchen Gadgets,Kitchen Gadgets,Mumbai,Yiwu Global Trade,253.83,717.05,1,2,2024-02-07,2024-02-09,463.22,False,2,2024
ORD02070,Home Decor,Home Decor,Nashik,Yiwu Global Trade,254.97,654.51,9,1,2024-04-07,2024-04-08,3595.86,False,4,2024
ORD02071,Mobile Accessories,Mobile Accessories,Mumbai,Guangzhou Imports,204.11,453.44,1,8,2024-09-10,2024-09-18,249.33,False,9,2024
ORD02072,Bluetooth Speakers,Bluetooth Speakers,Thane,Shenzhen Traders,422.44,927.43,7,3,2023-02-28,2023-03-03,3534.93,False,2,2023
ORD02073,Kitchen Gadgets,Kitchen Gadgets,Nashik,Yiwu Global Trade,327.94,875.17,16,2,2024-05-18,2024-05-20,8755.68,False,5,2024
ORD02074,Mobile Accessories,Mobile Accessories,Mumbai,Guangzhou Imports,85.8,249.91,1,7,2023-10-01,2023-10-08,164.11,False,10,2023
ORD02075,Smart Watches,Smart Watches,Nagpur,Shenzhen Traders,1206.42,2744.75,1,5,2024-07-15,2024-07-20,1538.33,False,7,2024
ORD02076,Kitchen Gadgets,Kitchen Gadgets,Pune,Guangzhou Imports,175.86,467.64,8,3,2024-11-23,2024-11-26,2334.24,False,11,2024
ORD02077,LED Lights,LED Lights,Nashik,Dragon Supply Co,303.48,709.34,5,12,2024-02-16,2024-02-28,2029.3,False,2,2024
ORD02078,Mobile Accessories,Mobile Accessories,Pune,Yiwu Global Trade,228.24,657.52,1,2,2023-01-15,2023-01-17,429.28,False,1,2023
ORD02079,LED Lights,LED Lights,Thane,Dragon Supply Co,243.09,676.27,3,11,2023-03-27,2023-04-07,1299.54,False,3,2023
ORD02080,LED Lights,LED Lights,Mumbai,Shenzhen Traders,414.02,1171.71,1,4,2024-06-04,2024-06-08,757.69,False,6,2024
ORD02081,Home Decor,Home Decor,Mumbai,Dragon Supply Co,169.95,473.88,1,6,2024-02-23,2024-02-29,303.93,False,2,2024
ORD02082,LED Lights,LED Lights,Pune,Shenzhen Traders,405.9,1217.11,1,4,2024-07-08,2024-07-12,811.21,False,7,2024
ORD02083,Home Decor,Home Decor,Thane,Yiwu Global Trade,135.7,429.89,3,1,2024-06-01,2024-06-02,882.57,False,6,2024
ORD02084,Mobile Accessories,Mobile Accessories,Thane,Guangzhou Imports,141.65,300.67,2,6,2023-08-25,2023-08-31,318.04,False,8,2023
ORD02085,Kitchen Gadgets,Kitchen Gadgets,Pune,Yiwu Global Trade,146.04,328.45,4,2,2024-02-03,2024-02-05,729.64,False,2,2024
ORD02086,Kitchen Gadgets,Kitchen Gadgets,Thane,Yiwu Global Trade,315.29,705.26,2,2,2023-06-05,2023-06-07,779.94,False,6,2023
ORD02087,Kitchen Gadgets,Kitchen Gadgets,Thane,Guangzhou Imports,192.39,570.08,7,3,2023-06-07,2023-06-10,2643.83,False,6,2023
ORD02088,Smart Watches,Smart Watches,Thane,Guangzhou Imports,1767.81,4799.6,2,8,2023-09-19,2023-09-27,6063.58,False,9,2023
ORD02089,Mobile Accessories,Mobile Accessories,Mumbai,Yiwu Global Trade,122.73,316.41,1,3,2023-08-17,2023-08-20,193.68,False,8,2023
ORD02090,Home Decor,Home Decor,Mumbai,Yiwu Global Trade,184.39,440.13,10,3,2024-11-05,2024-11-08,2557.4,False,11,2024
ORD02091,Mobile Accessories,Mobile Accessories,Thane,Yiwu Global Trade,189.83,445.61,2,1,2023-02-11,2023-02-12,511.56,False,2,2023
ORD02092,Smart Watches,Smart Watches,Mumbai,Shenzhen Traders,1741.41,3678.47,9,0,2023-10-07,2023-10-07,17433.54,False,10,2023
ORD02093,Home Decor,Home Decor,Mumbai,Yiwu Global Trade,122.75,314.01,1,1,2023-04-28,2023-04-29,191.26,False,4,2023
ORD02094,Home Decor,Home Decor,Nagpur,Yiwu Global Trade,210.58,674.52,1,1,2023-09-18,2023-09-19,463.94,False,9,2023
ORD02095,Mobile Accessories,Mobile Accessories,Mumbai,Yiwu Global Trade,101.23,287.5,1,1,2023-12-20,2023-12-21,186.27,False,12,2023
ORD02096,LED Lights,LED Lights,Thane,Dragon Supply Co,407.88,832.47,7,1,2024-03-16,2024-03-17,2972.13,False,3,2024
ORD02097,Smart Watches,Smart Watches,Nagpur,Shenzhen Traders,1139.8,2433.2,5,3,2023-01-07,2023-01-10,6467.0,False,1,2023
ORD02098,Bluetooth Speakers,Bluetooth Speakers,Mumbai,Shenzhen Traders,406.68,1056.69,1,1,2024-04-20,2024-04-21,650.01,False,4,2024
ORD02099,Kitchen Gadgets,Kitchen Gadgets,Mumbai,Guangzhou Imports,340.99,867.85,1,9,2023-02-22,2023-03-03,526.86,False,2,2023
ORD02100,Bluetooth Speakers,Bluetooth Speakers,Mumbai,Shenzhen Traders,407.85,994.73,1,0,2024-10-29,2024-10-29,586.88,False,10,2024
ORD02101,Home Decor,Home Decor,Thane,Dragon Supply Co,237.26,623.4,2,11,2024-01-02,2024-01-13,772.28,False,1,2024
ORD02102,Smart Watches,Smart Watches,Mumbai,Guangzhou Imports,766.3,2026.71,11,9,2024-04-15,2024-04-24,13864.51,False,4,2024
ORD02103,Bluetooth Speakers,Bluetooth Speakers,Nagpur,Dragon Supply Co,716.1,1412.7,1,12,2024-12-01,2024-12-13,696.6,False,12,2024
ORD02104,Home Decor,Home Decor,Nagpur,Dragon Supply Co,282.6,759.79,6,4,2024-06-04,2024-06-08,2863.14,False,6,2024
ORD02105,Home Decor,Home Decor,Mumbai,Dragon Supply Co,114.79,377.62,1,9,2023-07-29,2023-08-07,262.83,False,7,2023
ORD02106,LED Lights,LED Lights,Mumbai,Shenzhen Traders,363.37,857.81,1,2,2023-02-08,2023-02-10,494.44,False,2,2023
ORD02107,Kitchen Gadgets,Kitchen Gadgets,Thane,Guangzhou Imports,306.76,655.2,2,5,2023-12-02,2023-12-07,696.88,False,12,2023
ORD02108,Bluetooth Speakers,Bluetooth Speakers,Nagpur,Shenzhen Traders,637.52,1630.86,4,2,2023-05-27,2023-05-29,3973.36,False,5,2023
ORD02109,Home Decor,Home Decor,Nashik,Dragon Supply Co,95.9,197.16,5,18,2023-08-01,2023-08-19,506.3,True,8,2023
ORD02110,Smart Watches,Smart Watches,Mumbai,Shenzhen Traders,1123.97,2273.45,3,0,2023-04-15,2023-04-15,3448.44,False,4,2023
ORD02111,Smart Watches,Smart Watches,Thane,Guangzhou Imports,1045.66,2905.75,3,8,2024-03-07,2024-03-15,5580.27,False,3,2024
ORD02112,Bluetooth Speakers,Bluetooth Speakers,Pune,Dragon Supply Co,734.51,1721.96,5,1,2023-08-10,2023-08-11,4937.25,False,8,2023
ORD02113,Mobile Accessories,Mobile Accessories,Nagpur,Guangzhou Imports,226.79,614.06,1,12,2024-01-02,2024-01-14,387.27,False,1,2024
ORD02114,Smart Watches,Smart Watches,Thane,Shenzhen Traders,1635.14,3706.88,6,6,2023-07-02,2023-07-08,12430.44,False,7,2023
ORD02115,Home Decor,Home Decor,Pune,Yiwu Global Trade,160.34,543.3,4,3,2024-03-19,2024-03-22,1531.84,False,3,2024
ORD02116,Bluetooth Speakers,Bluetooth Speakers,Nagpur,Shenzhen Traders,701.71,1704.87,6,6,2024-04-24,2024-04-30,6018.96,False,4,2024
ORD02117,Home Decor,Home Decor,Pune,Dragon Supply Co,275.36,926.45,2,3,2023-08-23,2023-08-26,1302.18,False,8,2023
ORD02118,Mobile Accessories,Mobile Accessories,Mumbai,Yiwu Global Trade,112.26,250.87,1,2,2024-07-22,2024-07-24,138.61,False,7,2024
ORD02119,Home Decor,Home Decor,Thane,Dragon Supply Co,213.8,580.97,1,11,2023-05-17,2023-05-28,367.17,False,5,2023
ORD02120,Mobile Accessories,Mobile Accessories,Mumbai,Guangzhou Imports,181.65,549.98,26,5,2024-03-12,2024-03-17,9576.58,False,3,2024
ORD02121,Smart Watches,Smart Watches,Nashik,Shenzhen Traders,1262.75,2926.3,2,6,2023-10-08,2023-10-14,3327.1,False,10,2023
ORD02122,LED Lights,LED Lights,Nagpur,Dragon Supply Co,412.98,959.7,1,14,2023-10-29,2023-11-12,546.72,False,10,2023
ORD02123,LED Lights,LED Lights,Nagpur,Shenzhen Traders,340.21,773.57,4,7,2024-11-18,2024-11-25,1733.44,False,11,2024
ORD02124,Home Decor,Home Decor,Mumbai,Yiwu Global Trade,141.94,431.82,5,2,2023-02-07,2023-02-09,1449.4,False,2,2023
ORD02125,LED Lights,LED Lights,Mumbai,Dragon Supply Co,184.99,483.23,2,11,2024-02-25,2024-03-07,596.48,False,2,2024
ORD02126,Bluetooth Speakers,Bluetooth Speakers,Pune,Dragon Supply Co,816.35,1883.01,9,0,2023-09-30,2023-09-30,9599.94,False,9,2023
ORD02127,Bluetooth Speakers,Bluetooth Speakers,Nashik,Shenzhen Traders,890.05,2191.66,8,1,2023-11-04,2023-11-05,10412.88,False,11,2023
ORD02128,Smart Watches,Smart Watches,Thane,Guangzhou Imports,1727.46,3897.36,6,2,2023-04-23,2023-04-25,13019.4,False,4,2023
ORD02129,Home Decor,Home Decor,Pune,Yiwu Global Trade,280.31,872.65,2,3,2024-02-09,2024-02-12,1184.68,False,2,2024
ORD02130,Kitchen Gadgets,Kitchen Gadgets,Mumbai,Yiwu Global Trade,358.54,1070.94,3,2,2023-04-25,2023-04-27,2137.2,False,4,2023
ORD02131,Kitchen Gadgets,Kitchen Gadgets,Mumbai,Guangzhou Imports,334.84,771.82,1,1,2023-03-06,2023-03-07,436.98,False,3,2023
ORD02132,Home Decor,Home Decor,Pune,Yiwu Global Trade,222.08,503.94,2,0,2024-01-04,2024-01-04,563.72,False,1,2024
ORD02133,Bluetooth Speakers,Bluetooth Speakers,Mumbai,Shenzhen Traders,897.68,1719.49,11,1,2023-01-12,2023-01-13,9039.91,False,1,2023
ORD02134,Home Decor,Home Decor,Thane,Yiwu Global Trade,199.62,622.46,2,2,2023-02-22,2023-02-24,845.68,False,2,2023
ORD02135,Smart Watches,Smart Watches,Aurangabad,Shenzhen Traders,967.5,2130.06,4,4,2023-12-26,2023-12-30,4650.24,False,12,2023
ORD02136,LED Lights,LED Lights,Pune,Dragon Supply Co,363.45,775.37,5,10,2023-06-29,2023-07-09,2059.6,False,6,2023
ORD02137,Home Decor,Home Decor,Pune,Dragon Supply Co,250.36,649.95,7,9,2023-08-23,2023-09-01,2797.13,False,8,2023
ORD02138,Kitchen Gadgets,Kitchen Gadgets,Mumbai,Guangzhou Imports,260.3,706.24,20,6,2024-04-21,2024-04-27,8918.8,False,4,2024
ORD02139,LED Lights,LED Lights,Nashik,Shenzhen Traders,266.0,563.84,5,4,2024-07-23,2024-07-27,1489.2,False,7,2024
ORD02140,Kitchen Gadgets,Kitchen Gadgets,Nagpur,Yiwu Global Trade,309.9,855.11,1,2,2024-10-01,2024-10-03,545.21,False,10,2024
ORD02141,Kitchen Gadgets,Kitchen Gadgets,Thane,Yiwu Global Trade,127.67,374.83,12,3,2023-08-19,2023-08-22,2965.92,False,8,2023
ORD02142,Smart Watches,Smart Watches,Mumbai,Shenzhen Traders,1114.09,2852.9,15,4,2023-08-21,2023-08-25,26082.15,False,8,2023
ORD02143,Bluetooth Speakers,Bluetooth Speakers,Nashik,Shenzhen Traders,426.18,912.16,7,3,2023-11-29,2023-12-02,3401.86,False,11,2023
ORD02144,Smart Watches,Smart Watches,Nashik,Shenzhen Traders,1660.92,3985.79,5,2,2024-10-18,2024-10-20,11624.35,False,10,2024
ORD02145,Bluetooth Speakers,Bluetooth Speakers,Mumbai,Dragon Supply Co,892.1,2090.28,3,0,2024-02-19,2024-02-19,3594.54,False,2,2024
ORD02146,LED Lights,LED Lights,Mumbai,Dragon Supply Co,325.48,679.41,4,14,2023-08-11,2023-08-25,1415.72,True,8,2023
ORD02147,Smart Watches,Smart Watches,Mumbai,Shenzhen Traders,1758.14,2982.34,10,1,2024-06-28,2024-06-29,12242.0,True,6,2024
ORD02148,Bluetooth Speakers,Bluetooth Speakers,Mumbai,Shenzhen Traders,847.83,1945.22,1,6,2023-09-27,2023-10-03,1097.39,False,9,2023
ORD02149,Mobile Accessories,Mobile Accessories,Nagpur,Guangzhou Imports,164.69,419.84,8,7,2023-11-29,2023-12-06,2041.2,False,11,2023
ORD02150,LED Lights,LED Lights,Nagpur,Shenzhen Traders,317.76,918.78,1,4,2023-12-29,2024-01-02,601.02,False,12,2023
ORD02151,Mobile Accessories,Mobile Accessories,Thane,Guangzhou Imports,155.67,415.78,5,12,2024-10-14,2024-10-26,1300.55,False,10,2024
ORD02152,LED Lights,LED Lights,Aurangabad,Dragon Supply Co,205.87,552.36,22,5,2024-08-01,2024-08-06,7622.78,False,8,2024
ORD02153,Mobile Accessories,Mobile Accessories,Pune,Guangzhou Imports,182.6,583.64,2,3,2024-11-09,2024-11-12,802.08,False,11,2024
ORD02154,Bluetooth Speakers,Bluetooth Speakers,Thane,Shenzhen Traders,869.21,2058.37,6,4,2023-02-21,2023-02-25,7134.96,False,2,2023
ORD02155,Mobile Accessories,Mobile Accessories,Mumbai,Yiwu Global Trade,243.27,605.03,34,2,2023-12-03,2023-12-05,12299.84,False,12,2023
ORD02156,LED Lights,LED Lights,Mumbai,Dragon Supply Co,415.76,1031.26,3,0,2023-05-16,2023-05-16,1846.5,False,5,2023
ORD02157,Home Decor,Home Decor,Thane,Yiwu Global Trade,110.92,338.44,4,4,2023-12-28,2024-01-01,910.08,False,12,2023
ORD02158,Kitchen Gadgets,Kitchen Gadgets,Thane,Guangzhou Imports,287.23,676.23,9,6,2023-04-24,2023-04-30,3501.0,False,4,2023
ORD02159,Mobile Accessories,Mobile Accessories,Aurangabad,Yiwu Global Trade,152.47,367.33,5,2,2023-05-25,2023-05-27,1074.3,False,5,2023
ORD02160,LED Lights,LED Lights,Mumbai,Dragon Supply Co,314.7,821.26,4,9,2024-07-03,2024-07-12,2026.24,False,7,2024
ORD02161,Smart Watches,Smart Watches,Nagpur,Shenzhen Traders,697.88,1924.35,6,2,2024-09-08,2024-09-10,7358.82,False,9,2024
ORD02162,Kitchen Gadgets,Kitchen Gadgets,Nagpur,Yiwu Global Trade,312.21,805.77,3,2,2024-05-17,2024-05-19,1480.68,False,5,2024
ORD02163,Smart Watches,Smart Watches,Mumbai,Guangzhou Imports,1758.82,3591.42,2,6,2024-08-07,2024-08-13,3665.2,False,8,2024
ORD02164,Bluetooth Speakers,Bluetooth Speakers,Pune,Dragon Supply Co,724.62,1399.46,6,10,2023-04-13,2023-04-23,4049.04,False,4,2023
ORD02165,Bluetooth Speakers,Bluetooth Speakers,Thane,Dragon Supply Co,741.83,1447.37,2,13,2023-08-12,2023-08-25,1411.08,False,8,2023
ORD02166,Mobile Accessories,Mobile Accessories,Mumbai,Guangzhou Imports,144.85,443.31,1,0,2023-09-06,2023-09-06,298.46,False,9,2023
ORD02167,Smart Watches,Smart Watches,Thane,Shenzhen Traders,1408.53,3848.38,2,3,2023-07-29,2023-08-01,4879.7,False,7,2023
ORD02168,Mobile Accessories,Mobile Accessories,Thane,Yiwu Global Trade,143.2,425.72,6,4,2023-03-27,2023-03-31,1695.12,False,3,2023
ORD02169,Mobile Accessories,Mobile Accessories,Nagpur,Guangzhou Imports,123.89,382.95,9,10,2024-01-29,2024-02-08,2331.54,False,1,2024
ORD02170,Home Decor,Home Decor,Mumbai,Dragon Supply Co,292.1,922.34,2,9,2023-05-13,2023-05-22,1260.48,False,5,2023
ORD02171,Home Decor,Home Decor,Pune,Yiwu Global Trade,185.14,474.24,1,1,2023-11-10,2023-11-11,289.1,False,11,2023
ORD02172,Bluetooth Speakers,Bluetooth Speakers,Nagpur,Shenzhen Traders,694.6,1512.02,2,4,2023-07-11,2023-07-15,1634.84,False,7,2023
ORD02173,Bluetooth Speakers,Bluetooth Speakers,Nashik,Dragon Supply Co,472.64,776.27,1,3,2024-11-21,2024-11-24,303.63,True,11,2024
ORD02174,Bluetooth Speakers,Bluetooth Speakers,Mumbai,Dragon Supply Co,530.06,1357.19,5,18,2024-09-26,2024-10-14,4135.65,False,9,2024
ORD02175,Home Decor,Home Decor,Mumbai,Dragon Supply Co,155.88,516.3,1,21,2023-02-03,2023-02-24,360.42,False,2,2023
ORD02176,LED Lights,LED Lights,Thane,Dragon Supply Co,392.17,1156.98,4,8,2023-04-28,2023-05-06,3059.24,False,4,2023
ORD02177,Bluetooth Speakers,Bluetooth Speakers,Mumbai,Dragon Supply Co,897.56,1400.01,3,12,2024-10-04,2024-10-16,1507.35,True,10,2024
ORD02178,Mobile Accessories,Mobile Accessories,Thane,Guangzhou Imports,111.36,319.33,3,7,2024-01-29,2024-02-05,623.91,False,1,2024
ORD02179,Mobile Accessories,Mobile Accessories,Nagpur,Yiwu Global Trade,154.48,308.94,1,2,2024-05-26,2024-05-28,154.46,False,5,2024
ORD02180,LED Lights,LED Lights,Thane,Shenzhen Traders,353.98,506.42,16,4,2023-11-11,2023-11-15,2439.04,True,11,2023
ORD02181,Mobile Accessories,Mobile Accessories,Thane,Yiwu Global Trade,122.64,250.89,7,3,2024-12-03,2024-12-06,897.75,False,12,2024
ORD02182,Home Decor,Home Decor,Pune,Yiwu Global Trade,125.21,322.96,4,4,2024-01-14,2024-01-18,791.0,False,1,2024
ORD02183,Mobile Accessories,Mobile Accessories,Pune,Guangzhou Imports,202.6,371.86,15,2,2024-11-17,2024-11-19,2538.9,False,11,2024
ORD02184,Mobile Accessories,Mobile Accessories,Nagpur,Yiwu Global Trade,104.37,328.75,1,3,2023-07-23,2023-07-26,224.38,False,7,2023
ORD02185,Home Decor,Home Decor,Pune,Yiwu Global Trade,212.88,639.53,4,2,2023-11-19,2023-11-21,1706.6,False,11,2023
ORD02186,Smart Watches,Smart Watches,Mumbai,Guangzhou Imports,1686.75,3007.84,3,1,2024-11-22,2024-11-23,3963.27,True,11,2024
ORD02187,LED Lights,LED Lights,Thane,Shenzhen Traders,364.49,772.59,1,3,2023-10-22,2023-10-25,408.1,False,10,2023
ORD02188,Home Decor,Home Decor,Nagpur,Yiwu Global Trade,107.0,325.66,2,2,2023-05-09,2023-05-11,437.32,False,5,2023
ORD02189,Kitchen Gadgets,Kitchen Gadgets,Mumbai,Guangzhou Imports,280.17,701.74,16,2,2023-10-20,2023-10-22,6745.12,False,10,2023
ORD02190,Home Decor,Home Decor,Nagpur,Dragon Supply Co,169.38,590.18,7,7,2023-08-22,2023-08-29,2945.6,False,8,2023
ORD02191,Mobile Accessories,Mobile Accessories,Nagpur,Yiwu Global Trade,141.22,282.75,4,3,2023-04-04,2023-04-07,566.12,False,4,2023
ORD02192,Mobile Accessories,Mobile Accessories,Aurangabad,Yiwu Global Trade,229.93,372.65,6,2,2024-03-27,2024-03-29,856.32,True,3,2024
ORD02193,Smart Watches,Smart Watches,Mumbai,Shenzhen Traders,1121.93,3033.52,2,5,2024-03-16,2024-03-21,3823.18,False,3,2024
ORD02194,Bluetooth Speakers,Bluetooth Speakers,Thane,Dragon Supply Co,544.12,1392.58,9,7,2023-12-10,2023-12-17,7636.14,False,12,2023
ORD02195,Bluetooth Speakers,Bluetooth Speakers,Nashik,Shenzhen Traders,594.14,1290.42,1,6,2024-01-31,2024-02-06,696.28,False,1,2024
ORD02196,Smart Watches,Smart Watches,Mumbai,Guangzhou Imports,1259.43,2766.72,29,8,2023-12-25,2024-01-02,43711.41,False,12,2023
ORD02197,Kitchen Gadgets,Kitchen Gadgets,Aurangabad,Yiwu Global Trade,309.62,868.7,6,2,2023-03-16,2023-03-18,3354.48,False,3,2023
ORD02198,Bluetooth Speakers,Bluetooth Speakers,Pune,Shenzhen Traders,518.79,1128.36,5,8,2023-01-16,2023-01-24,3047.85,False,1,2023
ORD02199,Kitchen Gadgets,Kitchen Gadgets,Pune,Guangzhou Imports,336.55,941.37,6,4,2024-08-15,2024-08-19,3628.92,False,8,2024
ORD02200,LED Lights,LED Lights,Mumbai,Shenzhen Traders,312.41,673.78,10,4,2023-03-18,2023-03-22,3613.7,False,3,2023
ORD02201,Kitchen Gadgets,Kitchen Gadgets,Mumbai,Guangzhou Imports,235.17,640.74,18,5,2023-10-24,2023-10-29,7300.26,False,10,2023
ORD02202,Home Decor,Home Decor,Mumbai,Yiwu Global Trade,261.57,767.02,5,2,2023-11-22,2023-11-24,2527.25,False,11,2023
ORD02203,Bluetooth Speakers,Bluetooth Speakers,Mumbai,Dragon Supply Co,524.07,1085.87,10,10,2023-12-25,2024-01-04,5618.0,False,12,2023
ORD02204,Bluetooth Speakers,Bluetooth Speakers,Nagpur,Shenzhen Traders,769.87,1748.69,2,4,2023-06-14,2023-06-18,1957.64,False,6,2023
ORD02205,LED Lights,LED Lights,Thane,Shenzhen Traders,200.58,402.9,16,6,2024-03-30,2024-04-05,3237.12,False,3,2024
ORD02206,LED Lights,LED Lights,Thane,Dragon Supply Co,255.19,740.51,6,15,2024-06-13,2024-06-28,2911.92,False,6,2024
ORD02207,Mobile Accessories,Mobile Accessories,Pune,Guangzhou Imports,91.22,243.79,2,13,2023-05-19,2023-06-01,305.14,False,5,2023
ORD02208,Bluetooth Speakers,Bluetooth Speakers,Pune,Shenzhen Traders,446.37,942.85,2,5,2023-02-21,2023-02-26,992.96,False,2,2023
ORD02209,Mobile Accessories,Mobile Accessories,Mumbai,Guangzhou Imports,100.13,307.83,3,7,2024-12-18,2024-12-25,623.1,False,12,2024
ORD02210,Kitchen Gadgets,Kitchen Gadgets,Nashik,Guangzhou Imports,193.12,552.94,2,4,2024-10-18,2024-10-22,719.64,False,10,2024
ORD02211,LED Lights,LED Lights,Thane,Shenzhen Traders,203.3,414.61,3,1,2023-06-02,2023-06-03,633.93,False,6,2023
ORD02212,Bluetooth Speakers,Bluetooth Speakers,Pune,Shenzhen Traders,771.93,1783.41,5,5,2023-01-06,2023-01-11,5057.4,False,1,2023
ORD02213,Smart Watches,Smart Watches,Nagpur,Guangzhou Imports,859.11,2332.65,7,9,2024-12-17,2024-12-26,10314.78,False,12,2024
ORD02214,Home Decor,Home Decor,Thane,Dragon Supply Co,317.2,744.37,1,5,2024-11-09,2024-11-14,427.17,True,11,2024
ORD02215,Mobile Accessories,Mobile Accessories,Nashik,Yiwu Global Trade,235.85,461.17,1,3,2023-09-27,2023-09-30,225.32,False,9,2023
ORD02216,Home Decor,Home Decor,Aurangabad,Yiwu Global Trade,163.76,511.72,2,3,2024-09-23,2024-09-26,695.92,False,9,2024
ORD02217,LED Lights,LED Lights,Nagpur,Dragon Supply Co,371.84,749.61,4,7,2024-06-03,2024-06-10,1511.08,False,6,2024
ORD02218,Bluetooth Speakers,Bluetooth Speakers,Pune,Dragon Supply Co,488.99,1104.82,4,10,2024-10-23,2024-11-02,2463.32,False,10,2024
ORD02219,LED Lights,LED Lights,Pune,Dragon Supply Co,220.05,583.0,6,4,2023-04-01,2023-04-05,2177.7,False,4,2023
ORD02220,Smart Watches,Smart Watches,Aurangabad,Guangzhou Imports,1038.15,2302.9,3,3,2024-01-12,2024-01-15,3794.25,False,1,2024
ORD02221,Home Decor,Home Decor,Nashik,Dragon Supply Co,166.57,373.25,5,7,2023-06-01,2023-06-08,1033.4,False,6,2023
ORD02222,Kitchen Gadgets,Kitchen Gadgets,Nashik,Yiwu Global Trade,125.0,305.33,11,5,2024-07-13,2024-07-18,1983.63,False,7,2024
ORD02223,Bluetooth Speakers,Bluetooth Speakers,Mumbai,Shenzhen Traders,719.55,1718.14,2,4,2023-01-12,2023-01-16,1997.18,False,1,2023
ORD02224,Kitchen Gadgets,Kitchen Gadgets,Pune,Guangzhou Imports,208.95,616.11,4,8,2023-06-26,2023-07-04,1628.64,False,6,2023
ORD02225,Kitchen Gadgets,Kitchen Gadgets,Pune,Yiwu Global Trade,189.33,553.23,7,1,2024-03-23,2024-03-24,2547.3,False,3,2024
ORD02226,LED Lights,LED Lights,Thane,Dragon Supply Co,395.0,799.09,9,9,2023-12-29,2024-01-07,3636.81,False,12,2023
ORD02227,LED Lights,LED Lights,Mumbai,Shenzhen Traders,269.61,580.74,21,5,2023-12-22,2023-12-27,6533.73,False,12,2023
ORD02228,LED Lights,LED Lights,Mumbai,Shenzhen Traders,183.23,514.32,5,3,2023-07-05,2023-07-08,1655.45,False,7,2023
ORD02229,Kitchen Gadgets,Kitchen Gadgets,Mumbai,Yiwu Global Trade,282.79,815.63,6,5,2023-05-14,2023-05-19,3197.04,False,5,2023
ORD02230,Smart Watches,Smart Watches,Nagpur,Shenzhen Traders,714.59,1508.48,2,4,2024-10-26,2024-10-30,1587.78,False,10,2024
ORD02231,LED Lights,LED Lights,Mumbai,Shenzhen Traders,408.33,818.23,2,8,2023-02-20,2023-02-28,819.8,False,2,2023
ORD02232,Mobile Accessories,Mobile Accessories,Mumbai,Guangzhou Imports,93.5,210.24,7,7,2023-04-16,2023-04-23,817.18,False,4,2023
ORD02233,Bluetooth Speakers,Bluetooth Speakers,Nashik,Dragon Supply Co,622.42,1490.32,1,12,2023-10-29,2023-11-10,867.9,False,10,2023
ORD02234,Home Decor,Home Decor,Pune,Yiwu Global Trade,206.74,476.21,6,3,2023-06-19,2023-06-22,1616.82,False,6,2023
ORD02235,Smart Watches,Smart Watches,Thane,Shenzhen Traders,1311.75,2822.2,3,4,2024-03-30,2024-04-03,4531.35,False,3,2024
ORD02236,LED Lights,LED Lights,Mumbai,Shenzhen Traders,257.14,769.36,15,2,2023-05-26,2023-05-28,7683.3,False,5,2023
ORD02237,Home Decor,Home Decor,Nagpur,Dragon Supply Co,206.53,530.99,2,9,2023-07-03,2023-07-12,648.92,False,7,2023
ORD02238,Smart Watches,Smart Watches,Nagpur,Shenzhen Traders,1403.07,3892.83,7,5,2024-11-30,2024-12-05,17428.32,False,11,2024
ORD02239,Mobile Accessories,Mobile Accessories,Mumbai,Guangzhou Imports,163.97,351.66,9,8,2023-09-28,2023-10-06,1689.21,True,9,2023
ORD02240,Bluetooth Speakers,Bluetooth Speakers,Nashik,Dragon Supply Co,844.25,1867.61,3,8,2023-07-22,2023-07-30,3070.08,False,7,2023
ORD02241,Home Decor,Home Decor,Pune,Yiwu Global Trade,267.42,906.24,6,1,2024-09-19,2024-09-20,3832.92,False,9,2024
ORD02242,Kitchen Gadgets,Kitchen Gadgets,Nagpur,Yiwu Global Trade,309.06,737.77,2,2,2024-08-16,2024-08-18,857.42,False,8,2024
ORD02243,Bluetooth Speakers,Bluetooth Speakers,Pune,Shenzhen Traders,769.88,1631.71,3,5,2024-08-22,2024-08-27,2585.49,False,8,2024
ORD02244,Mobile Accessories,Mobile Accessories,Nagpur,Guangzhou Imports,87.26,200.18,1,13,2024-08-28,2024-09-10,112.92,False,8,2024
ORD02245,Bluetooth Speakers,Bluetooth Speakers,Thane,Shenzhen Traders,815.56,2104.63,4,6,2024-01-30,2024-02-05,5156.28,False,1,2024
ORD02246,Bluetooth Speakers,Bluetooth Speakers,Mumbai,Shenzhen Traders,755.82,1640.05,8,2,2023-08-01,2023-08-03,7073.84,False,8,2023
ORD02247,Mobile Accessories,Mobile Accessories,Pune,Yiwu Global Trade,227.94,457.96,2,4,2024-04-15,2024-04-19,460.04,False,4,2024
ORD02248,Bluetooth Speakers,Bluetooth Speakers,Mumbai,Dragon Supply Co,870.32,1250.07,2,6,2024-01-17,2024-01-23,759.5,True,1,2024
ORD02249,Bluetooth Speakers,Bluetooth Speakers,Mumbai,Dragon Supply Co,458.77,1031.37,11,18,2023-09-27,2023-10-15,6298.6,False,9,2023
ORD02250,Kitchen Gadgets,Kitchen Gadgets,Mumbai,Guangzhou Imports,246.5,678.21,3,9,2024-12-17,2024-12-26,1295.13,False,12,2024
ORD02251,Mobile Accessories,Mobile Accessories,Aurangabad,Yiwu Global Trade,90.16,283.64,1,3,2024-06-21,2024-06-24,193.48,False,6,2024
ORD02252,Smart Watches,Smart Watches,Nagpur,Guangzhou Imports,812.7,1962.68,8,4,2024-08-09,2024-08-13,9199.84,False,8,2024
ORD02253,Mobile Accessories,Mobile Accessories,Pune,Yiwu Global Trade,242.67,651.35,5,3,2024-06-24,2024-06-27,2043.4,False,6,2024
ORD02254,Smart Watches,Smart Watches,Nagpur,Guangzhou Imports,1338.98,3245.3,7,0,2023-05-18,2023-05-18,13344.24,False,5,2023
ORD02255,Smart Watches,Smart Watches,Pune,Shenzhen Traders,1766.0,3621.18,7,4,2024-12-16,2024-12-20,12986.26,False,12,2024
ORD02256,Bluetooth Speakers,Bluetooth Speakers,Mumbai,Dragon Supply Co,529.41,1092.39,7,15,2024-02-20,2024-03-06,3940.86,False,2,2024
ORD02257,Smart Watches,Smart Watches,Thane,Guangzhou Imports,1288.25,3171.38,2,4,2024-01-20,2024-01-24,3766.26,False,1,2024
ORD02258,Mobile Accessories,Mobile Accessories,Aurangabad,Guangzhou Imports,212.87,553.71,1,8,2024-10-31,2024-11-08,340.84,False,10,2024
ORD02259,Home Decor,Home Decor,Thane,Yiwu Global Trade,147.29,431.9,2,4,2023-11-04,2023-11-08,569.22,False,11,2023
ORD02260,Smart Watches,Smart Watches,Pune,Shenzhen Traders,820.61,1852.38,15,3,2024-10-02,2024-10-05,15476.55,False,10,2024
ORD02261,Bluetooth Speakers,Bluetooth Speakers,Mumbai,Shenzhen Traders,564.27,1148.42,2,2,2024-07-18,2024-07-20,1168.3,False,7,2024
ORD02262,Home Decor,Home Decor,Pune,Yiwu Global Trade,268.88,757.13,3,1,2023-04-15,2023-04-16,1464.75,False,4,2023
ORD02263,LED Lights,LED Lights,Pune,Dragon Supply Co,328.96,842.76,7,7,2023-05-26,2023-06-02,3596.6,False,5,2023
ORD02264,Smart Watches,Smart Watches,Aurangabad,Guangzhou Imports,1345.49,3268.26,7,9,2024-12-23,2025-01-01,13459.39,False,12,2024
ORD02265,Home Decor,Home Decor,Aurangabad,Yiwu Global Trade,227.45,535.98,2,3,2023-08-27,2023-08-30,617.06,False,8,2023
ORD02266,Home Decor,Home Decor,Nagpur,Yiwu Global Trade,205.95,519.55,9,2,2024-07-02,2024-07-04,2822.4,False,7,2024
ORD02267,Home Decor,Home Decor,Mumbai,Yiwu Global Trade,136.98,247.86,1,4,2023-06-14,2023-06-18,110.88,True,6,2023
ORD02268,Home Decor,Home Decor,Mumbai,Dragon Supply Co,196.94,666.2,1,10,2023-11-24,2023-12-04,469.26,False,11,2023
ORD02269,Home Decor,Home Decor,Nagpur,Dragon Supply Co,226.58,505.32,11,8,2024-11-03,2024-11-11,3066.14,True,11,2024
ORD02270,Smart Watches,Smart Watches,Mumbai,Guangzhou Imports,1462.24,3454.79,20,5,2023-12-29,2024-01-03,39851.0,False,12,2023
ORD02271,Mobile Accessories,Mobile Accessories,Aurangabad,Yiwu Global Trade,101.07,304.71,1,3,2024-05-18,2024-05-21,203.64,False,5,2024
ORD02272,Smart Watches,Smart Watches,Pune,Shenzhen Traders,1478.58,3607.89,9,4,2024-02-06,2024-02-10,19163.79,False,2,2024
ORD02273,Home Decor,Home Decor,Pune,Dragon Supply Co,165.12,379.91,1,12,2024-12-06,2024-12-18,214.79,True,12,2024
ORD02274,Smart Watches,Smart Watches,Nagpur,Guangzhou Imports,1303.81,2470.23,8,7,2024-06-30,2024-07-07,9331.36,True,6,2024
ORD02275,Home Decor,Home Decor,Pune,Yiwu Global Trade,303.2,722.19,6,2,2024-09-28,2024-09-30,2513.94,False,9,2024
ORD02276,Mobile Accessories,Mobile Accessories,Mumbai,Guangzhou Imports,141.25,324.86,26,8,2024-09-14,2024-09-22,4773.86,False,9,2024
ORD02277,Smart Watches,Smart Watches,Pune,Shenzhen Traders,1276.88,3089.72,6,4,2024-03-16,2024-03-20,10877.04,False,3,2024
ORD02278,Bluetooth Speakers,Bluetooth Speakers,Nagpur,Dragon Supply Co,399.21,816.42,1,3,2023-08-03,2023-08-06,417.21,False,8,2023
ORD02279,Smart Watches,Smart Watches,Mumbai,Shenzhen Traders,1391.47,3403.74,4,4,2023-08-24,2023-08-28,8049.08,False,8,2023
ORD02280,Home Decor,Home Decor,Pune,Yiwu Global Trade,99.7,317.65,3,4,2023-07-10,2023-07-14,653.85,False,7,2023
ORD02281,Mobile Accessories,Mobile Accessories,Pune,Yiwu Global Trade,208.51,399.69,1,2,2023-08-13,2023-08-15,191.18,True,8,2023
ORD02282,Smart Watches,Smart Watches,Mumbai,Guangzhou Imports,1471.95,2402.76,5,3,2023-06-18,2023-06-21,4654.05,True,6,2023
ORD02283,Mobile Accessories,Mobile Accessories,Mumbai,Guangzhou Imports,179.07,324.12,19,7,2024-03-17,2024-03-24,2755.95,False,3,2024
ORD02284,Kitchen Gadgets,Kitchen Gadgets,Pune,Guangzhou Imports,335.55,824.6,2,5,2024-10-27,2024-11-01,978.1,False,10,2024
ORD02285,LED Lights,LED Lights,Mumbai,Dragon Supply Co,269.83,644.47,12,3,2024-08-19,2024-08-22,4495.68,False,8,2024
ORD02286,Kitchen Gadgets,Kitchen Gadgets,Pune,Guangzhou Imports,205.04,478.63,1,7,2023-04-14,2023-04-21,273.59,False,4,2023
ORD02287,Smart Watches,Smart Watches,Mumbai,Guangzhou Imports,1343.87,3388.07,3,5,2023-04-11,2023-04-16,6132.6,False,4,2023
ORD02288,Bluetooth Speakers,Bluetooth Speakers,Mumbai,Dragon Supply Co,372.91,918.57,5,0,2023-03-06,2023-03-06,2728.3,False,3,2023
ORD02289,Mobile Accessories,Mobile Accessories,Thane,Guangzhou Imports,205.07,454.86,6,7,2023-07-07,2023-07-14,1498.74,False,7,2023
ORD02290,Mobile Accessories,Mobile Accessories,Pune,Yiwu Global Trade,89.24,238.86,4,3,2023-12-20,2023-12-23,598.48,False,12,2023
ORD02291,Smart Watches,Smart Watches,Pune,Shenzhen Traders,1006.39,2187.03,2,0,2023-09-23,2023-09-23,2361.28,False,9,2023
ORD02292,Smart Watches,Smart Watches,Pune,Shenzhen Traders,1477.93,3807.11,2,2,2024-08-14,2024-08-16,4658.36,False,8,2024
ORD02293,Bluetooth Speakers,Bluetooth Speakers,Thane,Dragon Supply Co,614.1,1423.31,14,5,2024-06-23,2024-06-28,11328.94,False,6,2024
ORD02294,Home Decor,Home Decor,Mumbai,Yiwu Global Trade,114.67,252.31,1,2,2024-01-04,2024-01-06,137.64,False,1,2024
ORD02295,LED Lights,LED Lights,Aurangabad,Shenzhen Traders,403.24,928.84,5,5,2024-10-12,2024-10-17,2628.0,False,10,2024
ORD02296,Kitchen Gadgets,Kitchen Gadgets,Mumbai,Yiwu Global Trade,215.69,578.31,12,0,2023-11-16,2023-11-16,4351.44,False,11,2023
ORD02297,Home Decor,Home Decor,Mumbai,Dragon Supply Co,186.02,414.66,16,10,2024-05-09,2024-05-19,3658.24,False,5,2024
ORD02298,LED Lights,LED Lights,Mumbai,Dragon Supply Co,289.66,849.35,1,15,2024-12-09,2024-12-24,559.69,False,12,2024
ORD02299,Mobile Accessories,Mobile Accessories,Thane,Guangzhou Imports,206.52,398.21,1,5,2024-04-23,2024-04-28,191.69,True,4,2024
ORD02300,Bluetooth Speakers,Bluetooth Speakers,Mumbai,Dragon Supply Co,397.35,820.27,1,16,2023-10-20,2023-11-05,422.92,False,10,2023
ORD02301,Kitchen Gadgets,Kitchen Gadgets,Mumbai,Guangzhou Imports,302.75,766.49,20,7,2023-12-22,2023-12-29,9274.8,False,12,2023
ORD02302,Mobile Accessories,Mobile Accessories,Mumbai,Guangzhou Imports,195.26,359.64,10,8,2023-08-03,2023-08-11,1643.8,False,8,2023
ORD02303,Bluetooth Speakers,Bluetooth Speakers,Mumbai,Shenzhen Traders,357.3,903.32,7,2,2023-02-12,2023-02-14,3822.14,False,2,2023
ORD02304,Smart Watches,Smart Watches,Nashik,Guangzhou Imports,883.1,1955.03,1,8,2023-12-16,2023-12-24,1071.93,False,12,2023
ORD02305,Mobile Accessories,Mobile Accessories,Nashik,Guangzhou Imports,217.76,486.89,1,5,2023-04-16,2023-04-21,269.13,True,4,2023
ORD02306,Kitchen Gadgets,Kitchen Gadgets,Nagpur,Guangzhou Imports,302.77,851.62,11,9,2024-06-03,2024-06-12,6037.35,False,6,2024
ORD02307,Home Decor,Home Decor,Mumbai,Yiwu Global Trade,110.34,295.43,1,4,2023-11-21,2023-11-25,185.09,False,11,2023
ORD02308,Kitchen Gadgets,Kitchen Gadgets,Pune,Yiwu Global Trade,354.47,976.06,2,1,2024-09-20,2024-09-21,1243.18,False,9,2024
ORD02309,Smart Watches,Smart Watches,Pune,Guangzhou Imports,1317.24,3026.61,1,4,2023-06-27,2023-07-01,1709.37,False,6,2023
ORD02310,Smart Watches,Smart Watches,Thane,Shenzhen Traders,1514.41,3627.93,3,1,2023-03-09,2023-03-10,6340.56,False,3,2023
ORD02311,Smart Watches,Smart Watches,Mumbai,Guangzhou Imports,941.18,1986.0,1,6,2023-11-22,2023-11-28,1044.82,False,11,2023
ORD02312,Home Decor,Home Decor,Pune,Dragon Supply Co,214.02,660.13,4,9,2024-04-21,2024-04-30,1784.44,False,4,2024
ORD02313,Smart Watches,Smart Watches,Nagpur,Shenzhen Traders,1271.24,3388.63,20,1,2024-02-18,2024-02-19,42347.8,False,2,2024
ORD02314,Kitchen Gadgets,Kitchen Gadgets,Aurangabad,Yiwu Global Trade,325.99,926.53,11,4,2024-07-21,2024-07-25,6605.94,False,7,2024
ORD02315,Bluetooth Speakers,Bluetooth Speakers,Aurangabad,Dragon Supply Co,649.2,1469.59,7,5,2024-06-14,2024-06-19,5742.73,False,6,2024
ORD02316,Smart Watches,Smart Watches,Nashik,Shenzhen Traders,1436.61,3778.54,2,2,2023-02-16,2023-02-18,4683.86,False,2,2023
ORD02317,Smart Watches,Smart Watches,Nagpur,Guangzhou Imports,1104.2,2788.67,5,6,2024-12-06,2024-12-12,8422.35,False,12,2024
ORD02318,Kitchen Gadgets,Kitchen Gadgets,Nashik,Guangzhou Imports,298.83,893.25,2,7,2023-03-26,2023-04-02,1188.84,False,3,2023
ORD02319,Home Decor,Home Decor,Mumbai,Dragon Supply Co,249.61,793.59,10,2,2024-04-26,2024-04-28,5439.8,False,4,2024
ORD02320,Kitchen Gadgets,Kitchen Gadgets,Pune,Yiwu Global Trade,358.12,976.04,3,2,2023-04-06,2023-04-08,1853.76,False,4,2023
ORD02321,Bluetooth Speakers,Bluetooth Speakers,Thane,Shenzhen Traders,648.08,1275.17,2,2,2024-01-13,2024-01-15,1254.18,False,1,2024
ORD02322,LED Lights,LED Lights,Mumbai,Shenzhen Traders,209.06,456.95,5,5,2024-03-14,2024-03-19,1239.45,False,3,2024
ORD02323,LED Lights,LED Lights,Mumbai,Shenzhen Traders,408.24,988.72,15,2,2024-01-17,2024-01-19,8707.2,False,1,2024
ORD02324,Bluetooth Speakers,Bluetooth Speakers,Nashik,Dragon Supply Co,515.12,1118.54,5,7,2024-03-25,2024-04-01,3017.1,False,3,2024
ORD02325,Bluetooth Speakers,Bluetooth Speakers,Nagpur,Shenzhen Traders,676.33,1606.54,14,3,2024-11-11,2024-11-14,13022.94,False,11,2024
ORD02326,Bluetooth Speakers,Bluetooth Speakers,Pune,Shenzhen Traders,490.68,1094.96,3,5,2024-02-22,2024-02-27,1812.84,False,2,2024
ORD02327,Kitchen Gadgets,Kitchen Gadgets,Pune,Yiwu Global Trade,272.65,788.66,7,1,2023-01-31,2023-02-01,3612.07,False,1,2023
ORD02328,Home Decor,Home Decor,Aurangabad,Dragon Supply Co,177.39,612.28,8,6,2023-01-19,2023-01-25,3479.12,False,1,2023
ORD02329,LED Lights,LED Lights,Mumbai,Dragon Supply Co,202.09,453.77,6,12,2023-05-16,2023-05-28,1510.08,False,5,2023
ORD02330,Home Decor,Home Decor,Pune,Yiwu Global Trade,262.28,659.32,2,2,2024-05-13,2024-05-15,794.08,False,5,2024
ORD02331,LED Lights,LED Lights,Pune,Dragon Supply Co,366.52,1046.28,1,10,2024-11-07,2024-11-17,679.76,False,11,2024
ORD02332,Bluetooth Speakers,Bluetooth Speakers,Mumbai,Dragon Supply Co,420.61,1053.17,1,11,2023-04-20,2023-05-01,632.56,False,4,2023
ORD02333,Kitchen Gadgets,Kitchen Gadgets,Mumbai,Guangzhou Imports,167.12,392.28,9,3,2024-10-09,2024-10-12,2026.44,False,10,2024
ORD02334,Kitchen Gadgets,Kitchen Gadgets,Mumbai,Yiwu Global Trade,150.59,386.27,14,3,2023-04-04,2023-04-07,3299.52,False,4,2023
ORD02335,Bluetooth Speakers,Bluetooth Speakers,Thane,Shenzhen Traders,371.9,863.1,8,4,2023-08-01,2023-08-05,3929.6,False,8,2023
ORD02336,Home Decor,Home Decor,Aurangabad,Yiwu Global Trade,107.67,304.36,3,4,2024-01-16,2024-01-20,590.07,False,1,2024
ORD02337,Bluetooth Speakers,Bluetooth Speakers,Thane,Dragon Supply Co,374.13,758.69,2,12,2023-03-17,2023-03-29,769.12,False,3,2023
ORD02338,Home Decor,Home Decor,Mumbai,Dragon Supply Co,192.27,598.15,1,11,2023-04-16,2023-04-27,405.88,False,4,2023
ORD02339,LED Lights,LED Lights,Mumbai,Shenzhen Traders,357.69,1054.0,1,3,2024-04-20,2024-04-23,696.31,False,4,2024
ORD02340,Bluetooth Speakers,Bluetooth Speakers,Pune,Shenzhen Traders,734.41,1405.94,2,2,2023-03-18,2023-03-20,1343.06,False,3,2023
ORD02341,Home Decor,Home Decor,Nagpur,Dragon Supply Co,114.46,322.29,2,5,2023-09-02,2023-09-07,415.66,False,9,2023
ORD02342,Kitchen Gadgets,Kitchen Gadgets,Mumbai,Guangzhou Imports,142.68,412.35,16,9,2024-12-13,2024-12-22,4314.72,False,12,2024
ORD02343,Bluetooth Speakers,Bluetooth Speakers,Pune,Shenzhen Traders,483.78,1233.4,1,7,2024-01-03,2024-01-10,749.62,False,1,2024
ORD02344,LED Lights,LED Lights,Mumbai,Shenzhen Traders,224.83,493.84,1,4,2023-06-07,2023-06-11,269.01,False,6,2023
ORD02345,Kitchen Gadgets,Kitchen Gadgets,Nagpur,Guangzhou Imports,244.25,726.35,1,5,2023-10-30,2023-11-04,482.1,False,10,2023
ORD02346,Kitchen Gadgets,Kitchen Gadgets,Mumbai,Guangzhou Imports,130.34,297.46,1,10,2023-09-21,2023-10-01,167.12,False,9,2023
ORD02347,Home Decor,Home Decor,Mumbai,Dragon Supply Co,103.8,234.29,9,12,2024-09-28,2024-10-10,1174.41,True,9,2024
ORD02348,Home Decor,Home Decor,Nagpur,Dragon Supply Co,92.04,307.83,5,0,2023-06-26,2023-06-26,1078.95,False,6,2023
ORD02349,Mobile Accessories,Mobile Accessories,Thane,Yiwu Global Trade,112.07,276.21,4,3,2024-07-14,2024-07-17,656.56,False,7,2024
ORD02350,LED Lights,LED Lights,Pune,Shenzhen Traders,332.02,843.8,9,3,2024-06-10,2024-06-13,4606.02,False,6,2024
ORD02351,Mobile Accessories,Mobile Accessories,Thane,Guangzhou Imports,104.72,299.99,1,4,2024-08-26,2024-08-30,195.27,False,8,2024
ORD02352,LED Lights,LED Lights,Mumbai,Shenzhen Traders,360.82,1024.65,3,6,2024-04-07,2024-04-13,1991.49,False,4,2024
ORD02353,Mobile Accessories,Mobile Accessories,Pune,Yiwu Global Trade,207.9,386.71,4,3,2024-07-11,2024-07-14,715.24,False,7,2024
ORD02354,Bluetooth Speakers,Bluetooth Speakers,Mumbai,Dragon Supply Co,749.57,1620.25,1,10,2024-08-09,2024-08-19,870.68,False,8,2024
ORD02355,Mobile Accessories,Mobile Accessories,Pune,Guangzhou Imports,241.4,606.73,11,6,2024-12-02,2024-12-08,4018.63,False,12,2024
ORD02356,Home Decor,Home Decor,Mumbai,Yiwu Global Trade,209.89,597.4,2,1,2024-07-11,2024-07-12,775.02,False,7,2024
ORD02357,Kitchen Gadgets,Kitchen Gadgets,Pune,Yiwu Global Trade,266.04,727.36,12,3,2023-12-09,2023-12-12,5535.84,False,12,2023
ORD02358,Home Decor,Home Decor,Pune,Yiwu Global Trade,180.45,505.96,2,2,2023-11-13,2023-11-15,651.02,False,11,2023
ORD02359,Smart Watches,Smart Watches,Thane,Guangzhou Imports,1346.09,3682.18,7,2,2024-10-23,2024-10-25,16352.63,False,10,2024
ORD02360,Bluetooth Speakers,Bluetooth Speakers,Pune,Shenzhen Traders,829.14,1974.94,2,0,2023-01-10,2023-01-10,2291.6,False,1,2023
ORD02361,Home Decor,Home Decor,Pune,Yiwu Global Trade,110.93,314.66,2,1,2024-09-14,2024-09-15,407.46,False,9,2024
ORD02362,Kitchen Gadgets,Kitchen Gadgets,Mumbai,Yiwu Global Trade,189.74,444.77,7,4,2023-05-13,2023-05-17,1785.21,False,5,2023
ORD02363,Kitchen Gadgets,Kitchen Gadgets,Pune,Yiwu Global Trade,355.51,1036.84,2,4,2023-02-26,2023-03-02,1362.66,False,2,2023
ORD02364,Smart Watches,Smart Watches,Mumbai,Guangzhou Imports,1035.25,2630.45,6,4,2023-03-17,2023-03-21,9571.2,False,3,2023
ORD02365,Kitchen Gadgets,Kitchen Gadgets,Nashik,Guangzhou Imports,168.97,448.07,1,7,2024-10-04,2024-10-11,279.1,False,10,2024
ORD02366,Home Decor,Home Decor,Mumbai,Dragon Supply Co,247.78,774.66,3,3,2023-01-23,2023-01-26,1580.64,False,1,2023
ORD02367,Mobile Accessories,Mobile Accessories,Nagpur,Yiwu Global Trade,109.48,308.12,1,2,2024-04-13,2024-04-15,198.64,False,4,2024
ORD02368,Home Decor,Home Decor,Mumbai,Yiwu Global Trade,271.69,891.01,9,3,2024-09-03,2024-09-06,5573.88,False,9,2024
ORD02369,Home Decor,Home Decor,Pune,Dragon Supply Co,180.07,564.01,8,5,2023-07-10,2023-07-15,3071.52,False,7,2023
ORD02370,Bluetooth Speakers,Bluetooth Speakers,Mumbai,Shenzhen Traders,683.29,1419.04,1,7,2024-12-19,2024-12-26,735.75,False,12,2024
ORD02371,Kitchen Gadgets,Kitchen Gadgets,Mumbai,Guangzhou Imports,169.12,497.33,5,4,2024-09-13,2024-09-17,1641.05,False,9,2024
ORD02372,Bluetooth Speakers,Bluetooth Speakers,Pune,Shenzhen Traders,581.27,1212.52,4,5,2023-12-31,2024-01-05,2525.0,False,12,2023
ORD02373,Home Decor,Home Decor,Nagpur,Dragon Supply Co,199.56,377.58,14,6,2024-10-13,2024-10-19,2492.28,True,10,2024
ORD02374,Mobile Accessories,Mobile Accessories,Pune,Guangzhou Imports,216.22,405.69,3,7,2024-02-09,2024-02-16,568.41,False,2,2024
ORD02375,Smart Watches,Smart Watches,Nagpur,Shenzhen Traders,958.68,2518.54,1,6,2023-11-16,2023-11-22,1559.86,False,11,2023
ORD02376,Home Decor,Home Decor,Mumbai,Dragon Supply Co,295.0,606.4,1,12,2023-01-14,2023-01-26,311.4,True,1,2023
ORD02377,Smart Watches,Smart Watches,Mumbai,Guangzhou Imports,926.78,2017.0,5,4,2023-10-08,2023-10-12,5451.1,False,10,2023
ORD02378,Smart Watches,Smart Watches,Thane,Guangzhou Imports,824.46,2014.13,3,8,2023-05-27,2023-06-04,3569.01,False,5,2023
ORD02379,Mobile Accessories,Mobile Accessories,Thane,Guangzhou Imports,220.27,459.13,3,5,2024-09-21,2024-09-26,716.58,False,9,2024
ORD02380,Mobile Accessories,Mobile Accessories,Nagpur,Guangzhou Imports,184.4,583.39,3,8,2023-09-14,2023-09-22,1196.97,False,9,2023
ORD02381,LED Lights,LED Lights,Mumbai,Shenzhen Traders,277.54,622.25,21,8,2023-12-11,2023-12-19,7238.91,False,12,2023
ORD02382,Mobile Accessories,Mobile Accessories,Mumbai,Guangzhou Imports,80.54,220.65,6,6,2023-09-27,2023-10-03,840.66,False,9,2023
ORD02383,Kitchen Gadgets,Kitchen Gadgets,Pune,Guangzhou Imports,180.37,516.32,4,5,2024-09-14,2024-09-19,1343.8,False,9,2024
ORD02384,Bluetooth Speakers,Bluetooth Speakers,Mumbai,Shenzhen Traders,838.47,2092.33,20,2,2023-10-10,2023-10-12,25077.2,False,10,2023
ORD02385,LED Lights,LED Lights,Mumbai,Dragon Supply Co,341.59,832.34,3,18,2024-12-27,2025-01-14,1472.25,False,12,2024
ORD02386,Smart Watches,Smart Watches,Mumbai,Guangzhou Imports,1233.69,2850.22,2,2,2024-03-22,2024-03-24,3233.06,False,3,2024
ORD02387,Mobile Accessories,Mobile Accessories,Mumbai,Yiwu Global Trade,93.15,276.82,1,4,2023-04-03,2023-04-07,183.67,False,4,2023
ORD02388,Mobile Accessories,Mobile Accessories,Mumbai,Yiwu Global Trade,133.42,315.82,10,4,2023-12-12,2023-12-16,1824.0,False,12,2023
ORD02389,Smart Watches,Smart Watches,Pune,Shenzhen Traders,1659.39,4594.06,2,2,2023-08-03,2023-08-05,5869.34,False,8,2023
ORD02390,Kitchen Gadgets,Kitchen Gadgets,Nagpur,Yiwu Global Trade,136.82,262.59,5,0,2023-07-13,2023-07-13,628.85,True,7,2023
ORD02391,Kitchen Gadgets,Kitchen Gadgets,Pune,Guangzhou Imports,125.33,312.41,5,0,2024-10-25,2024-10-25,935.4,False,10,2024
ORD02392,Bluetooth Speakers,Bluetooth Speakers,Pune,Dragon Supply Co,541.53,1130.92,29,10,2023-10-24,2023-11-03,17092.31,False,10,2023
ORD02393,Smart Watches,Smart Watches,Mumbai,Guangzhou Imports,902.01,2226.52,15,3,2024-08-07,2024-08-10,19867.65,False,8,2024
ORD02394,Kitchen Gadgets,Kitchen Gadgets,Thane,Yiwu Global Trade,374.58,909.52,2,3,2024-03-03,2024-03-06,1069.88,False,3,2024
ORD02395,LED Lights,LED Lights,Mumbai,Shenzhen Traders,346.88,711.13,11,1,2023-08-17,2023-08-18,4006.75,False,8,2023
ORD02396,Smart Watches,Smart Watches,Mumbai,Guangzhou Imports,812.88,1909.22,3,8,2023-01-31,2023-02-08,3289.02,False,1,2023
ORD02397,Mobile Accessories,Mobile Accessories,Pune,Guangzhou Imports,108.33,205.12,2,5,2023-04-15,2023-04-20,193.58,False,4,2023
ORD02398,Kitchen Gadgets,Kitchen Gadgets,Nagpur,Yiwu Global Trade,323.61,933.5,1,3,2023-06-07,2023-06-10,609.89,False,6,2023
ORD02399,Home Decor,Home Decor,Mumbai,Yiwu Global Trade,198.16,544.99,3,3,2023-03-08,2023-03-11,1040.49,False,3,2023
ORD02400,LED Lights,LED Lights,Nagpur,Shenzhen Traders,198.49,550.38,2,1,2023-02-25,2023-02-26,703.78,False,2,2023
ORD02401,Mobile Accessories,Mobile Accessories,Thane,Guangzhou Imports,174.08,403.26,1,4,2024-01-28,2024-02-01,229.18,False,1,2024
ORD02402,Kitchen Gadgets,Kitchen Gadgets,Mumbai,Yiwu Global Trade,122.27,350.9,1,3,2023-04-19,2023-04-22,228.63,False,4,2023
ORD02403,Kitchen Gadgets,Kitchen Gadgets,Pune,Yiwu Global Trade,352.66,865.58,3,2,2024-03-10,2024-03-12,1538.76,False,3,2024
ORD02404,Bluetooth Speakers,Bluetooth Speakers,Thane,Dragon Supply Co,483.06,1123.73,2,8,2024-07-22,2024-07-30,1281.34,False,7,2024
ORD02405,Smart Watches,Smart Watches,Mumbai,Guangzhou Imports,851.42,1777.68,2,11,2024-04-10,2024-04-21,1852.52,False,4,2024
ORD02406,Home Decor,Home Decor,Mumbai,Yiwu Global Trade,176.81,389.11,10,2,2023-12-25,2023-12-27,2123.0,False,12,2023
ORD02407,Bluetooth Speakers,Bluetooth Speakers,Nagpur,Shenzhen Traders,749.43,1890.18,6,4,2023-03-27,2023-03-31,6844.5,False,3,2023
ORD02408,Home Decor,Home Decor,Thane,Dragon Supply Co,222.82,732.84,6,13,2023-09-26,2023-10-09,3060.12,False,9,2023
ORD02409,Smart Watches,Smart Watches,Mumbai,Guangzhou Imports,1636.62,2406.97,3,6,2023-12-17,2023-12-23,2311.05,True,12,2023
ORD02410,LED Lights,LED Lights,Thane,Dragon Supply Co,207.73,603.28,1,10,2023-04-06,2023-04-16,395.55,False,4,2023
ORD02411,Smart Watches,Smart Watches,Mumbai,Guangzhou Imports,1210.3,3147.08,1,9,2023-12-31,2024-01-09,1936.78,False,12,2023
ORD02412,Home Decor,Home Decor,Pune,Yiwu Global Trade,225.8,719.49,14,1,2024-02-16,2024-02-17,6911.66,False,2,2024
ORD02413,Smart Watches,Smart Watches,Mumbai,Guangzhou Imports,668.83,1459.16,9,6,2023-04-28,2023-05-04,7112.97,False,4,2023
ORD02414,Bluetooth Speakers,Bluetooth Speakers,Pune,Shenzhen Traders,605.86,1525.35,3,9,2024-01-17,2024-01-26,2758.47,False,1,2024
ORD02415,Bluetooth Speakers,Bluetooth Speakers,Mumbai,Dragon Supply Co,430.05,706.83,2,7,2023-09-01,2023-09-08,553.56,True,9,2023
ORD02416,Smart Watches,Smart Watches,Pune,Shenzhen Traders,1695.8,4595.0,4,4,2023-07-29,2023-08-02,11596.8,False,7,2023
ORD02417,LED Lights,LED Lights,Pune,Dragon Supply Co,303.01,750.59,4,4,2023-03-14,2023-03-18,1790.32,False,3,2023
ORD02418,Bluetooth Speakers,Bluetooth Speakers,Pune,Dragon Supply Co,456.41,1161.74,2,10,2024-08-12,2024-08-22,1410.66,False,8,2024
ORD02419,LED Lights,LED Lights,Nashik,Shenzhen Traders,314.78,648.41,3,3,2023-09-10,2023-09-13,1000.89,False,9,2023
ORD02420,Home Decor,Home Decor,Mumbai,Dragon Supply Co,182.78,591.85,1,13,2023-05-02,2023-05-15,409.07,False,5,2023
ORD02421,Kitchen Gadgets,Kitchen Gadgets,Mumbai,Guangzhou Imports,133.24,341.8,18,4,2024-06-21,2024-06-25,3754.08,False,6,2024
ORD02422,Bluetooth Speakers,Bluetooth Speakers,Pune,Shenzhen Traders,632.68,1497.19,4,8,2023-12-22,2023-12-30,3458.04,False,12,2023
ORD02423,Home Decor,Home Decor,Aurangabad,Yiwu Global Trade,125.27,409.9,16,2,2023-09-30,2023-10-02,4554.08,False,9,2023
ORD02424,Home Decor,Home Decor,Nashik,Dragon Supply Co,236.1,563.6,2,5,2024-12-08,2024-12-13,655.0,False,12,2024
ORD02425,Mobile Accessories,Mobile Accessories,Nagpur,Guangzhou Imports,126.88,187.26,5,6,2023-11-19,2023-11-25,301.9,True,11,2023
ORD02426,LED Lights,LED Lights,Mumbai,Shenzhen Traders,316.63,765.48,7,0,2024-12-12,2024-12-12,3141.95,False,12,2024
ORD02427,Mobile Accessories,Mobile Accessories,Nagpur,Yiwu Global Trade,123.38,266.22,6,3,2024-08-23,2024-08-26,857.04,True,8,2024
ORD02428,LED Lights,LED Lights,Thane,Shenzhen Traders,243.72,605.08,2,5,2024-05-17,2024-05-22,722.72,False,5,2024
ORD02429,Bluetooth Speakers,Bluetooth Speakers,Thane,Dragon Supply Co,621.42,1215.48,8,4,2024-11-07,2024-11-11,4752.48,False,11,2024
ORD02430,Smart Watches,Smart Watches,Thane,Guangzhou Imports,1749.02,3859.15,1,4,2024-10-11,2024-10-15,2110.13,False,10,2024
ORD02431,Home Decor,Home Decor,Nagpur,Dragon Supply Co,165.1,396.62,15,6,2024-11-19,2024-11-25,3472.8,False,11,2024
ORD02432,Home Decor,Home Decor,Thane,Dragon Supply Co,269.01,677.61,6,5,2023-07-18,2023-07-23,2451.6,False,7,2023
ORD02433,Bluetooth Speakers,Bluetooth Speakers,Mumbai,Shenzhen Traders,866.97,1829.65,12,1,2024-11-22,2024-11-23,11552.16,False,11,2024
ORD02434,Bluetooth Speakers,Bluetooth Speakers,Aurangabad,Dragon Supply Co,515.19,903.09,1,8,2024-07-13,2024-07-21,387.9,True,7,2024
ORD02435,Mobile Accessories,Mobile Accessories,Thane,Guangzhou Imports,117.22,367.91,1,9,2023-01-06,2023-01-15,250.69,False,1,2023
ORD02436,Mobile Accessories,Mobile Accessories,Nashik,Guangzhou Imports,165.99,394.67,1,12,2023-09-01,2023-09-13,228.68,False,9,2023
ORD02437,Kitchen Gadgets,Kitchen Gadgets,Mumbai,Guangzhou Imports,183.05,487.05,15,4,2023-02-16,2023-02-20,4560.0,False,2,2023
ORD02438,Home Decor,Home Decor,Thane,Yiwu Global Trade,303.01,689.04,19,2,2023-12-31,2024-01-02,7334.57,False,12,2023
ORD02439,Bluetooth Speakers,Bluetooth Speakers,Pune,Dragon Supply Co,888.1,1894.89,8,8,2023-08-09,2023-08-17,8054.32,False,8,2023
ORD02440,Smart Watches,Smart Watches,Pune,Shenzhen Traders,1797.47,4929.15,1,3,2024-09-06,2024-09-09,3131.68,False,9,2024
ORD02441,Mobile Accessories,Mobile Accessories,Pune,Yiwu Global Trade,119.97,256.8,12,2,2023-11-25,2023-11-27,1641.96,False,11,2023
ORD02442,Smart Watches,Smart Watches,Nagpur,Shenzhen Traders,1332.46,3574.4,6,3,2024-03-17,2024-03-20,13451.64,False,3,2024
ORD02443,LED Lights,LED Lights,Mumbai,Shenzhen Traders,282.85,819.3,9,0,2023-01-02,2023-01-02,4828.05,False,1,2023
ORD02444,Home Decor,Home Decor,Aurangabad,Yiwu Global Trade,90.48,219.94,3,3,2023-04-01,2023-04-04,388.38,False,4,2023
ORD02445,Smart Watches,Smart Watches,Nashik,Guangzhou Imports,750.65,1600.52,1,7,2023-07-26,2023-08-02,849.87,False,7,2023
ORD02446,LED Lights,LED Lights,Aurangabad,Shenzhen Traders,199.76,285.19,15,4,2023-11-02,2023-11-06,1281.45,True,11,2023
ORD02447,Mobile Accessories,Mobile Accessories,Thane,Guangzhou Imports,220.11,547.3,2,4,2024-01-30,2024-02-03,654.38,False,1,2024
ORD02448,Smart Watches,Smart Watches,Thane,Shenzhen Traders,977.11,2004.98,17,4,2024-09-14,2024-09-18,17473.79,False,9,2024
ORD02449,Smart Watches,Smart Watches,Nagpur,Shenzhen Traders,1454.93,3021.74,3,2,2024-06-16,2024-06-18,4700.43,False,6,2024
ORD02450,Home Decor,Home Decor,Mumbai,Dragon Supply Co,286.0,876.45,3,5,2024-09-21,2024-09-26,1771.35,False,9,2024
ORD02451,Bluetooth Speakers,Bluetooth Speakers,Aurangabad,Shenzhen Traders,518.52,1222.38,9,3,2024-12-26,2024-12-29,6334.74,False,12,2024
ORD02452,Bluetooth Speakers,Bluetooth Speakers,Thane,Dragon Supply Co,815.92,1930.78,10,0,2024-03-06,2024-03-06,11148.6,False,3,2024
ORD02453,Bluetooth Speakers,Bluetooth Speakers,Nashik,Dragon Supply Co,370.24,718.68,14,8,2024-03-17,2024-03-25,4878.16,False,3,2024
ORD02454,Mobile Accessories,Mobile Accessories,Aurangabad,Guangzhou Imports,101.44,285.24,1,6,2024-07-13,2024-07-19,183.8,False,7,2024
ORD02455,Smart Watches,Smart Watches,Nagpur,Guangzhou Imports,1476.44,3467.08,6,6,2023-03-01,2023-03-07,11943.84,False,3,2023
ORD02456,Home Decor,Home Decor,Aurangabad,Dragon Supply Co,138.25,272.44,8,14,2023-06-07,2023-06-21,1073.52,True,6,2023
ORD02457,Mobile Accessories,Mobile Accessories,Mumbai,Yiwu Global Trade,91.23,168.22,2,2,2023-02-17,2023-02-19,153.98,False,2,2023
ORD02458,Smart Watches,Smart Watches,Mumbai,Guangzhou Imports,1222.26,3088.24,1,6,2024-08-23,2024-08-29,1865.98,False,8,2024
ORD02459,Home Decor,Home Decor,Pune,Dragon Supply Co,277.63,879.77,1,0,2023-09-14,2023-09-14,602.14,False,9,2023
ORD02460,Home Decor,Home Decor,Aurangabad,Dragon Supply Co,262.85,874.92,7,7,2023-01-02,2023-01-09,4284.49,False,1,2023
ORD02461,Mobile Accessories,Mobile Accessories,Pune,Yiwu Global Trade,162.77,518.21,3,3,2023-05-25,2023-05-28,1066.32,False,5,2023
ORD02462,Mobile Accessories,Mobile Accessories,Pune,Guangzhou Imports,164.21,359.46,10,5,2024-03-19,2024-03-24,1952.5,False,3,2024
ORD02463,Mobile Accessories,Mobile Accessories,Mumbai,Yiwu Global Trade,81.57,188.02,10,0,2024-10-04,2024-10-04,1064.5,False,10,2024
ORD02464,Kitchen Gadgets,Kitchen Gadgets,Pune,Guangzhou Imports,147.2,411.34,19,4,2023-10-20,2023-10-24,5018.66,False,10,2023
ORD02465,Mobile Accessories,Mobile Accessories,Mumbai,Guangzhou Imports,195.66,587.15,7,3,2023-09-28,2023-10-01,2740.43,False,9,2023
ORD02466,Smart Watches,Smart Watches,Thane,Guangzhou Imports,1792.68,4463.72,12,6,2023-03-29,2023-04-04,32052.48,False,3,2023
ORD02467,Bluetooth Speakers,Bluetooth Speakers,Pune,Dragon Supply Co,745.51,1701.99,2,1,2024-12-26,2024-12-27,1912.96,False,12,2024
ORD02468,Bluetooth Speakers,Bluetooth Speakers,Mumbai,Dragon Supply Co,359.85,832.16,10,17,2024-08-28,2024-09-14,4723.1,False,8,2024
ORD02469,LED Lights,LED Lights,Thane,Dragon Supply Co,280.14,690.14,1,5,2023-08-02,2023-08-07,410.0,False,8,2023
ORD02470,Kitchen Gadgets,Kitchen Gadgets,Thane,Yiwu Global Trade,337.05,775.42,1,3,2024-02-19,2024-02-22,438.37,False,2,2024
ORD02471,Home Decor,Home Decor,Thane,Yiwu Global Trade,243.74,719.87,1,3,2023-08-25,2023-08-28,476.13,False,8,2023
ORD02472,LED Lights,LED Lights,Mumbai,Shenzhen Traders,408.48,1000.47,3,1,2024-09-22,2024-09-23,1775.97,False,9,2024
ORD02473,Bluetooth Speakers,Bluetooth Speakers,Aurangabad,Dragon Supply Co,791.32,1655.08,1,10,2024-05-07,2024-05-17,863.76,False,5,2024
ORD02474,Kitchen Gadgets,Kitchen Gadgets,Mumbai,Guangzhou Imports,345.82,954.28,6,3,2023-04-27,2023-04-30,3650.76,False,4,2023
ORD02475,Smart Watches,Smart Watches,Pune,Shenzhen Traders,1317.2,3197.2,4,4,2023-04-25,2023-04-29,7520.0,False,4,2023
ORD02476,LED Lights,LED Lights,Thane,Shenzhen Traders,273.37,745.13,12,2,2023-03-22,2023-03-24,5661.12,False,3,2023
ORD02477,Home Decor,Home Decor,Mumbai,Yiwu Global Trade,188.79,496.03,9,2,2024-10-23,2024-10-25,2765.16,False,10,2024
ORD02478,Bluetooth Speakers,Bluetooth Speakers,Mumbai,Dragon Supply Co,862.1,2079.14,5,4,2024-03-03,2024-03-07,6085.2,False,3,2024
ORD02479,Smart Watches,Smart Watches,Pune,Guangzhou Imports,1691.85,3659.94,1,3,2024-02-25,2024-02-28,1968.09,False,2,2024
ORD02480,LED Lights,LED Lights,Pune,Dragon Supply Co,310.16,553.35,5,11,2024-10-10,2024-10-21,1215.95,True,10,2024
ORD02481,Mobile Accessories,Mobile Accessories,Thane,Guangzhou Imports,80.57,172.05,1,6,2023-07-08,2023-07-14,91.48,False,7,2023
ORD02482,Smart Watches,Smart Watches,Mumbai,Shenzhen Traders,1168.99,2451.55,1,7,2023-03-13,2023-03-20,1282.56,False,3,2023
ORD02483,Kitchen Gadgets,Kitchen Gadgets,Pune,Guangzhou Imports,245.12,650.29,2,3,2023-06-19,2023-06-22,810.34,False,6,2023
ORD02484,Smart Watches,Smart Watches,Pune,Shenzhen Traders,1096.06,2358.11,4,2,2024-10-31,2024-11-02,5048.2,False,10,2024
ORD02485,Home Decor,Home Decor,Thane,Yiwu Global Trade,232.68,805.13,7,3,2023-10-02,2023-10-05,4007.15,False,10,2023
ORD02486,LED Lights,LED Lights,Mumbai,Shenzhen Traders,218.48,615.07,5,8,2024-07-26,2024-08-03,1982.95,False,7,2024
ORD02487,Bluetooth Speakers,Bluetooth Speakers,Mumbai,Shenzhen Traders,819.43,2011.59,5,5,2023-06-27,2023-07-02,5960.8,False,6,2023
ORD02488,Kitchen Gadgets,Kitchen Gadgets,Mumbai,Guangzhou Imports,169.44,453.04,2,5,2024-06-06,2024-06-11,567.2,False,6,2024
ORD02489,Home Decor,Home Decor,Aurangabad,Yiwu Global Trade,261.27,858.24,6,4,2024-01-19,2024-01-23,3581.82,False,1,2024
ORD02490,Bluetooth Speakers,Bluetooth Speakers,Pune,Shenzhen Traders,703.39,1434.48,7,8,2024-09-10,2024-09-18,5117.63,False,9,2024
ORD02491,Bluetooth Speakers,Bluetooth Speakers,Mumbai,Dragon Supply Co,545.48,1413.54,1,3,2023-05-03,2023-05-06,868.06,False,5,2023
ORD02492,Home Decor,Home Decor,Pune,Dragon Supply Co,282.63,978.03,1,14,2024-08-29,2024-09-12,695.4,False,8,2024
ORD02493,LED Lights,LED Lights,Thane,Shenzhen Traders,322.72,826.62,3,1,2024-07-19,2024-07-20,1511.7,False,7,2024
ORD02494,Mobile Accessories,Mobile Accessories,Pune,Yiwu Global Trade,249.34,702.21,3,2,2023-06-13,2023-06-15,1358.61,False,6,2023
ORD02495,Kitchen Gadgets,Kitchen Gadgets,Thane,Yiwu Global Trade,285.9,663.7,1,1,2023-08-04,2023-08-05,377.8,False,8,2023
ORD02496,Bluetooth Speakers,Bluetooth Speakers,Mumbai,Shenzhen Traders,408.62,1044.98,3,7,2023-11-07,2023-11-14,1909.08,False,11,2023
ORD02497,Mobile Accessories,Mobile Accessories,Thane,Yiwu Global Trade,249.88,547.97,7,5,2023-09-14,2023-09-19,2086.63,False,9,2023
ORD02498,LED Lights,LED Lights,Mumbai,Dragon Supply Co,254.01,408.93,1,4,2023-03-08,2023-03-12,154.92,True,3,2023
ORD02499,Smart Watches,Smart Watches,Mumbai,Guangzhou Imports,757.04,1597.31,1,2,2023-10-27,2023-10-29,840.27,False,10,2023
ORD02500,Kitchen Gadgets,Kitchen Gadgets,Pune,Yiwu Global Trade,144.74,338.37,2,5,2023-03-09,2023-03-14,387.26,False,3,2023
ORD02501,LED Lights,LED Lights,Nagpur,Shenzhen Traders,319.73,664.67,3,2,2024-09-19,2024-09-21,1034.82,False,9,2024
ORD02502,Smart Watches,Smart Watches,Thane,Shenzhen Traders,1281.28,3154.37,5,3,2024-08-08,2024-08-11,9365.45,False,8,2024
ORD02503,Smart Watches,Smart Watches,Mumbai,Guangzhou Imports,1114.2,3058.07,7,4,2023-07-03,2023-07-07,13607.09,False,7,2023
ORD02504,Bluetooth Speakers,Bluetooth Speakers,Nashik,Dragon Supply Co,497.98,675.02,1,6,2023-07-05,2023-07-11,177.04,True,7,2023
ORD02505,Kitchen Gadgets,Kitchen Gadgets,Mumbai,Yiwu Global Trade,244.01,615.47,10,4,2024-05-06,2024-05-10,3714.6,False,5,2024
ORD02506,Kitchen Gadgets,Kitchen Gadgets,Mumbai,Yiwu Global Trade,273.62,712.8,2,3,2024-08-23,2024-08-26,878.36,False,8,2024
ORD02507,LED Lights,LED Lights,Mumbai,Dragon Supply Co,335.64,862.26,14,7,2023-07-08,2023-07-15,7372.68,False,7,2023
ORD02508,Home Decor,Home Decor,Pune,Yiwu Global Trade,257.61,609.16,2,4,2024-02-21,2024-02-25,703.1,False,2,2024
ORD02509,Home Decor,Home Decor,Aurangabad,Yiwu Global Trade,91.22,262.7,8,2,2024-01-22,2024-01-24,1371.84,False,1,2024
ORD02510,Home Decor,Home Decor,Pune,Yiwu Global Trade,144.72,399.23,1,3,2023-08-17,2023-08-20,254.51,False,8,2023
ORD02511,Bluetooth Speakers,Bluetooth Speakers,Thane,Dragon Supply Co,510.99,1019.6,9,18,2023-08-01,2023-08-19,4577.49,False,8,2023
ORD02512,Bluetooth Speakers,Bluetooth Speakers,Mumbai,Shenzhen Traders,689.01,1738.16,11,3,2023-09-24,2023-09-27,11540.65,False,9,2023
ORD02513,Smart Watches,Smart Watches,Mumbai,Guangzhou Imports,781.8,1933.07,3,3,2024-03-26,2024-03-29,3453.81,False,3,2024
ORD02514,Home Decor,Home Decor,Nagpur,Yiwu Global Trade,277.32,819.28,5,2,2023-11-30,2023-12-02,2709.8,False,11,2023
ORD02515,Mobile Accessories,Mobile Accessories,Nashik,Guangzhou Imports,119.25,179.47,10,9,2023-05-22,2023-05-31,602.2,True,5,2023
ORD02516,LED Lights,LED Lights,Mumbai,Dragon Supply Co,232.35,687.62,6,9,2024-01-31,2024-02-09,2731.62,False,1,2024
ORD02517,Home Decor,Home Decor,Nashik,Yiwu Global Trade,280.89,622.98,2,3,2024-02-27,2024-03-01,684.18,False,2,2024
ORD02518,Mobile Accessories,Mobile Accessories,Mumbai,Yiwu Global Trade,203.13,589.04,7,4,2024-07-11,2024-07-15,2701.37,False,7,2024
ORD02519,Smart Watches,Smart Watches,Pune,Guangzhou Imports,1246.7,2767.74,5,0,2024-07-17,2024-07-17,7605.2,False,7,2024
ORD02520,Home Decor,Home Decor,Mumbai,Yiwu Global Trade,171.23,570.36,3,2,2024-03-08,2024-03-10,1197.39,False,3,2024
ORD02521,Home Decor,Home Decor,Pune,Yiwu Global Trade,308.3,853.59,6,3,2024-08-21,2024-08-24,3271.74,False,8,2024
ORD02522,Bluetooth Speakers,Bluetooth Speakers,Mumbai,Shenzhen Traders,779.77,1936.62,18,3,2023-09-05,2023-09-08,20823.3,False,9,2023
ORD02523,Kitchen Gadgets,Kitchen Gadgets,Mumbai,Guangzhou Imports,148.71,350.73,11,3,2023-03-08,2023-03-11,2222.22,False,3,2023
ORD02524,Mobile Accessories,Mobile Accessories,Thane,Yiwu Global Trade,160.45,460.12,1,3,2024-08-30,2024-09-02,299.67,False,8,2024
ORD02525,Bluetooth Speakers,Bluetooth Speakers,Pune,Shenzhen Traders,473.37,965.98,8,5,2023-04-07,2023-04-12,3940.88,False,4,2023
ORD02526,Bluetooth Speakers,Bluetooth Speakers,Mumbai,Shenzhen Traders,614.19,1355.33,10,1,2023-05-12,2023-05-13,7411.4,False,5,2023
ORD02527,Mobile Accessories,Mobile Accessories,Pune,Yiwu Global Trade,247.7,637.19,1,3,2023-05-01,2023-05-04,389.49,False,5,2023
ORD02528,Mobile Accessories,Mobile Accessories,Mumbai,Guangzhou Imports,143.04,308.5,2,6,2023-02-08,2023-02-14,330.92,False,2,2023
ORD02529,Home Decor,Home Decor,Nashik,Dragon Supply Co,94.67,278.07,4,6,2024-04-18,2024-04-24,733.6,False,4,2024
ORD02530,Mobile Accessories,Mobile Accessories,Mumbai,Yiwu Global Trade,121.53,381.7,1,2,2024-11-15,2024-11-17,260.17,False,11,2024
ORD02531,Kitchen Gadgets,Kitchen Gadgets,Nagpur,Yiwu Global Trade,374.14,786.83,6,0,2024-01-18,2024-01-18,2476.14,False,1,2024
ORD02532,Smart Watches,Smart Watches,Nagpur,Guangzhou Imports,651.68,1404.2,2,5,2023-02-11,2023-02-16,1505.04,False,2,2023
ORD02533,Smart Watches,Smart Watches,Mumbai,Guangzhou Imports,1575.28,3889.29,3,8,2024-10-04,2024-10-12,6942.03,False,10,2024
ORD02534,Home Decor,Home Decor,Mumbai,Dragon Supply Co,198.53,487.42,7,15,2024-06-11,2024-06-26,2022.23,False,6,2024
ORD02535,LED Lights,LED Lights,Pune,Dragon Supply Co,362.14,917.11,6,12,2024-01-22,2024-02-03,3329.82,False,1,2024
ORD02536,Bluetooth Speakers,Bluetooth Speakers,Nashik,Dragon Supply Co,406.76,1027.94,2,6,2024-12-11,2024-12-17,1242.36,False,12,2024
ORD02537,LED Lights,LED Lights,Pune,Shenzhen Traders,308.4,844.59,1,4,2023-01-21,2023-01-25,536.19,False,1,2023
ORD02538,Kitchen Gadgets,Kitchen Gadgets,Nashik,Guangzhou Imports,177.39,406.77,3,1,2024-02-20,2024-02-21,688.14,False,2,2024
ORD02539,LED Lights,LED Lights,Mumbai,Dragon Supply Co,321.0,680.61,9,3,2023-03-26,2023-03-29,3236.49,False,3,2023
ORD02540,Kitchen Gadgets,Kitchen Gadgets,Thane,Guangzhou Imports,144.31,423.0,2,0,2024-06-04,2024-06-04,557.38,False,6,2024
ORD02541,LED Lights,LED Lights,Thane,Dragon Supply Co,308.85,812.0,6,16,2023-09-15,2023-10-01,3018.9,False,9,2023
ORD02542,LED Lights,LED Lights,Nashik,Dragon Supply Co,309.86,823.39,4,6,2023-11-22,2023-11-28,2054.12,False,11,2023
ORD02543,LED Lights,LED Lights,Thane,Dragon Supply Co,231.93,559.37,2,11,2023-03-30,2023-04-10,654.88,False,3,2023
ORD02544,LED Lights,LED Lights,Thane,Shenzhen Traders,246.64,598.62,5,5,2023-11-03,2023-11-08,1759.9,False,11,2023
ORD02545,Smart Watches,Smart Watches,Nagpur,Guangzhou Imports,838.94,2173.79,5,12,2024-03-15,2024-03-27,6674.25,False,3,2024
ORD02546,Kitchen Gadgets,Kitchen Gadgets,Nashik,Yiwu Global Trade,170.06,482.98,5,2,2024-05-07,2024-05-09,1564.6,False,5,2024
ORD02547,LED Lights,LED Lights,Mumbai,Shenzhen Traders,230.18,490.89,3,6,2024-02-15,2024-02-21,782.13,False,2,2024
ORD02548,Home Decor,Home Decor,Mumbai,Dragon Supply Co,120.94,284.6,1,9,2024-04-16,2024-04-25,163.66,False,4,2024
ORD02549,Mobile Accessories,Mobile Accessories,Nagpur,Yiwu Global Trade,229.63,509.65,1,3,2023-02-06,2023-02-09,280.02,False,2,2023
ORD02550,Mobile Accessories,Mobile Accessories,Thane,Guangzhou Imports,107.04,249.33,2,11,2023-09-25,2023-10-06,284.58,False,9,2023
ORD02551,LED Lights,LED Lights,Nashik,Shenzhen Traders,394.3,831.39,2,3,2024-06-27,2024-06-30,874.18,False,6,2024
ORD02552,Mobile Accessories,Mobile Accessories,Mumbai,Guangzhou Imports,98.43,208.77,5,6,2024-09-19,2024-09-25,551.7,False,9,2024
ORD02553,Smart Watches,Smart Watches,Thane,Guangzhou Imports,831.01,2324.98,6,10,2024-06-28,2024-07-08,8963.82,False,6,2024
ORD02554,Kitchen Gadgets,Kitchen Gadgets,Aurangabad,Yiwu Global Trade,230.47,610.71,5,3,2023-02-28,2023-03-03,1901.2,False,2,2023
ORD02555,Smart Watches,Smart Watches,Mumbai,Guangzhou Imports,896.27,2318.41,2,8,2024-05-10,2024-05-18,2844.28,False,5,2024
ORD02556,LED Lights,LED Lights,Pune,Shenzhen Traders,270.13,684.9,3,6,2023-09-30,2023-10-06,1244.31,False,9,2023
ORD02557,Kitchen Gadgets,Kitchen Gadgets,Thane,Yiwu Global Trade,152.96,328.62,2,3,2023-01-08,2023-01-11,351.32,False,1,2023
ORD02558,Kitchen Gadgets,Kitchen Gadgets,Nagpur,Yiwu Global Trade,222.6,597.61,1,4,2023-07-23,2023-07-27,375.01,False,7,2023
ORD02559,Mobile Accessories,Mobile Accessories,Pune,Guangzhou Imports,171.63,364.63,6,8,2024-05-31,2024-06-08,1158.0,False,5,2024
ORD02560,LED Lights,LED Lights,Mumbai,Shenzhen Traders,312.55,731.09,12,1,2023-12-04,2023-12-05,5022.48,False,12,2023
ORD02561,Smart Watches,Smart Watches,Pune,Guangzhou Imports,806.61,1728.28,10,9,2023-04-05,2023-04-14,9216.7,False,4,2023
ORD02562,Mobile Accessories,Mobile Accessories,Thane,Guangzhou Imports,117.49,316.14,2,2,2024-05-09,2024-05-11,397.3,False,5,2024
ORD02563,Kitchen Gadgets,Kitchen Gadgets,Mumbai,Guangzhou Imports,307.44,796.9,7,7,2024-10-08,2024-10-15,3426.22,False,10,2024
ORD02564,Smart Watches,Smart Watches,Mumbai,Guangzhou Imports,967.76,1814.01,3,4,2023-06-09,2023-06-13,2538.75,True,6,2023
ORD02565,LED Lights,LED Lights,Thane,Shenzhen Traders,345.81,990.01,2,6,2024-06-24,2024-06-30,1288.4,False,6,2024
ORD02566,LED Lights,LED Lights,Mumbai,Dragon Supply Co,358.13,661.08,1,8,2023-09-25,2023-10-03,302.95,True,9,2023
ORD02567,Home Decor,Home Decor,Pune,Yiwu Global Trade,275.24,762.6,3,3,2023-02-02,2023-02-05,1462.08,False,2,2023
ORD02568,Home Decor,Home Decor,Mumbai,Dragon Supply Co,235.09,569.26,3,10,2024-05-03,2024-05-13,1002.51,True,5,2024
ORD02569,Mobile Accessories,Mobile Accessories,Pune,Yiwu Global Trade,194.27,565.82,6,5,2023-01-29,2023-02-03,2229.3,False,1,2023
ORD02570,Smart Watches,Smart Watches,Mumbai,Guangzhou Imports,747.8,1981.83,12,5,2023-08-14,2023-08-19,14808.36,False,8,2023
ORD02571,Kitchen Gadgets,Kitchen Gadgets,Mumbai,Guangzhou Imports,255.78,713.93,7,5,2023-07-16,2023-07-21,3207.05,False,7,2023
ORD02572,Smart Watches,Smart Watches,Pune,Shenzhen Traders,1189.21,2860.9,1,3,2023-08-25,2023-08-28,1671.69,False,8,2023
ORD02573,LED Lights,LED Lights,Mumbai,Shenzhen Traders,242.71,545.03,12,1,2024-07-19,2024-07-20,3627.84,False,7,2024
ORD02574,Smart Watches,Smart Watches,Pune,Shenzhen Traders,1243.27,3013.72,5,2,2024-08-20,2024-08-22,8852.25,False,8,2024
ORD02575,Kitchen Gadgets,Kitchen Gadgets,Mumbai,Yiwu Global Trade,158.81,372.01,1,4,2024-12-27,2024-12-31,213.2,False,12,2024
ORD02576,Smart Watches,Smart Watches,Nashik,Guangzhou Imports,1071.14,2846.3,1,5,2024-04-24,2024-04-29,1775.16,False,4,2024
ORD02577,Bluetooth Speakers,Bluetooth Speakers,Nagpur,Dragon Supply Co,371.66,828.37,1,11,2023-05-03,2023-05-14,456.71,False,5,2023
ORD02578,Mobile Accessories,Mobile Accessories,Nagpur,Yiwu Global Trade,184.42,450.73,1,3,2024-04-09,2024-04-12,266.31,False,4,2024
ORD02579,LED Lights,LED Lights,Mumbai,Shenzhen Traders,194.57,545.18,6,8,2024-01-08,2024-01-16,2103.66,False,1,2024
ORD02580,Bluetooth Speakers,Bluetooth Speakers,Thane,Shenzhen Traders,418.35,957.63,6,3,2023-01-07,2023-01-10,3235.68,False,1,2023
ORD02581,LED Lights,LED Lights,Nagpur,Dragon Supply Co,242.08,691.61,7,0,2024-05-25,2024-05-25,3146.71,False,5,2024
ORD02582,Bluetooth Speakers,Bluetooth Speakers,Thane,Shenzhen Traders,486.96,991.3,1,4,2023-03-30,2023-04-03,504.34,False,3,2023
ORD02583,Mobile Accessories,Mobile Accessories,Pune,Guangzhou Imports,121.18,332.3,5,4,2023-08-01,2023-08-05,1055.6,False,8,2023
ORD02584,Bluetooth Speakers,Bluetooth Speakers,Nashik,Shenzhen Traders,636.95,1497.87,1,5,2023-03-18,2023-03-23,860.92,False,3,2023
ORD02585,Smart Watches,Smart Watches,Mumbai,Guangzhou Imports,673.82,1821.71,11,11,2023-02-16,2023-02-27,12626.79,False,2,2023
ORD02586,Mobile Accessories,Mobile Accessories,Nashik,Yiwu Global Trade,223.66,537.51,11,5,2023-06-03,2023-06-08,3452.35,False,6,2023
ORD02587,Smart Watches,Smart Watches,Pune,Shenzhen Traders,696.9,1611.34,19,4,2023-12-19,2023-12-23,17374.36,False,12,2023
ORD02588,Home Decor,Home Decor,Mumbai,Dragon Supply Co,307.61,826.17,5,12,2023-06-12,2023-06-24,2592.8,False,6,2023
ORD02589,LED Lights,LED Lights,Pune,Shenzhen Traders,234.98,628.75,1,5,2023-07-14,2023-07-19,393.77,False,7,2023
ORD02590,Home Decor,Home Decor,Mumbai,Yiwu Global Trade,310.62,735.99,5,3,2024-05-11,2024-05-14,2126.85,True,5,2024
ORD02591,LED Lights,LED Lights,Pune,Dragon Supply Co,278.69,635.35,4,5,2024-03-24,2024-03-29,1426.64,False,3,2024
ORD02592,Kitchen Gadgets,Kitchen Gadgets,Thane,Yiwu Global Trade,310.0,753.78,4,3,2023-09-16,2023-09-19,1775.12,False,9,2023
ORD02593,Kitchen Gadgets,Kitchen Gadgets,Thane,Yiwu Global Trade,191.61,527.49,1,4,2023-05-23,2023-05-27,335.88,False,5,2023
ORD02594,Kitchen Gadgets,Kitchen Gadgets,Nashik,Yiwu Global Trade,208.38,491.93,2,2,2024-12-20,2024-12-22,567.1,False,12,2024
ORD02595,Smart Watches,Smart Watches,Mumbai,Shenzhen Traders,898.55,2494.18,6,7,2023-03-25,2023-04-01,9573.78,False,3,2023
ORD02596,Mobile Accessories,Mobile Accessories,Nagpur,Yiwu Global Trade,230.19,453.72,1,3,2024-05-01,2024-05-04,223.53,False,5,2024
ORD02597,Mobile Accessories,Mobile Accessories,Mumbai,Guangzhou Imports,200.92,489.57,1,4,2024-11-17,2024-11-21,288.65,False,11,2024
ORD02598,LED Lights,LED Lights,Nagpur,Shenzhen Traders,227.67,590.42,1,3,2023-01-09,2023-01-12,362.75,False,1,2023
ORD02599,Mobile Accessories,Mobile Accessories,Mumbai,Yiwu Global Trade,148.85,335.24,5,3,2024-12-18,2024-12-21,931.95,False,12,2024
ORD02600,Bluetooth Speakers,Bluetooth Speakers,Nashik,Dragon Supply Co,875.92,2227.19,1,0,2023-06-14,2023-06-14,1351.27,False,6,2023
ORD02601,Kitchen Gadgets,Kitchen Gadgets,Thane,Guangzhou Imports,205.13,502.65,11,6,2023-03-11,2023-03-17,3272.72,False,3,2023
ORD02602,Kitchen Gadgets,Kitchen Gadgets,Thane,Guangzhou Imports,307.27,553.22,4,5,2023-11-02,2023-11-07,983.8,True,11,2023
ORD02603,Mobile Accessories,Mobile Accessories,Thane,Guangzhou Imports,249.53,459.42,1,7,2023-09-14,2023-09-21,209.89,False,9,2023
ORD02604,Bluetooth Speakers,Bluetooth Speakers,Nagpur,Dragon Supply Co,810.68,1286.31,1,10,2024-07-05,2024-07-15,475.63,True,7,2024
ORD02605,Home Decor,Home Decor,Pune,Dragon Supply Co,236.47,673.13,4,9,2024-11-25,2024-12-04,1746.64,False,11,2024
ORD02606,Kitchen Gadgets,Kitchen Gadgets,Aurangabad,Yiwu Global Trade,356.06,1041.48,1,3,2023-03-27,2023-03-30,685.42,False,3,2023
ORD02607,Home Decor,Home Decor,Pune,Yiwu Global Trade,230.24,610.03,2,3,2024-03-31,2024-04-03,759.58,False,3,2024
ORD02608,LED Lights,LED Lights,Nagpur,Dragon Supply Co,374.04,1073.81,3,7,2024-04-13,2024-04-20,2099.31,False,4,2024
ORD02609,Kitchen Gadgets,Kitchen Gadgets,Mumbai,Guangzhou Imports,195.98,452.36,6,6,2024-02-07,2024-02-13,1538.28,False,2,2024
ORD02610,Smart Watches,Smart Watches,Nagpur,Shenzhen Traders,1520.0,3535.25,1,2,2024-04-29,2024-05-01,2015.25,False,4,2024
ORD02611,Home Decor,Home Decor,Aurangabad,Yiwu Global Trade,229.51,655.85,2,5,2023-08-11,2023-08-16,852.68,False,8,2023
ORD02612,Bluetooth Speakers,Bluetooth Speakers,Pune,Shenzhen Traders,580.05,1139.54,1,2,2024-05-06,2024-05-08,559.49,False,5,2024
ORD02613,Home Decor,Home Decor,Mumbai,Dragon Supply Co,213.3,511.07,1,5,2024-02-24,2024-02-29,297.77,True,2,2024
ORD02614,Smart Watches,Smart Watches,Thane,Shenzhen Traders,1038.12,2485.16,3,4,2024-04-20,2024-04-24,4341.12,False,4,2024
ORD02615,Bluetooth Speakers,Bluetooth Speakers,Pune,Dragon Supply Co,402.79,975.73,6,11,2023-06-19,2023-06-30,3437.64,False,6,2023
ORD02616,LED Lights,LED Lights,Aurangabad,Shenzhen Traders,389.96,801.52,4,3,2023-03-11,2023-03-14,1646.24,False,3,2023
ORD02617,Smart Watches,Smart Watches,Pune,Guangzhou Imports,1348.54,3579.75,4,5,2024-08-14,2024-08-19,8924.84,False,8,2024
ORD02618,Bluetooth Speakers,Bluetooth Speakers,Nashik,Dragon Supply Co,389.97,997.63,9,5,2023-07-07,2023-07-12,5468.94,False,7,2023
ORD02619,Mobile Accessories,Mobile Accessories,Mumbai,Guangzhou Imports,137.89,258.25,7,3,2024-12-11,2024-12-14,842.52,False,12,2024
ORD02620,Kitchen Gadgets,Kitchen Gadgets,Pune,Yiwu Global Trade,148.28,394.98,5,1,2024-03-16,2024-03-17,1233.5,False,3,2024
ORD02621,Kitchen Gadgets,Kitchen Gadgets,Nagpur,Yiwu Global Trade,375.82,1070.43,3,1,2023-03-28,2023-03-29,2083.83,False,3,2023
ORD02622,LED Lights,LED Lights,Mumbai,Shenzhen Traders,395.13,792.22,15,5,2024-07-13,2024-07-18,5956.35,False,7,2024
ORD02623,Bluetooth Speakers,Bluetooth Speakers,Pune,Dragon Supply Co,480.58,1203.36,1,14,2024-11-05,2024-11-19,722.78,False,11,2024
ORD02624,Home Decor,Home Decor,Pune,Yiwu Global Trade,138.75,421.62,4,2,2024-11-05,2024-11-07,1131.48,False,11,2024
ORD02625,LED Lights,LED Lights,Mumbai,Shenzhen Traders,268.94,506.62,3,0,2023-05-18,2023-05-18,713.04,True,5,2023
ORD02626,LED Lights,LED Lights,Aurangabad,Dragon Supply Co,319.4,659.51,3,8,2023-03-27,2023-04-04,1020.33,False,3,2023
ORD02627,Kitchen Gadgets,Kitchen Gadgets,Aurangabad,Yiwu Global Trade,305.81,766.91,4,1,2024-06-16,2024-06-17,1844.4,False,6,2024
ORD02628,Mobile Accessories,Mobile Accessories,Thane,Yiwu Global Trade,200.05,534.79,4,3,2023-09-17,2023-09-20,1338.96,False,9,2023
ORD02629,Kitchen Gadgets,Kitchen Gadgets,Thane,Guangzhou Imports,290.76,827.87,1,3,2023-11-04,2023-11-07,537.11,False,11,2023
ORD02630,Kitchen Gadgets,Kitchen Gadgets,Mumbai,Guangzhou Imports,255.78,570.56,1,7,2024-04-25,2024-05-02,314.78,False,4,2024
ORD02631,Kitchen Gadgets,Kitchen Gadgets,Nagpur,Guangzhou Imports,267.88,597.97,3,2,2023-01-24,2023-01-26,990.27,False,1,2023
ORD02632,Smart Watches,Smart Watches,Thane,Shenzhen Traders,1670.44,4101.91,1,6,2023-11-21,2023-11-27,2431.47,False,11,2023
ORD02633,Mobile Accessories,Mobile Accessories,Thane,Guangzhou Imports,98.42,292.79,11,5,2023-12-14,2023-12-19,2138.07,False,12,2023
ORD02634,Mobile Accessories,Mobile Accessories,Thane,Yiwu Global Trade,211.97,509.11,2,2,2024-07-21,2024-07-23,594.28,False,7,2024
ORD02635,LED Lights,LED Lights,Nagpur,Dragon Supply Co,185.51,474.52,2,0,2023-02-28,2023-02-28,578.02,False,2,2023
ORD02636,Home Decor,Home Decor,Pune,Yiwu Global Trade,186.07,625.03,8,3,2024-11-09,2024-11-12,3511.68,False,11,2024
ORD02637,Mobile Accessories,Mobile Accessories,Pune,Guangzhou Imports,240.32,676.3,3,8,2024-07-19,2024-07-27,1307.94,False,7,2024
ORD02638,Mobile Accessories,Mobile Accessories,Nashik,Yiwu Global Trade,182.41,420.73,3,1,2023-01-25,2023-01-26,714.96,False,1,2023
ORD02639,Kitchen Gadgets,Kitchen Gadgets,Nashik,Yiwu Global Trade,265.9,562.58,3,3,2024-08-18,2024-08-21,890.04,False,8,2024
ORD02640,Smart Watches,Smart Watches,Thane,Shenzhen Traders,1754.02,4753.09,7,3,2024-12-03,2024-12-06,20993.49,False,12,2024
ORD02641,Mobile Accessories,Mobile Accessories,Pune,Yiwu Global Trade,173.37,518.13,5,3,2023-03-27,2023-03-30,1723.8,False,3,2023
ORD02642,Kitchen Gadgets,Kitchen Gadgets,Nagpur,Guangzhou Imports,158.12,426.11,2,5,2023-11-14,2023-11-19,535.98,False,11,2023
ORD02643,Kitchen Gadgets,Kitchen Gadgets,Nagpur,Guangzhou Imports,209.63,559.15,1,9,2024-06-08,2024-06-17,349.52,False,6,2024
ORD02644,Mobile Accessories,Mobile Accessories,Nagpur,Guangzhou Imports,217.49,421.4,8,5,2023-09-13,2023-09-18,1631.28,False,9,2023
ORD02645,Mobile Accessories,Mobile Accessories,Thane,Guangzhou Imports,133.33,302.87,1,2,2023-05-24,2023-05-26,169.54,False,5,2023
ORD02646,LED Lights,LED Lights,Thane,Dragon Supply Co,366.53,879.18,2,12,2023-03-01,2023-03-13,1025.3,False,3,2023
ORD02647,Kitchen Gadgets,Kitchen Gadgets,Thane,Guangzhou Imports,190.69,554.74,1,0,2023-08-23,2023-08-23,364.05,False,8,2023
ORD02648,Mobile Accessories,Mobile Accessories,Thane,Yiwu Global Trade,80.17,219.25,1,4,2023-08-20,2023-08-24,139.08,False,8,2023
ORD02649,Kitchen Gadgets,Kitchen Gadgets,Thane,Guangzhou Imports,221.21,663.32,3,0,2024-09-10,2024-09-10,1326.33,False,9,2024
ORD02650,Bluetooth Speakers,Bluetooth Speakers,Mumbai,Dragon Supply Co,717.57,1772.41,1,16,2023-12-30,2024-01-15,1054.84,False,12,2023
ORD02651,LED Lights,LED Lights,Aurangabad,Shenzhen Traders,270.05,555.22,17,5,2023-05-26,2023-05-31,4847.89,False,5,2023
ORD02652,LED Lights,LED Lights,Nagpur,Dragon Supply Co,197.56,378.61,1,0,2023-03-05,2023-03-05,181.05,True,3,2023
ORD02653,Bluetooth Speakers,Bluetooth Speakers,Thane,Dragon Supply Co,636.99,1599.03,2,13,2023-02-10,2023-02-23,1924.08,False,2,2023
ORD02654,Home Decor,Home Decor,Nagpur,Dragon Supply Co,101.57,272.09,5,10,2023-08-09,2023-08-19,852.6,False,8,2023
ORD02655,Smart Watches,Smart Watches,Thane,Shenzhen Traders,1156.75,2867.66,2,1,2024-03-11,2024-03-12,3421.82,False,3,2024
ORD02656,LED Lights,LED Lights,Thane,Dragon Supply Co,354.25,978.78,3,0,2023-01-26,2023-01-26,1873.59,False,1,2023
ORD02657,Mobile Accessories,Mobile Accessories,Pune,Guangzhou Imports,174.43,336.46,3,5,2023-01-17,2023-01-22,486.09,False,1,2023
ORD02658,Home Decor,Home Decor,Thane,Dragon Supply Co,302.31,1051.0,2,23,2024-02-04,2024-02-27,1497.38,False,2,2024
ORD02659,Kitchen Gadgets,Kitchen Gadgets,Thane,Yiwu Global Trade,188.52,463.3,2,1,2023-05-26,2023-05-27,549.56,False,5,2023
ORD02660,Kitchen Gadgets,Kitchen Gadgets,Mumbai,Guangzhou Imports,170.77,389.77,3,5,2023-06-12,2023-06-17,657.0,False,6,2023
ORD02661,Mobile Accessories,Mobile Accessories,Pune,Yiwu Global Trade,238.2,496.33,3,1,2024-05-16,2024-05-17,774.39,False,5,2024
ORD02662,Bluetooth Speakers,Bluetooth Speakers,Pune,Dragon Supply Co,859.94,1913.35,4,0,2023-06-12,2023-06-12,4213.64,False,6,2023
ORD02663,Mobile Accessories,Mobile Accessories,Mumbai,Guangzhou Imports,107.78,251.32,12,5,2023-11-03,2023-11-08,1722.48,False,11,2023
ORD02664,Bluetooth Speakers,Bluetooth Speakers,Thane,Dragon Supply Co,888.75,1886.31,28,17,2024-12-05,2024-12-22,27931.68,False,12,2024
ORD02665,Kitchen Gadgets,Kitchen Gadgets,Pune,Guangzhou Imports,169.5,424.21,2,7,2024-08-22,2024-08-29,509.42,False,8,2024
ORD02666,Kitchen Gadgets,Kitchen Gadgets,Pune,Guangzhou Imports,274.06,754.59,4,9,2023-05-19,2023-05-28,1922.12,False,5,2023
ORD02667,Kitchen Gadgets,Kitchen Gadgets,Mumbai,Guangzhou Imports,344.67,570.51,1,8,2024-10-08,2024-10-16,225.84,True,10,2024
ORD02668,LED Lights,LED Lights,Mumbai,Dragon Supply Co,418.78,936.6,1,3,2024-03-04,2024-03-07,517.82,False,3,2024
ORD02669,Smart Watches,Smart Watches,Pune,Shenzhen Traders,1264.31,3466.92,3,1,2024-04-25,2024-04-26,6607.83,False,4,2024
ORD02670,Home Decor,Home Decor,Nashik,Dragon Supply Co,129.17,220.86,8,3,2023-03-08,2023-03-11,733.52,True,3,2023
ORD02671,Mobile Accessories,Mobile Accessories,Thane,Guangzhou Imports,232.03,608.98,5,3,2024-10-28,2024-10-31,1884.75,False,10,2024
ORD02672,LED Lights,LED Lights,Mumbai,Shenzhen Traders,403.34,976.03,2,6,2024-08-13,2024-08-19,1145.38,False,8,2024
ORD02673,Smart Watches,Smart Watches,Thane,Guangzhou Imports,1439.8,3384.03,1,11,2024-03-14,2024-03-25,1944.23,False,3,2024
ORD02674,Mobile Accessories,Mobile Accessories,Thane,Guangzhou Imports,224.17,459.12,1,8,2024-03-08,2024-03-16,234.95,False,3,2024
ORD02675,Smart Watches,Smart Watches,Mumbai,Guangzhou Imports,913.24,2374.62,1,10,2024-03-15,2024-03-25,1461.38,False,3,2024
ORD02676,LED Lights,LED Lights,Thane,Dragon Supply Co,321.27,873.59,7,12,2023-11-07,2023-11-19,3866.24,False,11,2023
ORD02677,Home Decor,Home Decor,Pune,Yiwu Global Trade,251.03,683.67,1,3,2024-11-06,2024-11-09,432.64,False,11,2024
ORD02678,Mobile Accessories,Mobile Accessories,Pune,Yiwu Global Trade,217.29,456.94,9,2,2024-07-03,2024-07-05,2156.85,True,7,2024
ORD02679,LED Lights,LED Lights,Nagpur,Dragon Supply Co,200.24,568.82,10,12,2023-09-12,2023-09-24,3685.8,False,9,2023
ORD02680,Home Decor,Home Decor,Pune,Dragon Supply Co,126.62,441.88,2,5,2024-04-28,2024-05-03,630.52,False,4,2024
ORD02681,Home Decor,Home Decor,Mumbai,Dragon Supply Co,167.06,582.29,3,6,2024-02-27,2024-03-04,1245.69,False,2,2024
ORD02682,Home Decor,Home Decor,Pune,Dragon Supply Co,124.58,285.88,1,9,2024-05-24,2024-06-02,161.3,False,5,2024
ORD02683,Mobile Accessories,Mobile Accessories,Aurangabad,Guangzhou Imports,103.59,268.82,11,5,2024-02-14,2024-02-19,1817.53,False,2,2024
ORD02684,Kitchen Gadgets,Kitchen Gadgets,Nagpur,Yiwu Global Trade,258.91,702.6,1,2,2024-10-31,2024-11-02,443.69,False,10,2024
ORD02685,Kitchen Gadgets,Kitchen Gadgets,Thane,Guangzhou Imports,345.7,1022.5,3,8,2023-05-02,2023-05-10,2030.4,False,5,2023
ORD02686,LED Lights,LED Lights,Thane,Dragon Supply Co,408.34,1099.17,7,13,2024-04-07,2024-04-20,4835.81,False,4,2024
ORD02687,Kitchen Gadgets,Kitchen Gadgets,Aurangabad,Guangzhou Imports,275.54,750.09,1,2,2023-07-16,2023-07-18,474.55,False,7,2023
ORD02688,Smart Watches,Smart Watches,Mumbai,Shenzhen Traders,1346.44,3604.3,3,5,2024-04-12,2024-04-17,6773.58,False,4,2024
ORD02689,Kitchen Gadgets,Kitchen Gadgets,Nagpur,Yiwu Global Trade,193.73,485.62,7,4,2023-09-26,2023-09-30,2043.23,False,9,2023
ORD02690,Bluetooth Speakers,Bluetooth Speakers,Nashik,Dragon Supply Co,592.77,1274.37,5,7,2023-04-05,2023-04-12,3408.0,False,4,2023
ORD02691,Kitchen Gadgets,Kitchen Gadgets,Pune,Guangzhou Imports,244.18,631.29,10,9,2024-04-14,2024-04-23,3871.1,False,4,2024
ORD02692,Mobile Accessories,Mobile Accessories,Aurangabad,Guangzhou Imports,156.84,365.85,2,12,2023-07-13,2023-07-25,418.02,False,7,2023
ORD02693,Kitchen Gadgets,Kitchen Gadgets,Nashik,Yiwu Global Trade,292.56,735.87,2,4,2023-12-02,2023-12-06,886.62,False,12,2023
ORD02694,Bluetooth Speakers,Bluetooth Speakers,Nagpur,Shenzhen Traders,821.36,1890.95,8,1,2024-10-26,2024-10-27,8556.72,False,10,2024
ORD02695,Bluetooth Speakers,Bluetooth Speakers,Thane,Dragon Supply Co,421.22,952.5,1,9,2024-10-12,2024-10-21,531.28,False,10,2024
ORD02696,Home Decor,Home Decor,Thane,Yiwu Global Trade,212.39,458.81,1,3,2024-03-15,2024-03-18,246.42,True,3,2024
ORD02697,Home Decor,Home Decor,Nashik,Yiwu Global Trade,272.25,729.44,2,2,2023-10-03,2023-10-05,914.38,False,10,2023
ORD02698,LED Lights,LED Lights,Thane,Dragon Supply Co,273.64,746.4,5,9,2024-05-19,2024-05-28,2363.8,False,5,2024
ORD02699,Bluetooth Speakers,Bluetooth Speakers,Mumbai,Dragon Supply Co,418.65,877.37,7,12,2023-08-29,2023-09-10,3211.04,False,8,2023
ORD02700,Home Decor,Home Decor,Thane,Dragon Supply Co,151.71,369.77,2,3,2024-05-17,2024-05-20,436.12,False,5,2024
ORD02701,Bluetooth Speakers,Bluetooth Speakers,Mumbai,Shenzhen Traders,544.16,1344.43,2,2,2024-06-26,2024-06-28,1600.54,False,6,2024
ORD02702,Home Decor,Home Decor,Nagpur,Yiwu Global Trade,120.61,348.87,2,3,2024-10-04,2024-10-07,456.52,False,10,2024
ORD02703,Smart Watches,Smart Watches,Thane,Guangzhou Imports,905.53,2492.46,3,3,2023-01-29,2023-02-01,4760.79,False,1,2023
ORD02704,Kitchen Gadgets,Kitchen Gadgets,Pune,Yiwu Global Trade,162.75,353.44,6,3,2023-03-02,2023-03-05,1144.14,False,3,2023
ORD02705,Smart Watches,Smart Watches,Nagpur,Shenzhen Traders,1038.57,2899.17,7,6,2023-03-12,2023-03-18,13024.2,False,3,2023
ORD02706,Smart Watches,Smart Watches,Mumbai,Guangzhou Imports,1311.76,3047.12,9,1,2024-05-04,2024-05-05,15618.24,False,5,2024
ORD02707,Home Decor,Home Decor,Pune,Yiwu Global Trade,229.83,710.72,7,2,2024-04-17,2024-04-19,3366.23,False,4,2024
ORD02708,Kitchen Gadgets,Kitchen Gadgets,Nagpur,Yiwu Global Trade,221.72,538.61,4,2,2024-06-05,2024-06-07,1267.56,False,6,2024
ORD02709,Bluetooth Speakers,Bluetooth Speakers,Aurangabad,Shenzhen Traders,872.27,1398.91,16,3,2023-09-20,2023-09-23,8426.24,True,9,2023
ORD02710,Smart Watches,Smart Watches,Thane,Guangzhou Imports,980.4,1516.24,7,11,2023-03-03,2023-03-14,3750.88,True,3,2023
ORD02711,Smart Watches,Smart Watches,Thane,Shenzhen Traders,1677.95,4462.45,1,3,2024-08-29,2024-09-01,2784.5,False,8,2024
ORD02712,LED Lights,LED Lights,Nagpur,Dragon Supply Co,219.56,482.84,10,8,2023-02-01,2023-02-09,2632.8,False,2,2023
ORD02713,Smart Watches,Smart Watches,Mumbai,Shenzhen Traders,693.34,1851.81,12,0,2023-11-15,2023-11-15,13901.64,False,11,2023
ORD02714,Smart Watches,Smart Watches,Pune,Shenzhen Traders,1171.73,2649.77,5,1,2023-07-15,2023-07-16,7390.2,False,7,2023
ORD02715,LED Lights,LED Lights,Nashik,Shenzhen Traders,267.87,773.1,4,1,2023-03-27,2023-03-28,2020.92,False,3,2023
ORD02716,Bluetooth Speakers,Bluetooth Speakers,Mumbai,Dragon Supply Co,584.44,1021.17,3,12,2024-09-29,2024-10-11,1310.19,True,9,2024
ORD02717,Kitchen Gadgets,Kitchen Gadgets,Aurangabad,Guangzhou Imports,158.92,457.35,14,5,2023-01-21,2023-01-26,4178.02,False,1,2023
ORD02718,Smart Watches,Smart Watches,Mumbai,Shenzhen Traders,1056.94,2499.99,9,3,2023-02-18,2023-02-21,12987.45,False,2,2023
ORD02719,LED Lights,LED Lights,Nagpur,Dragon Supply Co,325.22,921.97,5,0,2023-12-06,2023-12-06,2983.75,False,12,2023
ORD02720,LED Lights,LED Lights,Pune,Dragon Supply Co,236.4,594.37,5,1,2024-07-31,2024-08-01,1789.85,False,7,2024
ORD02721,Smart Watches,Smart Watches,Mumbai,Guangzhou Imports,807.38,1828.49,2,11,2023-03-28,2023-04-08,2042.22,False,3,2023
ORD02722,Bluetooth Speakers,Bluetooth Speakers,Mumbai,Shenzhen Traders,528.45,1289.97,3,4,2023-02-11,2023-02-15,2284.56,False,2,2023
ORD02723,Bluetooth Speakers,Bluetooth Speakers,Mumbai,Shenzhen Traders,824.43,1646.18,3,5,2024-12-27,2025-01-01,2465.25,False,12,2024
ORD02724,Kitchen Gadgets,Kitchen Gadgets,Aurangabad,Guangzhou Imports,352.22,828.3,3,8,2024-04-08,2024-04-16,1428.24,False,4,2024
ORD02725,Home Decor,Home Decor,Aurangabad,Dragon Supply Co,273.22,713.79,3,6,2023-04-07,2023-04-13,1321.71,False,4,2023
ORD02726,Kitchen Gadgets,Kitchen Gadgets,Mumbai,Guangzhou Imports,153.51,454.73,3,7,2023-03-18,2023-03-25,903.66,False,3,2023
ORD02727,LED Lights,LED Lights,Aurangabad,Dragon Supply Co,186.09,382.0,16,13,2023-08-09,2023-08-22,3134.56,True,8,2023
ORD02728,LED Lights,LED Lights,Mumbai,Shenzhen Traders,253.64,669.4,1,4,2023-03-15,2023-03-19,415.76,False,3,2023
ORD02729,Mobile Accessories,Mobile Accessories,Aurangabad,Guangzhou Imports,102.29,309.77,1,8,2023-09-11,2023-09-19,207.48,False,9,2023
ORD02730,LED Lights,LED Lights,Thane,Dragon Supply Co,196.62,394.34,2,5,2023-11-28,2023-12-03,395.44,False,11,2023
ORD02731,LED Lights,LED Lights,Nagpur,Shenzhen Traders,282.16,772.6,14,1,2024-08-06,2024-08-07,6866.16,False,8,2024
ORD02732,Smart Watches,Smart Watches,Mumbai,Guangzhou Imports,1247.78,3111.37,6,5,2023-09-02,2023-09-07,11181.54,False,9,2023
ORD02733,Kitchen Gadgets,Kitchen Gadgets,Mumbai,Guangzhou Imports,370.4,1007.98,9,5,2024-06-11,2024-06-16,5738.22,False,6,2024
ORD02734,Bluetooth Speakers,Bluetooth Speakers,Thane,Shenzhen Traders,783.86,1884.05,6,3,2023-01-19,2023-01-22,6601.14,False,1,2023
ORD02735,Bluetooth Speakers,Bluetooth Speakers,Nashik,Dragon Supply Co,421.36,1050.1,2,9,2024-08-07,2024-08-16,1257.48,False,8,2024
ORD02736,Home Decor,Home Decor,Thane,Yiwu Global Trade,156.22,536.56,26,1,2023-10-01,2023-10-02,9888.84,False,10,2023
ORD02737,Mobile Accessories,Mobile Accessories,Nashik,Guangzhou Imports,217.31,423.36,1,2,2024-08-19,2024-08-21,206.05,False,8,2024
ORD02738,LED Lights,LED Lights,Mumbai,Shenzhen Traders,214.37,426.34,1,5,2024-02-18,2024-02-23,211.97,True,2,2024
ORD02739,Smart Watches,Smart Watches,Mumbai,Shenzhen Traders,1499.04,4059.98,14,4,2024-12-30,2025-01-03,35853.16,False,12,2024
ORD02740,Bluetooth Speakers,Bluetooth Speakers,Pune,Shenzhen Traders,462.18,1056.97,4,2,2023-07-23,2023-07-25,2379.16,False,7,2023
ORD02741,Kitchen Gadgets,Kitchen Gadgets,Thane,Yiwu Global Trade,225.05,615.64,3,2,2024-05-31,2024-06-02,1171.77,False,5,2024
ORD02742,Mobile Accessories,Mobile Accessories,Thane,Guangzhou Imports,161.61,363.49,3,6,2024-03-18,2024-03-24,605.64,False,3,2024
ORD02743,Smart Watches,Smart Watches,Pune,Guangzhou Imports,1085.75,2920.87,5,8,2023-09-22,2023-09-30,9175.6,False,9,2023
ORD02744,Smart Watches,Smart Watches,Nagpur,Shenzhen Traders,1237.57,3242.95,5,3,2024-09-28,2024-10-01,10026.9,False,9,2024
ORD02745,Bluetooth Speakers,Bluetooth Speakers,Thane,Shenzhen Traders,654.59,1578.01,1,7,2023-11-03,2023-11-10,923.42,False,11,2023
ORD02746,Kitchen Gadgets,Kitchen Gadgets,Nashik,Yiwu Global Trade,369.69,991.09,2,3,2024-03-29,2024-04-01,1242.8,False,3,2024
ORD02747,Bluetooth Speakers,Bluetooth Speakers,Mumbai,Dragon Supply Co,782.97,1886.81,9,2,2024-03-15,2024-03-17,9934.56,False,3,2024
ORD02748,Home Decor,Home Decor,Aurangabad,Yiwu Global Trade,303.0,794.94,1,2,2023-05-12,2023-05-14,491.94,False,5,2023
ORD02749,Kitchen Gadgets,Kitchen Gadgets,Nashik,Yiwu Global Trade,349.21,1033.59,1,2,2024-07-13,2024-07-15,684.38,False,7,2024
ORD02750,Smart Watches,Smart Watches,Nagpur,Shenzhen Traders,921.71,2249.46,2,7,2023-02-03,2023-02-10,2655.5,False,2,2023
ORD02751,Mobile Accessories,Mobile Accessories,Nashik,Yiwu Global Trade,199.42,427.22,5,2,2023-06-20,2023-06-22,1139.0,False,6,2023
ORD02752,Kitchen Gadgets,Kitchen Gadgets,Pune,Yiwu Global Trade,364.32,852.55,3,5,2024-04-17,2024-04-22,1464.69,False,4,2024
ORD02753,Home Decor,Home Decor,Nashik,Dragon Supply Co,292.98,727.92,16,8,2023-10-24,2023-11-01,6959.04,False,10,2023
ORD02754,Smart Watches,Smart Watches,Aurangabad,Shenzhen Traders,1306.7,2886.28,1,4,2023-12-15,2023-12-19,1579.58,False,12,2023
ORD02755,Bluetooth Speakers,Bluetooth Speakers,Mumbai,Dragon Supply Co,595.75,1475.92,7,5,2024-08-02,2024-08-07,6161.19,False,8,2024
ORD02756,Bluetooth Speakers,Bluetooth Speakers,Mumbai,Dragon Supply Co,445.88,608.29,6,5,2024-09-22,2024-09-27,974.46,True,9,2024
ORD02757,Mobile Accessories,Mobile Accessories,Thane,Yiwu Global Trade,234.81,658.94,23,2,2024-10-07,2024-10-09,9754.99,False,10,2024
ORD02758,Home Decor,Home Decor,Mumbai,Dragon Supply Co,308.78,1058.98,1,7,2024-04-16,2024-04-23,750.2,False,4,2024
ORD02759,Mobile Accessories,Mobile Accessories,Mumbai,Guangzhou Imports,194.79,615.72,3,1,2024-11-25,2024-11-26,1262.79,False,11,2024
ORD02760,Smart Watches,Smart Watches,Nashik,Guangzhou Imports,1485.03,3034.56,2,6,2023-05-02,2023-05-08,3099.06,False,5,2023
ORD02761,LED Lights,LED Lights,Mumbai,Shenzhen Traders,313.01,815.89,1,2,2023-11-12,2023-11-14,502.88,False,11,2023
ORD02762,Bluetooth Speakers,Bluetooth Speakers,Pune,Shenzhen Traders,465.82,1126.35,2,4,2024-12-30,2025-01-03,1321.06,False,12,2024
ORD02763,Smart Watches,Smart Watches,Mumbai,Guangzhou Imports,1383.04,2241.68,7,11,2024-04-08,2024-04-19,6010.48,True,4,2024
ORD02764,LED Lights,LED Lights,Mumbai,Shenzhen Traders,414.72,927.43,1,5,2023-03-21,2023-03-26,512.71,False,3,2023
ORD02765,LED Lights,LED Lights,Mumbai,Dragon Supply Co,195.94,555.53,14,7,2024-06-30,2024-07-07,5034.26,False,6,2024
ORD02766,Mobile Accessories,Mobile Accessories,Mumbai,Guangzhou Imports,105.37,274.81,3,3,2023-12-12,2023-12-15,508.32,False,12,2023
ORD02767,Home Decor,Home Decor,Nashik,Dragon Supply Co,111.27,273.56,12,14,2024-03-23,2024-04-06,1947.48,False,3,2024
ORD02768,Home Decor,Home Decor,Mumbai,Yiwu Global Trade,279.35,945.64,1,2,2024-10-01,2024-10-03,666.29,False,10,2024
ORD02769,Bluetooth Speakers,Bluetooth Speakers,Mumbai,Dragon Supply Co,676.42,1329.2,1,0,2023-03-21,2023-03-21,652.78,False,3,2023
ORD02770,Mobile Accessories,Mobile Accessories,Mumbai,Yiwu Global Trade,105.66,212.64,1,3,2024-12-24,2024-12-27,106.98,False,12,2024
ORD02771,LED Lights,LED Lights,Pune,Dragon Supply Co,360.64,540.15,2,14,2024-12-23,2025-01-06,359.02,True,12,2024
ORD02772,Home Decor,Home Decor,Mumbai,Yiwu Global Trade,177.99,415.76,10,2,2024-07-23,2024-07-25,2377.7,False,7,2024
ORD02773,LED Lights,LED Lights,Nagpur,Shenzhen Traders,187.66,400.84,1,3,2024-06-29,2024-07-02,213.18,False,6,2024
ORD02774,Home Decor,Home Decor,Aurangabad,Dragon Supply Co,135.53,407.93,2,12,2024-06-20,2024-07-02,544.8,False,6,2024
ORD02775,LED Lights,LED Lights,Nagpur,Dragon Supply Co,283.55,662.75,6,10,2023-09-08,2023-09-18,2275.2,False,9,2023
ORD02776,Home Decor,Home Decor,Pune,Yiwu Global Trade,291.68,949.31,1,1,2024-08-27,2024-08-28,657.63,False,8,2024
ORD02777,LED Lights,LED Lights,Thane,Shenzhen Traders,247.69,520.26,7,5,2023-11-05,2023-11-10,1907.99,False,11,2023
ORD02778,Kitchen Gadgets,Kitchen Gadgets,Nagpur,Guangzhou Imports,156.56,263.4,5,9,2023-08-15,2023-08-24,534.2,True,8,2023
ORD02779,Home Decor,Home Decor,Aurangabad,Dragon Supply Co,124.53,320.38,5,7,2024-09-17,2024-09-24,979.25,False,9,2024
ORD02780,Kitchen Gadgets,Kitchen Gadgets,Nashik,Yiwu Global Trade,215.35,639.79,5,4,2024-02-03,2024-02-07,2122.2,False,2,2024
ORD02781,LED Lights,LED Lights,Thane,Shenzhen Traders,231.51,617.43,7,3,2023-10-20,2023-10-23,2701.44,False,10,2023
ORD02782,Mobile Accessories,Mobile Accessories,Thane,Yiwu Global Trade,211.98,449.48,16,2,2024-02-16,2024-02-18,3800.0,False,2,2024
ORD02783,Mobile Accessories,Mobile Accessories,Mumbai,Yiwu Global Trade,238.98,614.08,2,2,2023-09-01,2023-09-03,750.2,False,9,2023
ORD02784,Bluetooth Speakers,Bluetooth Speakers,Thane,Shenzhen Traders,421.68,1051.01,7,3,2024-06-03,2024-06-06,4405.31,False,6,2024
ORD02785,LED Lights,LED Lights,Mumbai,Shenzhen Traders,417.62,1223.7,4,5,2024-07-21,2024-07-26,3224.32,False,7,2024
ORD02786,Smart Watches,Smart Watches,Pune,Shenzhen Traders,1291.16,2869.4,2,3,2024-09-11,2024-09-14,3156.48,False,9,2024
ORD02787,Kitchen Gadgets,Kitchen Gadgets,Pune,Yiwu Global Trade,307.6,669.59,5,4,2024-08-08,2024-08-12,1809.95,False,8,2024
ORD02788,Kitchen Gadgets,Kitchen Gadgets,Pune,Yiwu Global Trade,153.8,442.02,1,1,2023-11-23,2023-11-24,288.22,False,11,2023
ORD02789,LED Lights,LED Lights,Pune,Dragon Supply Co,408.7,882.22,1,9,2024-09-25,2024-10-04,473.52,False,9,2024
ORD02790,Home Decor,Home Decor,Mumbai,Yiwu Global Trade,253.38,651.46,1,2,2024-11-18,2024-11-20,398.08,False,11,2024
ORD02791,LED Lights,LED Lights,Nagpur,Shenzhen Traders,397.92,957.21,3,3,2023-07-03,2023-07-06,1677.87,False,7,2023
ORD02792,Home Decor,Home Decor,Pune,Dragon Supply Co,295.4,537.78,1,8,2023-09-22,2023-09-30,242.38,True,9,2023
ORD02793,Bluetooth Speakers,Bluetooth Speakers,Pune,Shenzhen Traders,583.84,1179.79,2,6,2023-01-19,2023-01-25,1191.9,False,1,2023
ORD02794,Bluetooth Speakers,Bluetooth Speakers,Mumbai,Dragon Supply Co,795.55,1238.08,18,10,2024-12-16,2024-12-26,7965.54,True,12,2024
ORD02795,LED Lights,LED Lights,Thane,Shenzhen Traders,371.34,653.53,10,0,2024-06-08,2024-06-08,2821.9,True,6,2024
ORD02796,LED Lights,LED Lights,Nagpur,Dragon Supply Co,204.09,489.54,1,0,2024-11-06,2024-11-06,285.45,False,11,2024
ORD02797,LED Lights,LED Lights,Mumbai,Dragon Supply Co,303.91,773.26,3,10,2023-03-10,2023-03-20,1408.05,False,3,2023
ORD02798,Home Decor,Home Decor,Pune,Dragon Supply Co,124.07,277.87,7,10,2024-11-10,2024-11-20,1076.6,False,11,2024
ORD02799,Smart Watches,Smart Watches,Pune,Shenzhen Traders,874.81,1779.33,8,2,2023-06-27,2023-06-29,7236.16,False,6,2023
ORD02800,Mobile Accessories,Mobile Accessories,Pune,Guangzhou Imports,118.96,159.18,2,8,2024-10-01,2024-10-09,80.44,True,10,2024
ORD02801,Smart Watches,Smart Watches,Aurangabad,Guangzhou Imports,1746.97,4181.59,1,4,2023-01-05,2023-01-09,2434.62,False,1,2023
ORD02802,Bluetooth Speakers,Bluetooth Speakers,Mumbai,Dragon Supply Co,458.1,875.98,5,6,2024-12-20,2024-12-26,2089.4,False,12,2024
ORD02803,Smart Watches,Smart Watches,Pune,Guangzhou Imports,1458.92,3613.64,5,5,2024-12-07,2024-12-12,10773.6,False,12,2024
ORD02804,Mobile Accessories,Mobile Accessories,Nagpur,Guangzhou Imports,136.74,437.52,6,7,2024-08-23,2024-08-30,1804.68,False,8,2024
ORD02805,Mobile Accessories,Mobile Accessories,Mumbai,Yiwu Global Trade,217.68,677.91,1,3,2024-05-06,2024-05-09,460.23,False,5,2024
ORD02806,Bluetooth Speakers,Bluetooth Speakers,Pune,Shenzhen Traders,431.9,927.4,1,0,2023-04-04,2023-04-04,495.5,False,4,2023
ORD02807,Mobile Accessories,Mobile Accessories,Nashik,Guangzhou Imports,160.75,296.57,1,10,2024-03-12,2024-03-22,135.82,False,3,2024
ORD02808,Bluetooth Speakers,Bluetooth Speakers,Pune,Shenzhen Traders,520.83,1110.01,7,3,2024-08-03,2024-08-06,4124.26,False,8,2024
ORD02809,LED Lights,LED Lights,Mumbai,Shenzhen Traders,321.24,856.6,9,5,2023-06-19,2023-06-24,4818.24,False,6,2023
ORD02810,Smart Watches,Smart Watches,Mumbai,Shenzhen Traders,1403.37,3464.15,2,3,2024-04-03,2024-04-06,4121.56,False,4,2024
ORD02811,Kitchen Gadgets,Kitchen Gadgets,Thane,Yiwu Global Trade,266.36,727.15,9,3,2023-12-07,2023-12-10,4147.11,False,12,2023
ORD02812,Home Decor,Home Decor,Nagpur,Dragon Supply Co,162.46,498.43,3,15,2024-04-08,2024-04-23,1007.91,False,4,2024
ORD02813,Smart Watches,Smart Watches,Mumbai,Shenzhen Traders,1352.14,3247.12,11,5,2024-01-08,2024-01-13,20844.78,False,1,2024
ORD02814,Smart Watches,Smart Watches,Thane,Guangzhou Imports,1104.25,2743.94,8,5,2023-04-26,2023-05-01,13117.52,False,4,2023
ORD02815,Home Decor,Home Decor,Nagpur,Yiwu Global Trade,135.69,402.65,6,2,2023-09-13,2023-09-15,1601.76,False,9,2023
ORD02816,Bluetooth Speakers,Bluetooth Speakers,Nagpur,Shenzhen Traders,762.45,1503.12,4,6,2024-07-06,2024-07-12,2962.68,False,7,2024
ORD02817,LED Lights,LED Lights,Mumbai,Shenzhen Traders,248.8,509.82,5,6,2024-03-29,2024-04-04,1305.1,False,3,2024
ORD02818,Smart Watches,Smart Watches,Mumbai,Shenzhen Traders,850.32,1919.9,5,5,2023-12-14,2023-12-19,5347.9,False,12,2023
ORD02819,Home Decor,Home Decor,Nagpur,Dragon Supply Co,299.75,1047.44,11,5,2023-12-14,2023-12-19,8224.59,False,12,2023
ORD02820,LED Lights,LED Lights,Nashik,Shenzhen Traders,398.66,863.16,3,3,2023-08-09,2023-08-12,1393.5,False,8,2023
ORD02821,Home Decor,Home Decor,Mumbai,Yiwu Global Trade,197.47,566.79,10,1,2024-11-27,2024-11-28,3693.2,False,11,2024
ORD02822,Kitchen Gadgets,Kitchen Gadgets,Mumbai,Yiwu Global Trade,226.79,647.92,2,4,2024-07-07,2024-07-11,842.26,False,7,2024
ORD02823,Home Decor,Home Decor,Nagpur,Yiwu Global Trade,241.9,613.78,1,1,2023-08-15,2023-08-16,371.88,False,8,2023
ORD02824,Kitchen Gadgets,Kitchen Gadgets,Mumbai,Yiwu Global Trade,297.93,827.0,6,1,2024-04-16,2024-04-17,3174.42,False,4,2024
ORD02825,Kitchen Gadgets,Kitchen Gadgets,Thane,Guangzhou Imports,353.34,768.57,11,11,2024-10-13,2024-10-24,4567.53,False,10,2024
ORD02826,LED Lights,LED Lights,Thane,Dragon Supply Co,301.97,850.14,2,12,2024-08-26,2024-09-07,1096.34,False,8,2024
ORD02827,Kitchen Gadgets,Kitchen Gadgets,Thane,Guangzhou Imports,199.07,442.81,4,0,2023-10-08,2023-10-08,974.96,False,10,2023
ORD02828,Bluetooth Speakers,Bluetooth Speakers,Nagpur,Shenzhen Traders,755.6,1558.95,8,6,2023-08-09,2023-08-15,6426.8,False,8,2023
ORD02829,Kitchen Gadgets,Kitchen Gadgets,Pune,Guangzhou Imports,123.0,277.4,2,8,2024-12-03,2024-12-11,308.8,False,12,2024
ORD02830,Smart Watches,Smart Watches,Pune,Shenzhen Traders,1018.23,2579.45,4,3,2024-01-16,2024-01-19,6244.88,False,1,2024
ORD02831,Mobile Accessories,Mobile Accessories,Pune,Guangzhou Imports,94.47,248.83,1,0,2024-10-30,2024-10-30,154.36,False,10,2024
ORD02832,Home Decor,Home Decor,Aurangabad,Yiwu Global Trade,207.51,591.32,2,3,2024-01-20,2024-01-23,767.62,False,1,2024
ORD02833,Smart Watches,Smart Watches,Nagpur,Shenzhen Traders,1137.0,3096.11,2,1,2023-10-27,2023-10-28,3918.22,False,10,2023
ORD02834,Home Decor,Home Decor,Nagpur,Dragon Supply Co,319.78,1090.22,12,8,2023-11-04,2023-11-12,9245.28,False,11,2023
ORD02835,Home Decor,Home Decor,Mumbai,Yiwu Global Trade,225.43,563.16,5,2,2023-01-08,2023-01-10,1688.65,False,1,2023
ORD02836,LED Lights,LED Lights,Mumbai,Dragon Supply Co,282.52,704.71,5,11,2024-12-09,2024-12-20,2110.95,False,12,2024
ORD02837,Mobile Accessories,Mobile Accessories,Pune,Guangzhou Imports,194.61,570.57,11,10,2024-08-30,2024-09-09,4135.56,False,8,2024
ORD02838,Mobile Accessories,Mobile Accessories,Nashik,Yiwu Global Trade,140.19,405.24,1,2,2024-11-10,2024-11-12,265.05,False,11,2024
ORD02839,Home Decor,Home Decor,Mumbai,Dragon Supply Co,237.2,794.67,1,8,2023-01-05,2023-01-13,557.47,False,1,2023
ORD02840,Home Decor,Home Decor,Thane,Dragon Supply Co,176.55,513.91,2,0,2024-06-23,2024-06-23,674.72,False,6,2024
ORD02841,Kitchen Gadgets,Kitchen Gadgets,Mumbai,Guangzhou Imports,237.8,396.37,2,8,2024-01-22,2024-01-30,317.14,True,1,2024
ORD02842,LED Lights,LED Lights,Nagpur,Shenzhen Traders,204.53,438.17,2,6,2023-07-26,2023-08-01,467.28,False,7,2023
ORD02843,Smart Watches,Smart Watches,Thane,Shenzhen Traders,1117.63,2720.42,5,1,2024-07-10,2024-07-11,8013.95,False,7,2024
ORD02844,Kitchen Gadgets,Kitchen Gadgets,Mumbai,Yiwu Global Trade,224.03,610.93,10,2,2023-05-22,2023-05-24,3869.0,False,5,2023
ORD02845,LED Lights,LED Lights,Mumbai,Dragon Supply Co,242.05,600.17,3,11,2024-10-15,2024-10-26,1074.36,False,10,2024
ORD02846,Kitchen Gadgets,Kitchen Gadgets,Nagpur,Guangzhou Imports,137.72,291.95,5,5,2023-06-26,2023-07-01,771.15,False,6,2023
ORD02847,LED Lights,LED Lights,Mumbai,Dragon Supply Co,419.69,886.78,15,10,2024-07-20,2024-07-30,7006.35,False,7,2024
ORD02848,Home Decor,Home Decor,Pune,Yiwu Global Trade,263.76,785.9,8,3,2024-02-23,2024-02-26,4177.12,False,2,2024
ORD02849,Mobile Accessories,Mobile Accessories,Mumbai,Yiwu Global Trade,116.27,326.44,3,3,2024-10-17,2024-10-20,630.51,False,10,2024
ORD02850,Smart Watches,Smart Watches,Aurangabad,Shenzhen Traders,700.36,1543.32,18,2,2024-11-29,2024-12-01,15173.28,False,11,2024
ORD02851,LED Lights,LED Lights,Pune,Dragon Supply Co,379.21,766.74,4,0,2023-11-05,2023-11-05,1550.12,False,11,2023
ORD02852,Smart Watches,Smart Watches,Pune,Guangzhou Imports,951.51,2372.14,1,6,2024-01-25,2024-01-31,1420.63,False,1,2024
ORD02853,Home Decor,Home Decor,Thane,Yiwu Global Trade,250.31,639.71,2,1,2023-10-27,2023-10-28,778.8,False,10,2023
ORD02854,Bluetooth Speakers,Bluetooth Speakers,Thane,Shenzhen Traders,608.53,1471.57,6,3,2023-08-20,2023-08-23,5178.24,False,8,2023
ORD02855,Home Decor,Home Decor,Thane,Yiwu Global Trade,119.16,302.23,4,2,2024-12-30,2025-01-01,732.28,False,12,2024
ORD02856,Kitchen Gadgets,Kitchen Gadgets,Nagpur,Yiwu Global Trade,368.67,1016.25,1,3,2024-06-24,2024-06-27,647.58,False,6,2024
ORD02857,Bluetooth Speakers,Bluetooth Speakers,Mumbai,Dragon Supply Co,393.79,822.87,1,0,2023-03-18,2023-03-18,429.08,False,3,2023
ORD02858,LED Lights,LED Lights,Thane,Shenzhen Traders,329.41,961.59,8,2,2023-12-13,2023-12-15,5057.44,False,12,2023
ORD02859,Smart Watches,Smart Watches,Nagpur,Guangzhou Imports,1269.16,3355.42,8,4,2023-11-23,2023-11-27,16690.08,False,11,2023
ORD02860,Kitchen Gadgets,Kitchen Gadgets,Nashik,Guangzhou Imports,262.88,625.77,29,8,2024-11-04,2024-11-12,10523.81,False,11,2024
ORD02861,Kitchen Gadgets,Kitchen Gadgets,Nashik,Guangzhou Imports,345.35,826.97,1,12,2023-10-04,2023-10-16,481.62,False,10,2023
ORD02862,Smart Watches,Smart Watches,Mumbai,Shenzhen Traders,1355.75,3495.0,19,6,2024-04-08,2024-04-14,40645.75,False,4,2024
ORD02863,LED Lights,LED Lights,Aurangabad,Dragon Supply Co,239.14,700.38,6,7,2024-09-26,2024-10-03,2767.44,False,9,2024
ORD02864,LED Lights,LED Lights,Mumbai,Dragon Supply Co,293.88,711.92,16,11,2023-12-07,2023-12-18,6688.64,False,12,2023
ORD02865,Mobile Accessories,Mobile Accessories,Mumbai,Yiwu Global Trade,133.45,316.96,9,1,2024-10-12,2024-10-13,1651.59,False,10,2024
ORD02866,Mobile Accessories,Mobile Accessories,Pune,Guangzhou Imports,124.18,201.78,3,9,2024-07-13,2024-07-22,232.8,True,7,2024
ORD02867,Bluetooth Speakers,Bluetooth Speakers,Mumbai,Dragon Supply Co,676.76,1594.4,20,14,2023-10-04,2023-10-18,18352.8,False,10,2023
ORD02868,Mobile Accessories,Mobile Accessories,Nagpur,Yiwu Global Trade,178.66,366.34,3,2,2023-06-28,2023-06-30,563.04,False,6,2023
ORD02869,Bluetooth Speakers,Bluetooth Speakers,Nashik,Shenzhen Traders,500.68,1267.78,1,6,2023-04-29,2023-05-05,767.1,False,4,2023
ORD02870,Kitchen Gadgets,Kitchen Gadgets,Pune,Guangzhou Imports,226.72,542.81,3,0,2023-01-08,2023-01-08,948.27,False,1,2023
ORD02871,Mobile Accessories,Mobile Accessories,Thane,Guangzhou Imports,238.34,534.04,2,7,2024-05-30,2024-06-06,591.4,False,5,2024
ORD02872,Bluetooth Speakers,Bluetooth Speakers,Pune,Shenzhen Traders,840.85,1933.83,1,4,2024-10-16,2024-10-20,1092.98,False,10,2024
ORD02873,Smart Watches,Smart Watches,Aurangabad,Guangzhou Imports,871.13,2095.19,7,0,2024-07-08,2024-07-08,8568.42,False,7,2024
ORD02874,Bluetooth Speakers,Bluetooth Speakers,Mumbai,Dragon Supply Co,780.23,1623.39,3,11,2023-11-13,2023-11-24,2529.48,False,11,2023
ORD02875,Bluetooth Speakers,Bluetooth Speakers,Thane,Dragon Supply Co,451.38,989.93,3,10,2024-07-18,2024-07-28,1615.65,False,7,2024
ORD02876,LED Lights,LED Lights,Pune,Shenzhen Traders,260.16,678.56,1,5,2024-12-09,2024-12-14,418.4,False,12,2024
ORD02877,LED Lights,LED Lights,Nashik,Shenzhen Traders,342.06,738.94,5,4,2023-03-29,2023-04-02,1984.4,False,3,2023
ORD02878,Mobile Accessories,Mobile Accessories,Mumbai,Guangzhou Imports,243.76,711.16,9,0,2023-02-21,2023-02-21,4206.6,False,2,2023
ORD02879,Bluetooth Speakers,Bluetooth Speakers,Pune,Shenzhen Traders,423.89,899.16,1,2,2024-01-31,2024-02-02,475.27,False,1,2024
ORD02880,LED Lights,LED Lights,Mumbai,Shenzhen Traders,247.42,738.18,3,3,2023-09-28,2023-10-01,1472.28,False,9,2023
ORD02881,Kitchen Gadgets,Kitchen Gadgets,Nagpur,Guangzhou Imports,254.44,436.26,1,10,2024-04-08,2024-04-18,181.82,True,4,2024
ORD02882,Kitchen Gadgets,Kitchen Gadgets,Mumbai,Yiwu Global Trade,273.09,814.84,6,3,2023-04-03,2023-04-06,3250.5,False,4,2023
ORD02883,Bluetooth Speakers,Bluetooth Speakers,Mumbai,Dragon Supply Co,393.52,906.86,13,13,2023-02-21,2023-03-06,6673.42,False,2,2023
ORD02884,Smart Watches,Smart Watches,Aurangabad,Guangzhou Imports,1681.86,4616.35,4,6,2023-02-12,2023-02-18,11737.96,False,2,2023
ORD02885,Mobile Accessories,Mobile Accessories,Thane,Yiwu Global Trade,224.97,606.08,10,1,2023-09-17,2023-09-18,3811.1,False,9,2023
ORD02886,Mobile Accessories,Mobile Accessories,Thane,Guangzhou Imports,89.09,226.31,4,4,2023-12-02,2023-12-06,548.88,False,12,2023
ORD02887,Bluetooth Speakers,Bluetooth Speakers,Mumbai,Shenzhen Traders,540.15,1248.89,2,2,2023-09-12,2023-09-14,1417.48,False,9,2023
ORD02888,Kitchen Gadgets,Kitchen Gadgets,Pune,Yiwu Global Trade,211.09,598.88,2,3,2024-03-28,2024-03-31,775.58,False,3,2024
ORD02889,Smart Watches,Smart Watches,Pune,Shenzhen Traders,791.92,1937.03,2,4,2024-10-29,2024-11-02,2290.22,False,10,2024
ORD02890,Kitchen Gadgets,Kitchen Gadgets,Thane,Guangzhou Imports,214.13,594.68,1,6,2023-09-13,2023-09-19,380.55,False,9,2023
ORD02891,LED Lights,LED Lights,Nashik,Shenzhen Traders,283.02,652.5,1,5,2023-03-04,2023-03-09,369.48,False,3,2023
ORD02892,Home Decor,Home Decor,Pune,Dragon Supply Co,123.5,303.3,5,12,2023-01-15,2023-01-27,899.0,False,1,2023
ORD02893,LED Lights,LED Lights,Aurangabad,Shenzhen Traders,217.0,588.7,1,5,2024-12-23,2024-12-28,371.7,False,12,2024
ORD02894,Kitchen Gadgets,Kitchen Gadgets,Nashik,Guangzhou Imports,281.41,797.53,6,10,2023-02-14,2023-02-24,3096.72,False,2,2023
ORD02895,Bluetooth Speakers,Bluetooth Speakers,Thane,Shenzhen Traders,483.59,1018.16,5,4,2023-11-27,2023-12-01,2672.85,False,11,2023
ORD02896,Home Decor,Home Decor,Pune,Yiwu Global Trade,97.06,323.01,1,0,2024-01-22,2024-01-22,225.95,False,1,2024
ORD02897,Bluetooth Speakers,Bluetooth Speakers,Thane,Dragon Supply Co,843.76,1268.41,8,8,2024-11-23,2024-12-01,3397.2,True,11,2024
ORD02898,Kitchen Gadgets,Kitchen Gadgets,Thane,Yiwu Global Trade,137.49,385.75,3,3,2024-05-06,2024-05-09,744.78,False,5,2024
ORD02899,LED Lights,LED Lights,Pune,Dragon Supply Co,332.48,676.0,1,2,2024-02-03,2024-02-05,343.52,False,2,2024
ORD02900,Mobile Accessories,Mobile Accessories,Nashik,Yiwu Global Trade,165.52,331.5,3,2,2024-09-08,2024-09-10,497.94,False,9,2024
ORD02901,Mobile Accessories,Mobile Accessories,Thane,Yiwu Global Trade,229.79,417.42,5,2,2024-10-02,2024-10-04,938.15,False,10,2024
ORD02902,Home Decor,Home Decor,Pune,Yiwu Global Trade,254.49,691.0,13,3,2024-04-30,2024-05-03,5674.63,False,4,2024
ORD02903,Smart Watches,Smart Watches,Thane,Shenzhen Traders,1047.14,2238.58,3,2,2023-01-27,2023-01-29,3574.32,False,1,2023
ORD02904,Home Decor,Home Decor,Mumbai,Dragon Supply Co,188.32,616.49,1,10,2023-03-01,2023-03-11,428.17,False,3,2023
ORD02905,Kitchen Gadgets,Kitchen Gadgets,Nashik,Guangzhou Imports,243.53,647.2,18,9,2024-03-16,2024-03-25,7266.06,False,3,2024
ORD02906,Kitchen Gadgets,Kitchen Gadgets,Mumbai,Yiwu Global Trade,298.42,829.63,2,3,2023-04-06,2023-04-09,1062.42,False,4,2023
ORD02907,Home Decor,Home Decor,Mumbai,Dragon Supply Co,227.02,542.85,4,1,2023-08-19,2023-08-20,1263.32,False,8,2023
ORD02908,Kitchen Gadgets,Kitchen Gadgets,Thane,Guangzhou Imports,311.19,878.65,1,5,2024-04-21,2024-04-26,567.46,False,4,2024
ORD02909,Bluetooth Speakers,Bluetooth Speakers,Thane,Dragon Supply Co,770.38,1786.66,16,10,2023-05-08,2023-05-18,16260.48,False,5,2023
ORD02910,Smart Watches,Smart Watches,Nagpur,Guangzhou Imports,802.77,1913.38,3,10,2024-01-29,2024-02-08,3331.83,False,1,2024
ORD02911,Bluetooth Speakers,Bluetooth Speakers,Mumbai,Dragon Supply Co,477.9,1179.05,5,7,2024-01-30,2024-02-06,3505.75,False,1,2024
ORD02912,Kitchen Gadgets,Kitchen Gadgets,Nashik,Guangzhou Imports,165.51,367.26,4,9,2023-04-11,2023-04-20,807.0,False,4,2023
ORD02913,Kitchen Gadgets,Kitchen Gadgets,Nagpur,Yiwu Global Trade,162.31,375.25,4,0,2024-04-01,2024-04-01,851.76,False,4,2024
ORD02914,LED Lights,LED Lights,Aurangabad,Shenzhen Traders,416.48,1107.64,5,0,2024-12-11,2024-12-11,3455.8,False,12,2024
ORD02915,Bluetooth Speakers,Bluetooth Speakers,Aurangabad,Dragon Supply Co,661.62,1712.53,1,7,2023-09-07,2023-09-14,1050.91,False,9,2023
ORD02916,Kitchen Gadgets,Kitchen Gadgets,Nashik,Yiwu Global Trade,264.83,606.69,3,1,2024-09-11,2024-09-12,1025.58,False,9,2024
ORD02917,LED Lights,LED Lights,Mumbai,Shenzhen Traders,235.2,475.64,2,7,2023-08-14,2023-08-21,480.88,True,8,2023
ORD02918,Home Decor,Home Decor,Pune,Dragon Supply Co,177.26,280.29,1,0,2024-04-18,2024-04-18,103.03,True,4,2024
ORD02919,Home Decor,Home Decor,Nashik,Dragon Supply Co,117.99,343.59,3,11,2023-04-19,2023-04-30,676.8,False,4,2023
ORD02920,Mobile Accessories,Mobile Accessories,Pune,Yiwu Global Trade,95.8,180.72,7,1,2023-07-29,2023-07-30,594.44,False,7,2023
ORD02921,Kitchen Gadgets,Kitchen Gadgets,Thane,Guangzhou Imports,288.97,773.58,1,14,2024-06-23,2024-07-07,484.61,False,6,2024
ORD02922,Kitchen Gadgets,Kitchen Gadgets,Thane,Yiwu Global Trade,191.85,538.09,1,3,2024-08-01,2024-08-04,346.24,False,8,2024
ORD02923,Kitchen Gadgets,Kitchen Gadgets,Mumbai,Yiwu Global Trade,200.43,577.18,1,3,2024-06-26,2024-06-29,376.75,False,6,2024
ORD02924,Home Decor,Home Decor,Mumbai,Yiwu Global Trade,135.67,304.38,13,4,2024-04-29,2024-05-03,2193.23,True,4,2024
ORD02925,Bluetooth Speakers,Bluetooth Speakers,Mumbai,Dragon Supply Co,799.55,1675.27,9,10,2023-09-26,2023-10-06,7881.48,False,9,2023
ORD02926,Home Decor,Home Decor,Pune,Dragon Supply Co,107.14,238.43,5,3,2023-11-02,2023-11-05,656.45,False,11,2023
ORD02927,Bluetooth Speakers,Bluetooth Speakers,Aurangabad,Shenzhen Traders,717.64,1575.55,5,5,2023-09-17,2023-09-22,4289.55,False,9,2023
ORD02928,LED Lights,LED Lights,Thane,Dragon Supply Co,251.78,367.75,4,1,2023-12-19,2023-12-20,463.88,True,12,2023
ORD02929,Mobile Accessories,Mobile Accessories,Mumbai,Yiwu Global Trade,155.99,351.52,12,1,2023-10-23,2023-10-24,2346.36,False,10,2023
ORD02930,Kitchen Gadgets,Kitchen Gadgets,Thane,Guangzhou Imports,242.05,435.53,8,0,2023-08-21,2023-08-21,1547.84,True,8,2023
ORD02931,Kitchen Gadgets,Kitchen Gadgets,Pune,Yiwu Global Trade,262.54,620.85,2,3,2023-04-12,2023-04-15,716.62,False,4,2023
ORD02932,Kitchen Gadgets,Kitchen Gadgets,Mumbai,Guangzhou Imports,277.8,779.62,11,0,2024-08-25,2024-08-25,5520.02,False,8,2024
ORD02933,Kitchen Gadgets,Kitchen Gadgets,Nagpur,Guangzhou Imports,255.21,681.86,1,8,2023-03-27,2023-04-04,426.65,False,3,2023
ORD02934,Kitchen Gadgets,Kitchen Gadgets,Thane,Guangzhou Imports,138.89,295.5,6,7,2023-03-01,2023-03-08,939.66,False,3,2023
ORD02935,Bluetooth Speakers,Bluetooth Speakers,Pune,Dragon Supply Co,814.14,1871.34,3,18,2024-07-13,2024-07-31,3171.6,False,7,2024
ORD02936,LED Lights,LED Lights,Mumbai,Shenzhen Traders,406.38,866.69,13,4,2023-06-14,2023-06-18,5984.03,False,6,2023
ORD02937,Smart Watches,Smart Watches,Thane,Guangzhou Imports,1375.72,3386.82,2,3,2023-10-19,2023-10-22,4022.2,False,10,2023
ORD02938,Mobile Accessories,Mobile Accessories,Mumbai,Yiwu Global Trade,246.22,443.74,16,3,2023-10-13,2023-10-16,3160.32,True,10,2023
ORD02939,Kitchen Gadgets,Kitchen Gadgets,Aurangabad,Guangzhou Imports,364.59,1022.88,4,2,2024-06-07,2024-06-09,2633.16,False,6,2024
ORD02940,Kitchen Gadgets,Kitchen Gadgets,Aurangabad,Guangzhou Imports,150.62,382.27,3,7,2023-07-07,2023-07-14,694.95,False,7,2023
ORD02941,LED Lights,LED Lights,Pune,Shenzhen Traders,272.42,595.2,6,3,2024-08-25,2024-08-28,1936.68,False,8,2024
ORD02942,Kitchen Gadgets,Kitchen Gadgets,Mumbai,Yiwu Global Trade,278.22,732.55,3,1,2023-03-12,2023-03-13,1362.99,False,3,2023
ORD02943,Bluetooth Speakers,Bluetooth Speakers,Mumbai,Shenzhen Traders,427.5,1094.45,1,4,2023-05-10,2023-05-14,666.95,False,5,2023
ORD02944,Kitchen Gadgets,Kitchen Gadgets,Pune,Yiwu Global Trade,330.9,957.45,2,2,2024-06-18,2024-06-20,1253.1,False,6,2024
ORD02945,Smart Watches,Smart Watches,Mumbai,Guangzhou Imports,801.67,2131.36,1,9,2024-06-10,2024-06-19,1329.69,False,6,2024
ORD02946,Smart Watches,Smart Watches,Pune,Guangzhou Imports,1610.26,3631.41,8,16,2023-11-04,2023-11-20,16169.2,False,11,2023
ORD02947,Mobile Accessories,Mobile Accessories,Thane,Guangzhou Imports,104.06,310.35,1,6,2023-11-21,2023-11-27,206.29,False,11,2023
ORD02948,LED Lights,LED Lights,Aurangabad,Shenzhen Traders,191.95,505.24,7,2,2024-05-16,2024-05-18,2193.03,False,5,2024
ORD02949,Home Decor,Home Decor,Pune,Dragon Supply Co,308.65,863.35,18,6,2023-10-11,2023-10-17,9984.6,False,10,2023
ORD02950,Mobile Accessories,Mobile Accessories,Thane,Yiwu Global Trade,159.9,327.58,6,3,2024-09-23,2024-09-26,1006.08,False,9,2024
ORD02951,Kitchen Gadgets,Kitchen Gadgets,Thane,Guangzhou Imports,350.22,576.6,8,6,2023-10-31,2023-11-06,1811.04,True,10,2023
ORD02952,Bluetooth Speakers,Bluetooth Speakers,Mumbai,Dragon Supply Co,494.0,766.58,13,8,2023-06-08,2023-06-16,3543.54,True,6,2023
ORD02953,Bluetooth Speakers,Bluetooth Speakers,Pune,Dragon Supply Co,863.68,2199.74,7,7,2023-08-23,2023-08-30,9352.42,False,8,2023
ORD02954,Smart Watches,Smart Watches,Pune,Shenzhen Traders,717.76,1637.32,4,4,2024-07-11,2024-07-15,3678.24,False,7,2024
ORD02955,Home Decor,Home Decor,Mumbai,Yiwu Global Trade,222.1,770.05,2,3,2023-02-16,2023-02-19,1095.9,False,2,2023
ORD02956,Bluetooth Speakers,Bluetooth Speakers,Aurangabad,Dragon Supply Co,711.32,1508.35,4,0,2024-06-07,2024-06-07,3188.12,False,6,2024
ORD02957,Home Decor,Home Decor,Nashik,Yiwu Global Trade,142.3,464.19,1,2,2023-01-06,2023-01-08,321.89,False,1,2023
ORD02958,LED Lights,LED Lights,Mumbai,Shenzhen Traders,187.88,389.08,11,6,2023-08-10,2023-08-16,2213.2,False,8,2023
ORD02959,Smart Watches,Smart Watches,Mumbai,Shenzhen Traders,1206.45,3287.38,1,0,2024-06-21,2024-06-21,2080.93,False,6,2024
ORD02960,Home Decor,Home Decor,Thane,Yiwu Global Trade,222.02,578.57,1,0,2024-09-20,2024-09-20,356.55,False,9,2024
ORD02961,Home Decor,Home Decor,Mumbai,Dragon Supply Co,238.55,772.11,1,10,2023-11-05,2023-11-15,533.56,False,11,2023
ORD02962,Bluetooth Speakers,Bluetooth Speakers,Thane,Dragon Supply Co,576.67,1148.76,1,8,2023-06-09,2023-06-17,572.09,False,6,2023
ORD02963,Bluetooth Speakers,Bluetooth Speakers,Pune,Dragon Supply Co,752.99,1936.34,2,0,2023-08-12,2023-08-12,2366.7,False,8,2023
ORD02964,Kitchen Gadgets,Kitchen Gadgets,Aurangabad,Yiwu Global Trade,172.57,410.68,3,3,2023-02-27,2023-03-02,714.33,False,2,2023
ORD02965,Mobile Accessories,Mobile Accessories,Mumbai,Guangzhou Imports,136.49,275.06,5,3,2024-12-23,2024-12-26,692.85,False,12,2024
ORD02966,Home Decor,Home Decor,Mumbai,Dragon Supply Co,132.13,371.12,6,6,2024-01-09,2024-01-15,1433.94,False,1,2024
ORD02967,Home Decor,Home Decor,Pune,Dragon Supply Co,210.52,704.34,2,9,2023-03-29,2023-04-07,987.64,False,3,2023
ORD02968,Mobile Accessories,Mobile Accessories,Nagpur,Yiwu Global Trade,148.96,325.06,1,1,2023-02-03,2023-02-04,176.1,False,2,2023
ORD02969,LED Lights,LED Lights,Pune,Dragon Supply Co,321.19,712.73,3,6,2023-07-18,2023-07-24,1174.62,False,7,2023
ORD02970,Smart Watches,Smart Watches,Aurangabad,Guangzhou Imports,1228.89,2995.7,2,8,2023-10-16,2023-10-24,3533.62,False,10,2023
ORD02971,Smart Watches,Smart Watches,Pune,Shenzhen Traders,1778.61,4848.85,2,0,2024-02-24,2024-02-24,6140.48,False,2,2024
ORD02972,Smart Watches,Smart Watches,Thane,Guangzhou Imports,1271.22,2015.23,20,5,2024-06-19,2024-06-24,14880.2,True,6,2024
ORD02973,Bluetooth Speakers,Bluetooth Speakers,Nashik,Shenzhen Traders,566.41,1254.2,1,3,2023-08-04,2023-08-07,687.79,False,8,2023
ORD02974,LED Lights,LED Lights,Aurangabad,Dragon Supply Co,218.27,559.77,2,12,2023-07-22,2023-08-03,683.0,False,7,2023
ORD02975,LED Lights,LED Lights,Nagpur,Shenzhen Traders,259.99,719.04,8,2,2023-07-17,2023-07-19,3672.4,False,7,2023
ORD02976,Bluetooth Speakers,Bluetooth Speakers,Nashik,Shenzhen Traders,716.35,1661.98,8,4,2024-11-26,2024-11-30,7565.04,False,11,2024
ORD02977,LED Lights,LED Lights,Aurangabad,Shenzhen Traders,291.05,729.81,9,1,2023-11-14,2023-11-15,3948.84,False,11,2023
ORD02978,Kitchen Gadgets,Kitchen Gadgets,Mumbai,Yiwu Global Trade,329.41,900.52,9,4,2024-01-08,2024-01-12,5139.99,False,1,2024
ORD02979,Bluetooth Speakers,Bluetooth Speakers,Nashik,Dragon Supply Co,447.43,1048.64,1,14,2023-09-02,2023-09-16,601.21,False,9,2023
ORD02980,Kitchen Gadgets,Kitchen Gadgets,Thane,Guangzhou Imports,201.93,591.24,1,6,2024-04-22,2024-04-28,389.31,False,4,2024
ORD02981,LED Lights,LED Lights,Aurangabad,Shenzhen Traders,394.31,1051.57,1,4,2024-12-06,2024-12-10,657.26,False,12,2024
ORD02982,Smart Watches,Smart Watches,Thane,Guangzhou Imports,718.45,1527.66,3,6,2023-09-11,2023-09-17,2427.63,False,9,2023
ORD02983,Home Decor,Home Decor,Mumbai,Yiwu Global Trade,115.53,286.4,1,2,2024-10-22,2024-10-24,170.87,False,10,2024
ORD02984,Mobile Accessories,Mobile Accessories,Aurangabad,Yiwu Global Trade,191.29,528.14,7,6,2024-10-18,2024-10-24,2357.95,False,10,2024
ORD02985,Home Decor,Home Decor,Mumbai,Dragon Supply Co,154.98,533.54,1,18,2024-04-06,2024-04-24,378.56,False,4,2024
ORD02986,Bluetooth Speakers,Bluetooth Speakers,Thane,Dragon Supply Co,605.03,1382.81,4,14,2023-02-15,2023-03-01,3111.12,False,2,2023
ORD02987,Home Decor,Home Decor,Nagpur,Dragon Supply Co,300.09,920.18,6,6,2024-07-11,2024-07-17,3720.54,False,7,2024
ORD02988,LED Lights,LED Lights,Aurangabad,Shenzhen Traders,249.08,666.92,5,4,2023-01-28,2023-02-01,2089.2,False,1,2023
ORD02989,Smart Watches,Smart Watches,Mumbai,Shenzhen Traders,1681.85,3523.16,1,3,2024-05-25,2024-05-28,1841.31,False,5,2024
ORD02990,Mobile Accessories,Mobile Accessories,Thane,Guangzhou Imports,152.83,383.46,1,3,2024-08-29,2024-09-01,230.63,False,8,2024
ORD02991,Smart Watches,Smart Watches,Mumbai,Shenzhen Traders,994.88,2477.99,7,3,2023-11-30,2023-12-03,10381.77,False,11,2023
ORD02992,Mobile Accessories,Mobile Accessories,Thane,Yiwu Global Trade,184.82,377.77,2,2,2023-01-16,2023-01-18,385.9,False,1,2023
ORD02993,Smart Watches,Smart Watches,Thane,Shenzhen Traders,1438.93,3269.79,6,1,2024-01-11,2024-01-12,10985.16,False,1,2024
ORD02994,Bluetooth Speakers,Bluetooth Speakers,Mumbai,Dragon Supply Co,574.16,1286.59,3,14,2023-11-16,2023-11-30,2137.29,False,11,2023
ORD02995,LED Lights,LED Lights,Pune,Shenzhen Traders,282.83,824.17,1,3,2024-02-22,2024-02-25,541.34,False,2,2024
ORD02996,LED Lights,LED Lights,Nagpur,Shenzhen Traders,352.11,872.35,3,5,2024-06-04,2024-06-09,1560.72,False,6,2024
ORD02997,Home Decor,Home Decor,Aurangabad,Yiwu Global Trade,205.22,636.74,4,3,2023-07-19,2023-07-22,1726.08,False,7,2023
ORD02998,Mobile Accessories,Mobile Accessories,Nagpur,Guangzhou Imports,129.13,337.48,2,5,2024-08-18,2024-08-23,416.7,False,8,2024
ORD02999,Smart Watches,Smart Watches,Mumbai,Shenzhen Traders,1101.53,2607.08,5,6,2024-07-13,2024-07-19,7527.75,False,7,2024
ORD03000,Mobile Accessories,Mobile Accessories,Pune,Yiwu Global Trade,117.05,314.4,1,4,2024-07-06,2024-07-10,197.35,False,7,2024
ORD03001,LED Lights,LED Lights,Mumbai,Dragon Supply Co,271.08,611.31,8,11,2024-07-15,2024-07-26,2721.84,False,7,2024
ORD03002,Mobile Accessories,Mobile Accessories,Mumbai,Yiwu Global Trade,171.33,352.47,1,3,2024-10-01,2024-10-04,181.14,False,10,2024
ORD03003,Mobile Accessories,Mobile Accessories,Mumbai,Guangzhou Imports,117.62,266.23,1,6,2023-04-05,2023-04-11,148.61,False,4,2023
ORD03004,LED Lights,LED Lights,Nagpur,Shenzhen Traders,334.36,967.09,4,4,2023-01-13,2023-01-17,2530.92,False,1,2023
ORD03005,LED Lights,LED Lights,Mumbai,Dragon Supply Co,332.93,985.16,1,14,2024-08-23,2024-09-06,652.23,False,8,2024
ORD03006,Bluetooth Speakers,Bluetooth Speakers,Mumbai,Shenzhen Traders,433.31,1097.14,7,4,2023-06-15,2023-06-19,4646.81,False,6,2023
ORD03007,Bluetooth Speakers,Bluetooth Speakers,Mumbai,Shenzhen Traders,424.84,1083.03,5,3,2023-03-28,2023-03-31,3290.95,False,3,2023
ORD03008,Home Decor,Home Decor,Aurangabad,Dragon Supply Co,302.41,844.78,3,13,2024-05-05,2024-05-18,1627.11,False,5,2024
ORD03009,Kitchen Gadgets,Kitchen Gadgets,Pune,Guangzhou Imports,267.05,605.53,1,9,2023-04-13,2023-04-22,338.48,False,4,2023
ORD03010,Home Decor,Home Decor,Pune,Dragon Supply Co,180.91,452.32,7,17,2023-09-11,2023-09-28,1899.87,False,9,2023
ORD03011,Bluetooth Speakers,Bluetooth Speakers,Thane,Dragon Supply Co,836.61,1672.4,7,15,2024-12-01,2024-12-16,5850.53,False,12,2024
ORD03012,Kitchen Gadgets,Kitchen Gadgets,Mumbai,Yiwu Global Trade,240.11,423.05,2,2,2023-08-16,2023-08-18,365.88,True,8,2023
ORD03013,Kitchen Gadgets,Kitchen Gadgets,Mumbai,Yiwu Global Trade,235.68,514.2,2,2,2024-04-27,2024-04-29,557.04,False,4,2024
ORD03014,Mobile Accessories,Mobile Accessories,Nashik,Guangzhou Imports,173.62,356.49,7,8,2023-06-28,2023-07-06,1280.09,False,6,2023
ORD03015,Mobile Accessories,Mobile Accessories,Nagpur,Guangzhou Imports,183.36,349.68,25,0,2023-12-17,2023-12-17,4158.0,True,12,2023
ORD03016,Kitchen Gadgets,Kitchen Gadgets,Nagpur,Yiwu Global Trade,356.56,980.72,1,3,2023-12-09,2023-12-12,624.16,False,12,2023
ORD03017,Kitchen Gadgets,Kitchen Gadgets,Pune,Yiwu Global Trade,320.93,819.28,6,1,2023-09-20,2023-09-21,2990.1,False,9,2023
ORD03018,Smart Watches,Smart Watches,Nagpur,Guangzhou Imports,743.79,1837.78,2,6,2024-05-16,2024-05-22,2187.98,False,5,2024
ORD03019,Home Decor,Home Decor,Nashik,Dragon Supply Co,198.2,432.2,3,9,2024-01-14,2024-01-23,702.0,True,1,2024
ORD03020,Kitchen Gadgets,Kitchen Gadgets,Nashik,Yiwu Global Trade,315.11,880.99,7,2,2023-05-05,2023-05-07,3961.16,False,5,2023
ORD03021,Bluetooth Speakers,Bluetooth Speakers,Mumbai,Dragon Supply Co,888.5,2066.7,7,5,2023-05-17,2023-05-22,8247.4,False,5,2023
ORD03022,Kitchen Gadgets,Kitchen Gadgets,Thane,Guangzhou Imports,328.96,772.56,4,6,2024-08-02,2024-08-08,1774.4,False,8,2024
ORD03023,Smart Watches,Smart Watches,Nashik,Shenzhen Traders,1794.74,3787.77,4,2,2023-11-17,2023-11-19,7972.12,False,11,2023
ORD03024,Bluetooth Speakers,Bluetooth Speakers,Mumbai,Dragon Supply Co,447.7,917.62,2,6,2024-05-06,2024-05-12,939.84,False,5,2024
ORD03025,Mobile Accessories,Mobile Accessories,Mumbai,Guangzhou Imports,240.74,453.27,6,9,2023-03-18,2023-03-27,1275.18,False,3,2023
ORD03026,Smart Watches,Smart Watches,Aurangabad,Guangzhou Imports,1403.06,3626.79,6,3,2023-08-05,2023-08-08,13342.38,False,8,2023
ORD03027,Kitchen Gadgets,Kitchen Gadgets,Mumbai,Yiwu Global Trade,373.22,1105.07,5,3,2024-08-08,2024-08-11,3659.25,False,8,2024
ORD03028,Home Decor,Home Decor,Nashik,Yiwu Global Trade,244.82,772.76,4,2,2024-01-08,2024-01-10,2111.76,False,1,2024
ORD03029,Mobile Accessories,Mobile Accessories,Nagpur,Guangzhou Imports,246.37,539.01,7,12,2024-11-21,2024-12-03,2048.48,False,11,2024
ORD03030,Mobile Accessories,Mobile Accessories,Thane,Guangzhou Imports,102.2,246.76,4,8,2023-11-15,2023-11-23,578.24,False,11,2023
ORD03031,Mobile Accessories,Mobile Accessories,Mumbai,Guangzhou Imports,202.03,375.37,20,6,2024-09-12,2024-09-18,3466.8,False,9,2024
ORD03032,Mobile Accessories,Mobile Accessories,Pune,Guangzhou Imports,230.68,546.72,5,8,2023-03-02,2023-03-10,1580.2,False,3,2023
ORD03033,LED Lights,LED Lights,Pune,Shenzhen Traders,370.33,826.14,5,1,2024-12-19,2024-12-20,2279.05,False,12,2024
ORD03034,Bluetooth Speakers,Bluetooth Speakers,Pune,Shenzhen Traders,846.7,1665.6,1,1,2024-06-15,2024-06-16,818.9,False,6,2024
ORD03035,Mobile Accessories,Mobile Accessories,Nashik,Guangzhou Imports,190.8,608.07,4,3,2023-03-10,2023-03-13,1669.08,False,3,2023
ORD03036,Home Decor,Home Decor,Pune,Yiwu Global Trade,176.97,529.24,5,1,2024-07-22,2024-07-23,1761.35,False,7,2024
ORD03037,Mobile Accessories,Mobile Accessories,Mumbai,Guangzhou Imports,213.48,463.07,2,2,2024-01-20,2024-01-22,499.18,False,1,2024
ORD03038,Home Decor,Home Decor,Mumbai,Dragon Supply Co,179.03,431.62,1,13,2024-07-16,2024-07-29,252.59,False,7,2024
ORD03039,Mobile Accessories,Mobile Accessories,Pune,Guangzhou Imports,82.38,154.73,2,0,2023-03-09,2023-03-09,144.7,False,3,2023
ORD03040,Smart Watches,Smart Watches,Thane,Guangzhou Imports,1693.52,4010.94,7,7,2023-07-15,2023-07-22,16221.94,False,7,2023
ORD03041,LED Lights,LED Lights,Mumbai,Dragon Supply Co,274.56,591.12,31,0,2023-03-03,2023-03-03,9813.36,False,3,2023
ORD03042,Bluetooth Speakers,Bluetooth Speakers,Pune,Shenzhen Traders,516.76,1085.64,2,2,2023-01-26,2023-01-28,1137.76,False,1,2023
ORD03043,Smart Watches,Smart Watches,Nashik,Guangzhou Imports,1157.12,2713.66,8,11,2024-06-14,2024-06-25,12452.32,False,6,2024
ORD03044,Home Decor,Home Decor,Nagpur,Dragon Supply Co,133.37,332.38,4,7,2024-04-08,2024-04-15,796.04,False,4,2024
ORD03045,LED Lights,LED Lights,Nagpur,Dragon Supply Co,270.46,663.6,8,6,2024-10-23,2024-10-29,3145.12,False,10,2024
ORD03046,Mobile Accessories,Mobile Accessories,Mumbai,Yiwu Global Trade,229.95,451.73,3,2,2023-09-21,2023-09-23,665.34,False,9,2023
ORD03047,Mobile Accessories,Mobile Accessories,Mumbai,Yiwu Global Trade,149.86,298.58,3,2,2023-10-01,2023-10-03,446.16,False,10,2023
ORD03048,Smart Watches,Smart Watches,Mumbai,Guangzhou Imports,824.0,2095.71,3,5,2023-01-26,2023-01-31,3815.13,False,1,2023
ORD03049,Home Decor,Home Decor,Nagpur,Yiwu Global Trade,203.39,708.25,13,4,2024-04-20,2024-04-24,6563.18,False,4,2024
ORD03050,Kitchen Gadgets,Kitchen Gadgets,Nashik,Yiwu Global Trade,361.88,807.99,1,3,2024-11-25,2024-11-28,446.11,False,11,2024
ORD03051,Smart Watches,Smart Watches,Nashik,Shenzhen Traders,1306.53,3010.52,2,5,2024-07-19,2024-07-24,3407.98,False,7,2024
ORD03052,Kitchen Gadgets,Kitchen Gadgets,Thane,Guangzhou Imports,350.71,963.8,1,6,2024-02-11,2024-02-17,613.09,False,2,2024
ORD03053,Smart Watches,Smart Watches,Aurangabad,Guangzhou Imports,864.66,1387.57,4,8,2024-08-21,2024-08-29,2091.64,True,8,2024
ORD03054,Kitchen Gadgets,Kitchen Gadgets,Mumbai,Yiwu Global Trade,187.79,428.55,5,3,2023-12-26,2023-12-29,1203.8,False,12,2023
ORD03055,Home Decor,Home Decor,Mumbai,Yiwu Global Trade,252.47,675.51,3,2,2024-12-06,2024-12-08,1269.12,False,12,2024
ORD03056,Bluetooth Speakers,Bluetooth Speakers,Mumbai,Shenzhen Traders,889.08,1855.47,11,5,2024-03-22,2024-03-27,10630.29,False,3,2024
ORD03057,Home Decor,Home Decor,Thane,Dragon Supply Co,219.65,559.92,3,10,2024-04-19,2024-04-29,1020.81,False,4,2024
ORD03058,Bluetooth Speakers,Bluetooth Speakers,Nagpur,Shenzhen Traders,842.2,2070.33,8,2,2024-10-25,2024-10-27,9825.04,False,10,2024
ORD03059,Home Decor,Home Decor,Aurangabad,Dragon Supply Co,172.91,434.33,3,14,2024-03-07,2024-03-21,784.26,False,3,2024
ORD03060,Bluetooth Speakers,Bluetooth Speakers,Pune,Shenzhen Traders,862.16,1996.98,6,5,2024-01-05,2024-01-10,6808.92,False,1,2024
ORD03061,LED Lights,LED Lights,Mumbai,Dragon Supply Co,247.29,514.14,3,7,2023-10-30,2023-11-06,800.55,False,10,2023
ORD03062,Smart Watches,Smart Watches,Nagpur,Shenzhen Traders,1694.5,4165.33,7,1,2023-01-05,2023-01-06,17295.81,False,1,2023
ORD03063,Kitchen Gadgets,Kitchen Gadgets,Pune,Guangzhou Imports,331.84,752.22,2,8,2024-06-16,2024-06-24,840.76,False,6,2024
ORD03064,Mobile Accessories,Mobile Accessories,Thane,Yiwu Global Trade,143.11,333.99,9,3,2024-04-13,2024-04-16,1717.92,False,4,2024
ORD03065,Bluetooth Speakers,Bluetooth Speakers,Mumbai,Dragon Supply Co,857.45,1637.29,18,9,2024-11-30,2024-12-09,14037.12,False,11,2024
ORD03066,Smart Watches,Smart Watches,Mumbai,Shenzhen Traders,1543.46,3813.58,5,6,2023-06-11,2023-06-17,11350.6,False,6,2023
ORD03067,Mobile Accessories,Mobile Accessories,Mumbai,Yiwu Global Trade,218.32,409.07,3,2,2023-12-17,2023-12-19,572.25,False,12,2023
ORD03068,Smart Watches,Smart Watches,Mumbai,Shenzhen Traders,1681.85,4629.74,14,4,2024-05-28,2024-06-01,41270.46,False,5,2024
ORD03069,Smart Watches,Smart Watches,Thane,Guangzhou Imports,895.51,2371.02,9,8,2023-12-31,2024-01-08,13279.59,False,12,2023
ORD03070,Bluetooth Speakers,Bluetooth Speakers,Nashik,Dragon Supply Co,601.84,1187.42,5,4,2023-09-04,2023-09-08,2927.9,False,9,2023
ORD03071,LED Lights,LED Lights,Nagpur,Shenzhen Traders,344.7,731.45,4,0,2023-09-25,2023-09-25,1547.0,False,9,2023
ORD03072,Smart Watches,Smart Watches,Mumbai,Shenzhen Traders,788.28,1808.86,3,3,2023-03-03,2023-03-06,3061.74,False,3,2023
ORD03073,LED Lights,LED Lights,Pune,Dragon Supply Co,230.19,648.13,5,6,2024-10-09,2024-10-15,2089.7,False,10,2024
ORD03074,Home Decor,Home Decor,Pune,Yiwu Global Trade,298.34,965.66,5,1,2024-04-22,2024-04-23,3336.6,False,4,2024
ORD03075,Home Decor,Home Decor,Mumbai,Dragon Supply Co,204.36,620.37,2,8,2023-06-09,2023-06-17,832.02,False,6,2023
ORD03076,Home Decor,Home Decor,Nashik,Yiwu Global Trade,184.51,487.82,5,3,2024-03-18,2024-03-21,1516.55,False,3,2024
ORD03077,Mobile Accessories,Mobile Accessories,Thane,Guangzhou Imports,158.68,314.96,14,8,2024-07-20,2024-07-28,2187.92,False,7,2024
ORD03078,Home Decor,Home Decor,Pune,Dragon Supply Co,134.85,297.27,2,4,2024-03-05,2024-03-09,324.84,False,3,2024
ORD03079,LED Lights,LED Lights,Thane,Shenzhen Traders,331.03,780.27,4,3,2023-06-23,2023-06-26,1796.96,False,6,2023
ORD03080,Bluetooth Speakers,Bluetooth Speakers,Mumbai,Dragon Supply Co,864.83,1840.22,5,16,2023-10-31,2023-11-16,4876.95,False,10,2023
ORD03081,LED Lights,LED Lights,Mumbai,Shenzhen Traders,216.48,618.34,15,8,2024-02-06,2024-02-14,6027.9,False,2,2024
ORD03082,Mobile Accessories,Mobile Accessories,Pune,Guangzhou Imports,134.36,366.48,1,8,2024-01-05,2024-01-13,232.12,False,1,2024
ORD03083,LED Lights,LED Lights,Mumbai,Dragon Supply Co,252.27,748.65,3,3,2023-04-12,2023-04-15,1489.14,False,4,2023
ORD03084,LED Lights,LED Lights,Thane,Shenzhen Traders,306.98,806.6,8,0,2023-05-05,2023-05-05,3996.96,False,5,2023
ORD03085,Mobile Accessories,Mobile Accessories,Mumbai,Guangzhou Imports,113.68,303.69,7,7,2023-08-24,2023-08-31,1330.07,False,8,2023
ORD03086,Mobile Accessories,Mobile Accessories,Mumbai,Yiwu Global Trade,202.54,534.97,14,4,2024-09-28,2024-10-02,4654.02,False,9,2024
ORD03087,Home Decor,Home Decor,Thane,Dragon Supply Co,169.11,530.14,2,10,2023-09-18,2023-09-28,722.06,False,9,2023
ORD03088,Smart Watches,Smart Watches,Thane,Shenzhen Traders,820.61,1740.2,5,0,2024-03-29,2024-03-29,4597.95,False,3,2024
ORD03089,Bluetooth Speakers,Bluetooth Speakers,Nashik,Dragon Supply Co,454.56,1029.83,2,8,2023-10-02,2023-10-10,1150.54,False,10,2023
ORD03090,LED Lights,LED Lights,Pune,Dragon Supply Co,293.68,791.02,8,1,2023-02-11,2023-02-12,3978.72,False,2,2023
ORD03091,Mobile Accessories,Mobile Accessories,Mumbai,Yiwu Global Trade,118.53,284.18,2,2,2023-04-17,2023-04-19,331.3,False,4,2023
ORD03092,LED Lights,LED Lights,Pune,Dragon Supply Co,397.78,1014.83,1,5,2023-01-24,2023-01-29,617.05,False,1,2023
ORD03093,Kitchen Gadgets,Kitchen Gadgets,Pune,Yiwu Global Trade,249.44,739.25,4,4,2024-05-05,2024-05-09,1959.24,False,5,2024
ORD03094,Mobile Accessories,Mobile Accessories,Pune,Guangzhou Imports,96.77,240.76,15,12,2023-11-03,2023-11-15,2159.85,False,11,2023
ORD03095,LED Lights,LED Lights,Nagpur,Dragon Supply Co,408.52,1217.59,3,4,2024-05-29,2024-06-02,2427.21,False,5,2024
ORD03096,Kitchen Gadgets,Kitchen Gadgets,Nashik,Yiwu Global Trade,370.55,942.57,5,2,2023-07-28,2023-07-30,2860.1,False,7,2023
ORD03097,Home Decor,Home Decor,Thane,Dragon Supply Co,265.27,767.79,8,12,2024-10-10,2024-10-22,4020.16,False,10,2024
ORD03098,Bluetooth Speakers,Bluetooth Speakers,Mumbai,Shenzhen Traders,593.44,1236.65,16,7,2023-12-17,2023-12-24,10291.36,False,12,2023
ORD03099,Mobile Accessories,Mobile Accessories,Mumbai,Guangzhou Imports,107.44,210.35,11,0,2024-02-02,2024-02-02,1132.01,True,2,2024
ORD03100,LED Lights,LED Lights,Mumbai,Dragon Supply Co,216.95,555.44,3,10,2024-09-13,2024-09-23,1015.47,False,9,2024
ORD03101,Home Decor,Home Decor,Nashik,Yiwu Global Trade,242.95,750.94,11,1,2024-01-17,2024-01-18,5587.89,False,1,2024
ORD03102,Mobile Accessories,Mobile Accessories,Pune,Yiwu Global Trade,144.09,424.99,12,2,2024-06-05,2024-06-07,3370.8,False,6,2024
ORD03103,Smart Watches,Smart Watches,Pune,Shenzhen Traders,706.71,1633.69,1,6,2024-02-01,2024-02-07,926.98,False,2,2024
ORD03104,Home Decor,Home Decor,Thane,Dragon Supply Co,146.27,339.07,3,17,2024-06-19,2024-07-06,578.4,True,6,2024
ORD03105,LED Lights,LED Lights,Pune,Dragon Supply Co,370.32,842.77,7,11,2023-06-17,2023-06-28,3307.15,False,6,2023
ORD03106,LED Lights,LED Lights,Nashik,Dragon Supply Co,234.99,601.31,4,20,2023-07-15,2023-08-04,1465.28,False,7,2023
ORD03107,LED Lights,LED Lights,Mumbai,Dragon Supply Co,393.23,814.67,5,26,2024-11-24,2024-12-20,2107.2,False,11,2024
ORD03108,Mobile Accessories,Mobile Accessories,Nashik,Yiwu Global Trade,166.48,366.51,2,3,2023-09-13,2023-09-16,400.06,False,9,2023
ORD03109,Kitchen Gadgets,Kitchen Gadgets,Nashik,Guangzhou Imports,220.39,525.07,3,11,2024-02-13,2024-02-24,914.04,False,2,2024
ORD03110,Bluetooth Speakers,Bluetooth Speakers,Pune,Dragon Supply Co,488.28,952.59,1,7,2024-09-10,2024-09-17,464.31,False,9,2024
ORD03111,Home Decor,Home Decor,Pune,Yiwu Global Trade,188.47,591.13,1,2,2024-01-15,2024-01-17,402.66,False,1,2024
ORD03112,Kitchen Gadgets,Kitchen Gadgets,Pune,Guangzhou Imports,190.62,498.02,7,5,2023-12-08,2023-12-13,2151.8,False,12,2023
ORD03113,Kitchen Gadgets,Kitchen Gadgets,Nagpur,Guangzhou Imports,175.0,418.06,1,5,2023-08-02,2023-08-07,243.06,False,8,2023
ORD03114,Smart Watches,Smart Watches,Mumbai,Shenzhen Traders,1573.94,2918.52,3,0,2024-09-28,2024-09-28,4033.74,True,9,2024
ORD03115,Mobile Accessories,Mobile Accessories,Aurangabad,Yiwu Global Trade,193.33,367.24,2,3,2024-06-09,2024-06-12,347.82,False,6,2024
ORD03116,Bluetooth Speakers,Bluetooth Speakers,Mumbai,Dragon Supply Co,713.9,1001.85,11,6,2024-04-23,2024-04-29,3167.45,True,4,2024
ORD03117,Mobile Accessories,Mobile Accessories,Thane,Guangzhou Imports,153.1,478.48,7,3,2024-03-06,2024-03-09,2277.66,False,3,2024
ORD03118,Kitchen Gadgets,Kitchen Gadgets,Pune,Guangzhou Imports,267.26,687.1,6,9,2024-06-22,2024-07-01,2519.04,False,6,2024
ORD03119,Mobile Accessories,Mobile Accessories,Pune,Yiwu Global Trade,162.26,310.22,2,2,2024-04-30,2024-05-02,295.92,False,4,2024
ORD03120,Mobile Accessories,Mobile Accessories,Pune,Guangzhou Imports,146.2,419.67,1,10,2024-04-07,2024-04-17,273.47,False,4,2024
ORD03121,Smart Watches,Smart Watches,Nagpur,Guangzhou Imports,1133.41,2481.92,7,7,2023-05-08,2023-05-15,9439.57,False,5,2023
ORD03122,Mobile Accessories,Mobile Accessories,Mumbai,Yiwu Global Trade,182.45,489.32,2,3,2024-05-20,2024-05-23,613.74,False,5,2024
ORD03123,Smart Watches,Smart Watches,Mumbai,Shenzhen Traders,1239.37,3197.66,4,1,2024-08-06,2024-08-07,7833.16,False,8,2024
ORD03124,Smart Watches,Smart Watches,Mumbai,Shenzhen Traders,816.44,1736.43,2,7,2024-07-21,2024-07-28,1839.98,False,7,2024
ORD03125,Smart Watches,Smart Watches,Thane,Shenzhen Traders,1209.23,2784.26,4,5,2024-07-13,2024-07-18,6300.12,False,7,2024
ORD03126,Kitchen Gadgets,Kitchen Gadgets,Thane,Guangzhou Imports,193.86,285.82,1,5,2023-11-14,2023-11-19,91.96,True,11,2023
ORD03127,Mobile Accessories,Mobile Accessories,Aurangabad,Yiwu Global Trade,158.93,354.2,8,4,2023-01-10,2023-01-14,1562.16,False,1,2023
ORD03128,Bluetooth Speakers,Bluetooth Speakers,Pune,Shenzhen Traders,664.82,1539.16,3,7,2024-07-21,2024-07-28,2623.02,False,7,2024
ORD03129,LED Lights,LED Lights,Thane,Dragon Supply Co,272.56,639.85,3,17,2023-04-24,2023-05-11,1101.87,False,4,2023
ORD03130,LED Lights,LED Lights,Thane,Dragon Supply Co,187.93,452.29,4,20,2023-10-04,2023-10-24,1057.44,False,10,2023
ORD03131,Home Decor,Home Decor,Pune,Yiwu Global Trade,98.66,311.85,10,3,2024-05-16,2024-05-19,2131.9,False,5,2024
ORD03132,Kitchen Gadgets,Kitchen Gadgets,Nagpur,Guangzhou Imports,370.35,924.85,1,6,2023-10-31,2023-11-06,554.5,False,10,2023
ORD03133,Home Decor,Home Decor,Mumbai,Dragon Supply Co,250.07,622.56,10,4,2024-07-01,2024-07-05,3724.9,False,7,2024
ORD03134,Home Decor,Home Decor,Nagpur,Dragon Supply Co,255.37,621.32,6,2,2023-09-05,2023-09-07,2195.7,False,9,2023
ORD03135,Mobile Accessories,Mobile Accessories,Pune,Guangzhou Imports,194.65,466.61,6,9,2023-04-06,2023-04-15,1631.76,False,4,2023
ORD03136,LED Lights,LED Lights,Nagpur,Dragon Supply Co,399.88,1047.99,2,8,2023-09-20,2023-09-28,1296.22,False,9,2023
ORD03137,Kitchen Gadgets,Kitchen Gadgets,Nagpur,Guangzhou Imports,210.66,495.79,2,7,2024-10-01,2024-10-08,570.26,False,10,2024
ORD03138,Mobile Accessories,Mobile Accessories,Aurangabad,Yiwu Global Trade,208.13,629.49,4,4,2023-06-29,2023-07-03,1685.44,False,6,2023
ORD03139,Smart Watches,Smart Watches,Pune,Shenzhen Traders,946.01,1947.26,7,6,2023-08-23,2023-08-29,7008.75,False,8,2023
ORD03140,Kitchen Gadgets,Kitchen Gadgets,Pune,Yiwu Global Trade,361.28,950.23,2,1,2024-06-22,2024-06-23,1177.9,False,6,2024
ORD03141,Mobile Accessories,Mobile Accessories,Mumbai,Yiwu Global Trade,156.65,331.63,11,1,2023-04-01,2023-04-02,1924.78,False,4,2023
ORD03142,Bluetooth Speakers,Bluetooth Speakers,Mumbai,Shenzhen Traders,767.49,1907.78,1,7,2023-08-07,2023-08-14,1140.29,False,8,2023
ORD03143,Mobile Accessories,Mobile Accessories,Mumbai,Guangzhou Imports,180.86,452.28,11,2,2024-08-04,2024-08-06,2985.62,False,8,2024
ORD03144,Home Decor,Home Decor,Nashik,Dragon Supply Co,140.26,413.53,3,1,2024-02-21,2024-02-22,819.81,False,2,2024
ORD03145,Home Decor,Home Decor,Mumbai,Dragon Supply Co,126.27,436.58,1,16,2023-10-12,2023-10-28,310.31,False,10,2023
ORD03146,Kitchen Gadgets,Kitchen Gadgets,Mumbai,Guangzhou Imports,299.73,660.49,19,3,2024-03-19,2024-03-22,6854.44,False,3,2024
ORD03147,LED Lights,LED Lights,Pune,Dragon Supply Co,395.82,996.9,3,11,2023-03-11,2023-03-22,1803.24,False,3,2023
ORD03148,Home Decor,Home Decor,Pune,Dragon Supply Co,198.7,588.41,3,18,2024-08-23,2024-09-10,1169.13,False,8,2024
ORD03149,Mobile Accessories,Mobile Accessories,Mumbai,Guangzhou Imports,87.29,191.11,1,7,2023-05-11,2023-05-18,103.82,False,5,2023
ORD03150,Smart Watches,Smart Watches,Thane,Guangzhou Imports,820.64,2042.37,3,8,2023-05-24,2023-06-01,3665.19,False,5,2023
ORD03151,LED Lights,LED Lights,Thane,Shenzhen Traders,389.91,821.4,2,3,2024-04-03,2024-04-06,862.98,False,4,2024
ORD03152,Mobile Accessories,Mobile Accessories,Pune,Yiwu Global Trade,146.89,337.66,5,3,2023-06-05,2023-06-08,953.85,False,6,2023
ORD03153,Bluetooth Speakers,Bluetooth Speakers,Pune,Dragon Supply Co,535.56,1271.57,1,11,2024-11-29,2024-12-10,736.01,False,11,2024
ORD03154,LED Lights,LED Lights,Aurangabad,Dragon Supply Co,198.93,511.98,5,13,2024-12-23,2025-01-05,1565.25,False,12,2024
ORD03155,LED Lights,LED Lights,Nashik,Dragon Supply Co,312.61,684.35,1,6,2024-10-25,2024-10-31,371.74,False,10,2024
ORD03156,Bluetooth Speakers,Bluetooth Speakers,Mumbai,Shenzhen Traders,389.86,995.77,5,5,2023-04-16,2023-04-21,3029.55,False,4,2023
ORD03157,LED Lights,LED Lights,Mumbai,Shenzhen Traders,224.06,633.82,9,3,2024-11-18,2024-11-21,3687.84,False,11,2024
ORD03158,Home Decor,Home Decor,Mumbai,Yiwu Global Trade,147.19,383.14,6,4,2023-02-12,2023-02-16,1415.7,False,2,2023
ORD03159,Smart Watches,Smart Watches,Mumbai,Guangzhou Imports,773.95,1734.43,1,4,2023-07-29,2023-08-02,960.48,False,7,2023
ORD03160,Home Decor,Home Decor,Pune,Dragon Supply Co,249.42,808.44,10,9,2024-06-02,2024-06-11,5590.2,False,6,2024
ORD03161,Kitchen Gadgets,Kitchen Gadgets,Mumbai,Yiwu Global Trade,325.78,973.99,6,2,2023-03-08,2023-03-10,3889.26,False,3,2023
ORD03162,Home Decor,Home Decor,Nagpur,Yiwu Global Trade,154.53,491.29,6,2,2024-09-04,2024-09-06,2020.56,False,9,2024
ORD03163,Mobile Accessories,Mobile Accessories,Nagpur,Guangzhou Imports,245.29,591.99,8,5,2024-11-27,2024-12-02,2773.6,False,11,2024
ORD03164,Bluetooth Speakers,Bluetooth Speakers,Mumbai,Shenzhen Traders,370.65,758.16,3,3,2023-03-29,2023-04-01,1162.53,False,3,2023
ORD03165,Mobile Accessories,Mobile Accessories,Nagpur,Guangzhou Imports,214.53,347.38,7,7,2024-12-23,2024-12-30,929.95,True,12,2024
ORD03166,Mobile Accessories,Mobile Accessories,Pune,Yiwu Global Trade,137.52,333.88,2,1,2023-03-22,2023-03-23,392.72,False,3,2023
ORD03167,Mobile Accessories,Mobile Accessories,Mumbai,Guangzhou Imports,168.45,339.37,3,6,2024-03-08,2024-03-14,512.76,False,3,2024
ORD03168,LED Lights,LED Lights,Mumbai,Shenzhen Traders,259.25,667.21,7,0,2023-11-05,2023-11-05,2855.72,False,11,2023
ORD03169,Mobile Accessories,Mobile Accessories,Mumbai,Guangzhou Imports,117.31,252.81,1,9,2024-04-04,2024-04-13,135.5,False,4,2024
ORD03170,LED Lights,LED Lights,Nashik,Shenzhen Traders,282.67,694.32,4,5,2024-10-08,2024-10-13,1646.6,False,10,2024
ORD03171,LED Lights,LED Lights,Thane,Dragon Supply Co,214.08,530.57,5,6,2024-04-21,2024-04-27,1582.45,False,4,2024
ORD03172,Smart Watches,Smart Watches,Thane,Shenzhen Traders,715.17,1589.39,4,4,2024-10-07,2024-10-11,3496.88,False,10,2024
ORD03173,LED Lights,LED Lights,Aurangabad,Shenzhen Traders,221.53,494.2,1,0,2023-05-13,2023-05-13,272.67,False,5,2023
ORD03174,Smart Watches,Smart Watches,Mumbai,Guangzhou Imports,683.4,1514.88,15,10,2023-09-26,2023-10-06,12472.2,False,9,2023
ORD03175,Mobile Accessories,Mobile Accessories,Mumbai,Guangzhou Imports,130.32,247.0,3,5,2023-11-12,2023-11-17,350.04,False,11,2023
ORD03176,Kitchen Gadgets,Kitchen Gadgets,Mumbai,Yiwu Global Trade,306.6,908.1,9,4,2024-01-24,2024-01-28,5413.5,False,1,2024
ORD03177,Mobile Accessories,Mobile Accessories,Mumbai,Yiwu Global Trade,143.46,346.47,6,1,2024-03-02,2024-03-03,1218.06,False,3,2024
ORD03178,Bluetooth Speakers,Bluetooth Speakers,Nashik,Shenzhen Traders,650.56,1568.34,8,1,2023-12-08,2023-12-09,7342.24,False,12,2023
ORD03179,Bluetooth Speakers,Bluetooth Speakers,Pune,Shenzhen Traders,493.25,973.73,1,3,2023-10-31,2023-11-03,480.48,False,10,2023
ORD03180,Kitchen Gadgets,Kitchen Gadgets,Thane,Yiwu Global Trade,133.01,322.39,1,1,2023-01-06,2023-01-07,189.38,False,1,2023
ORD03181,Kitchen Gadgets,Kitchen Gadgets,Mumbai,Guangzhou Imports,296.19,789.65,27,6,2023-10-06,2023-10-12,13323.42,False,10,2023
ORD03182,LED Lights,LED Lights,Mumbai,Shenzhen Traders,323.71,907.25,7,3,2023-06-09,2023-06-12,4084.78,False,6,2023
ORD03183,Home Decor,Home Decor,Pune,Dragon Supply Co,264.4,678.52,1,10,2023-06-30,2023-07-10,414.12,False,6,2023
ORD03184,Kitchen Gadgets,Kitchen Gadgets,Aurangabad,Yiwu Global Trade,246.22,656.05,1,3,2023-08-02,2023-08-05,409.83,False,8,2023
ORD03185,LED Lights,LED Lights,Mumbai,Shenzhen Traders,200.29,596.73,2,4,2023-04-01,2023-04-05,792.88,False,4,2023
ORD03186,Bluetooth Speakers,Bluetooth Speakers,Mumbai,Dragon Supply Co,540.66,1287.77,11,6,2023-01-31,2023-02-06,8218.21,False,1,2023
ORD03187,Home Decor,Home Decor,Nashik,Yiwu Global Trade,294.9,993.36,20,3,2024-08-15,2024-08-18,13969.2,False,8,2024
ORD03188,LED Lights,LED Lights,Mumbai,Dragon Supply Co,188.65,496.01,8,6,2024-07-01,2024-07-07,2458.88,False,7,2024
ORD03189,Mobile Accessories,Mobile Accessories,Mumbai,Yiwu Global Trade,245.18,653.2,5,3,2023-11-20,2023-11-23,2040.1,False,11,2023
ORD03190,Mobile Accessories,Mobile Accessories,Nashik,Yiwu Global Trade,232.56,454.22,14,2,2023-10-28,2023-10-30,3103.24,False,10,2023
ORD03191,Mobile Accessories,Mobile Accessories,Thane,Guangzhou Imports,240.71,685.5,8,9,2024-05-23,2024-06-01,3558.32,False,5,2024
ORD03192,Kitchen Gadgets,Kitchen Gadgets,Mumbai,Guangzhou Imports,125.58,360.6,1,3,2024-03-21,2024-03-24,235.02,False,3,2024
ORD03193,LED Lights,LED Lights,Mumbai,Dragon Supply Co,342.99,920.96,5,3,2023-08-18,2023-08-21,2889.85,False,8,2023
ORD03194,Home Decor,Home Decor,Thane,Dragon Supply Co,134.24,329.41,2,17,2023-03-06,2023-03-23,390.34,False,3,2023
ORD03195,Home Decor,Home Decor,Mumbai,Yiwu Global Trade,156.68,406.22,9,2,2023-10-28,2023-10-30,2245.86,False,10,2023
ORD03196,LED Lights,LED Lights,Pune,Dragon Supply Co,304.46,763.76,9,11,2023-11-25,2023-12-06,4133.7,False,11,2023
ORD03197,Smart Watches,Smart Watches,Mumbai,Shenzhen Traders,673.93,1437.47,1,4,2023-06-12,2023-06-16,763.54,False,6,2023
ORD03198,Kitchen Gadgets,Kitchen Gadgets,Thane,Guangzhou Imports,297.93,644.79,2,0,2024-05-25,2024-05-25,693.72,False,5,2024
ORD03199,Smart Watches,Smart Watches,Thane,Shenzhen Traders,1165.42,2570.8,2,4,2023-08-27,2023-08-31,2810.76,False,8,2023
ORD03200,Mobile Accessories,Mobile Accessories,Pune,Yiwu Global Trade,191.85,388.29,4,1,2024-03-28,2024-03-29,785.76,False,3,2024
ORD03201,Home Decor,Home Decor,Pune,Dragon Supply Co,151.64,422.78,1,20,2024-01-21,2024-02-10,271.14,False,1,2024
ORD03202,Smart Watches,Smart Watches,Mumbai,Shenzhen Traders,1062.5,2255.57,18,2,2024-08-16,2024-08-18,21475.26,False,8,2024
ORD03203,Bluetooth Speakers,Bluetooth Speakers,Nagpur,Shenzhen Traders,427.97,695.98,4,2,2023-01-12,2023-01-14,1072.04,True,1,2023
ORD03204,Smart Watches,Smart Watches,Mumbai,Shenzhen Traders,978.71,2013.27,7,4,2024-11-13,2024-11-17,7241.92,False,11,2024
ORD03205,Bluetooth Speakers,Bluetooth Speakers,Mumbai,Dragon Supply Co,675.28,1432.31,6,3,2023-03-23,2023-03-26,4542.18,False,3,2023
ORD03206,Kitchen Gadgets,Kitchen Gadgets,Mumbai,Guangzhou Imports,183.53,495.81,6,7,2024-06-05,2024-06-12,1873.68,False,6,2024
ORD03207,Home Decor,Home Decor,Mumbai,Dragon Supply Co,233.16,602.87,1,8,2024-04-09,2024-04-17,369.71,False,4,2024
ORD03208,Mobile Accessories,Mobile Accessories,Pune,Guangzhou Imports,92.92,253.54,13,0,2024-07-12,2024-07-12,2088.06,False,7,2024
ORD03209,LED Lights,LED Lights,Mumbai,Dragon Supply Co,229.14,482.79,2,6,2023-04-01,2023-04-07,507.3,False,4,2023
ORD03210,LED Lights,LED Lights,Mumbai,Shenzhen Traders,308.26,878.85,1,0,2024-07-09,2024-07-09,570.59,False,7,2024
ORD03211,Mobile Accessories,Mobile Accessories,Thane,Guangzhou Imports,94.23,281.81,2,4,2023-12-23,2023-12-27,375.16,False,12,2023
ORD03212,Mobile Accessories,Mobile Accessories,Pune,Guangzhou Imports,130.33,355.52,3,4,2023-03-16,2023-03-20,675.57,False,3,2023
ORD03213,Home Decor,Home Decor,Nagpur,Dragon Supply Co,290.04,842.99,4,13,2024-01-06,2024-01-19,2211.8,False,1,2024
ORD03214,Bluetooth Speakers,Bluetooth Speakers,Thane,Shenzhen Traders,407.19,939.79,5,7,2023-10-31,2023-11-07,2663.0,False,10,2023
ORD03215,Smart Watches,Smart Watches,Pune,Shenzhen Traders,1787.15,4646.7,2,3,2023-06-13,2023-06-16,5719.1,False,6,2023
ORD03216,Home Decor,Home Decor,Mumbai,Yiwu Global Trade,179.3,527.33,1,0,2024-12-22,2024-12-22,348.03,False,12,2024
ORD03217,Bluetooth Speakers,Bluetooth Speakers,Nagpur,Shenzhen Traders,614.24,1524.75,1,3,2024-01-24,2024-01-27,910.51,False,1,2024
ORD03218,Home Decor,Home Decor,Nagpur,Dragon Supply Co,154.81,515.72,1,6,2024-06-14,2024-06-20,360.91,False,6,2024
ORD03219,Home Decor,Home Decor,Nagpur,Yiwu Global Trade,256.57,637.07,6,4,2024-04-19,2024-04-23,2283.0,False,4,2024
ORD03220,LED Lights,LED Lights,Nashik,Shenzhen Traders,284.67,610.57,5,6,2023-04-03,2023-04-09,1629.5,False,4,2023
ORD03221,Mobile Accessories,Mobile Accessories,Pune,Guangzhou Imports,90.87,199.74,3,8,2024-04-12,2024-04-20,326.61,False,4,2024
ORD03222,Kitchen Gadgets,Kitchen Gadgets,Thane,Yiwu Global Trade,149.32,412.04,8,4,2024-08-13,2024-08-17,2101.76,False,8,2024
ORD03223,Kitchen Gadgets,Kitchen Gadgets,Mumbai,Yiwu Global Trade,344.3,861.39,2,4,2023-06-08,2023-06-12,1034.18,False,6,2023
ORD03224,Bluetooth Speakers,Bluetooth Speakers,Nagpur,Shenzhen Traders,639.77,1507.41,4,5,2024-04-18,2024-04-23,3470.56,False,4,2024
ORD03225,Mobile Accessories,Mobile Accessories,Nashik,Guangzhou Imports,83.38,175.69,8,0,2024-04-18,2024-04-18,738.48,False,4,2024
ORD03226,Bluetooth Speakers,Bluetooth Speakers,Nashik,Dragon Supply Co,759.82,1273.5,1,8,2024-06-06,2024-06-14,513.68,True,6,2024
ORD03227,Smart Watches,Smart Watches,Nashik,Shenzhen Traders,1270.13,2736.77,1,0,2023-03-06,2023-03-06,1466.64,False,3,2023
ORD03228,LED Lights,LED Lights,Pune,Shenzhen Traders,191.14,537.03,1,1,2023-05-26,2023-05-27,345.89,False,5,2023
ORD03229,Kitchen Gadgets,Kitchen Gadgets,Nagpur,Yiwu Global Trade,120.5,291.58,1,2,2023-10-13,2023-10-15,171.08,False,10,2023
ORD03230,Bluetooth Speakers,Bluetooth Speakers,Nashik,Dragon Supply Co,660.51,1076.38,2,4,2023-05-14,2023-05-18,831.74,True,5,2023
ORD03231,Bluetooth Speakers,Bluetooth Speakers,Mumbai,Shenzhen Traders,601.56,1326.62,1,3,2023-06-20,2023-06-23,725.06,False,6,2023
ORD03232,Mobile Accessories,Mobile Accessories,Thane,Guangzhou Imports,248.8,519.88,7,2,2024-02-12,2024-02-14,1897.56,False,2,2024
ORD03233,Kitchen Gadgets,Kitchen Gadgets,Nashik,Guangzhou Imports,349.52,798.12,3,8,2023-03-15,2023-03-23,1345.8,False,3,2023
ORD03234,Bluetooth Speakers,Bluetooth Speakers,Pune,Dragon Supply Co,699.25,1760.91,1,4,2023-08-25,2023-08-29,1061.66,False,8,2023
ORD03235,Bluetooth Speakers,Bluetooth Speakers,Pune,Dragon Supply Co,407.62,898.33,4,2,2023-10-13,2023-10-15,1962.84,False,10,2023
ORD03236,LED Lights,LED Lights,Aurangabad,Shenzhen Traders,225.57,600.88,14,2,2024-10-14,2024-10-16,5254.34,False,10,2024
ORD03237,Mobile Accessories,Mobile Accessories,Nashik,Guangzhou Imports,105.9,290.4,6,9,2023-07-15,2023-07-24,1107.0,False,7,2023
ORD03238,Home Decor,Home Decor,Pune,Yiwu Global Trade,132.97,419.96,2,3,2024-07-16,2024-07-19,573.98,False,7,2024
ORD03239,LED Lights,LED Lights,Pune,Dragon Supply Co,405.09,1108.44,8,3,2024-11-09,2024-11-12,5626.8,False,11,2024
ORD03240,Bluetooth Speakers,Bluetooth Speakers,Pune,Shenzhen Traders,402.23,776.47,1,5,2024-01-10,2024-01-15,374.24,False,1,2024
ORD03241,Home Decor,Home Decor,Thane,Dragon Supply Co,128.42,388.5,8,3,2023-07-12,2023-07-15,2080.64,False,7,2023
ORD03242,Kitchen Gadgets,Kitchen Gadgets,Thane,Yiwu Global Trade,331.44,769.81,11,4,2024-09-24,2024-09-28,4822.07,False,9,2024
ORD03243,Mobile Accessories,Mobile Accessories,Nagpur,Yiwu Global Trade,242.61,476.36,3,2,2024-01-15,2024-01-17,701.25,False,1,2024
ORD03244,Home Decor,Home Decor,Pune,Yiwu Global Trade,226.49,668.92,2,2,2024-06-08,2024-06-10,884.86,False,6,2024
ORD03245,Mobile Accessories,Mobile Accessories,Pune,Yiwu Global Trade,164.57,325.81,2,3,2024-02-20,2024-02-23,322.48,True,2,2024
ORD03246,Home Decor,Home Decor,Nashik,Yiwu Global Trade,176.68,548.54,21,3,2024-01-14,2024-01-17,7809.06,False,1,2024
ORD03247,Kitchen Gadgets,Kitchen Gadgets,Thane,Guangzhou Imports,279.03,674.84,5,6,2023-03-05,2023-03-11,1979.05,False,3,2023
ORD03248,Mobile Accessories,Mobile Accessories,Pune,Yiwu Global Trade,132.37,332.26,2,2,2024-08-21,2024-08-23,399.78,False,8,2024
ORD03249,Mobile Accessories,Mobile Accessories,Pune,Yiwu Global Trade,182.4,499.71,12,2,2024-03-28,2024-03-30,3807.72,False,3,2024
ORD03250,LED Lights,LED Lights,Nashik,Dragon Supply Co,392.78,1013.11,7,7,2023-06-27,2023-07-04,4342.31,False,6,2023
ORD03251,Bluetooth Speakers,Bluetooth Speakers,Nagpur,Shenzhen Traders,428.5,999.32,4,2,2023-12-10,2023-12-12,2283.28,False,12,2023
ORD03252,Smart Watches,Smart Watches,Thane,Shenzhen Traders,1310.21,2125.11,5,3,2023-07-13,2023-07-16,4074.5,True,7,2023
ORD03253,LED Lights,LED Lights,Pune,Dragon Supply Co,343.13,773.73,4,2,2023-02-04,2023-02-06,1722.4,False,2,2023
ORD03254,Kitchen Gadgets,Kitchen Gadgets,Pune,Guangzhou Imports,139.57,357.04,1,7,2023-12-19,2023-12-26,217.47,False,12,2023
ORD03255,Kitchen Gadgets,Kitchen Gadgets,Mumbai,Guangzhou Imports,240.13,566.73,3,7,2024-05-08,2024-05-15,979.8,False,5,2024
ORD03256,Home Decor,Home Decor,Mumbai,Dragon Supply Co,258.61,749.29,15,10,2023-06-24,2023-07-04,7360.2,False,6,2023
ORD03257,Bluetooth Speakers,Bluetooth Speakers,Thane,Shenzhen Traders,643.54,1342.2,7,4,2023-10-22,2023-10-26,4890.62,False,10,2023
ORD03258,Kitchen Gadgets,Kitchen Gadgets,Nashik,Yiwu Global Trade,253.84,436.23,2,4,2023-02-05,2023-02-09,364.78,True,2,2023
ORD03259,Mobile Accessories,Mobile Accessories,Thane,Guangzhou Imports,247.72,502.78,4,10,2023-08-21,2023-08-31,1020.24,False,8,2023
ORD03260,Bluetooth Speakers,Bluetooth Speakers,Pune,Dragon Supply Co,509.43,827.77,7,0,2024-04-14,2024-04-14,2228.38,True,4,2024
ORD03261,Kitchen Gadgets,Kitchen Gadgets,Mumbai,Yiwu Global Trade,336.73,815.8,6,1,2024-03-29,2024-03-30,2874.42,False,3,2024
ORD03262,Mobile Accessories,Mobile Accessories,Nagpur,Guangzhou Imports,171.74,442.7,3,4,2023-01-21,2023-01-25,812.88,False,1,2023
ORD03263,LED Lights,LED Lights,Pune,Dragon Supply Co,340.02,863.94,12,9,2023-05-10,2023-05-19,6287.04,False,5,2023
ORD03264,Kitchen Gadgets,Kitchen Gadgets,Mumbai,Guangzhou Imports,342.2,1025.01,2,3,2024-07-15,2024-07-18,1365.62,False,7,2024
ORD03265,Bluetooth Speakers,Bluetooth Speakers,Mumbai,Dragon Supply Co,859.0,1900.93,1,13,2024-02-01,2024-02-14,1041.93,False,2,2024
ORD03266,LED Lights,LED Lights,Mumbai,Shenzhen Traders,191.02,447.93,18,2,2023-01-13,2023-01-15,4624.38,False,1,2023
ORD03267,Home Decor,Home Decor,Mumbai,Dragon Supply Co,294.38,945.58,2,14,2023-08-12,2023-08-26,1302.4,False,8,2023
ORD03268,Mobile Accessories,Mobile Accessories,Thane,Guangzhou Imports,241.55,565.8,1,4,2023-08-29,2023-09-02,324.25,False,8,2023
ORD03269,Smart Watches,Smart Watches,Thane,Shenzhen Traders,1775.56,4495.67,2,3,2023-07-14,2023-07-17,5440.22,False,7,2023
ORD03270,Smart Watches,Smart Watches,Pune,Guangzhou Imports,709.55,1851.17,10,9,2023-01-03,2023-01-12,11416.2,False,1,2023
ORD03271,LED Lights,LED Lights,Nagpur,Shenzhen Traders,218.88,629.98,6,6,2024-03-27,2024-04-02,2466.6,False,3,2024
ORD03272,LED Lights,LED Lights,Nagpur,Shenzhen Traders,228.97,543.2,1,4,2024-02-21,2024-02-25,314.23,False,2,2024
ORD03273,LED Lights,LED Lights,Mumbai,Shenzhen Traders,250.95,740.23,7,2,2024-09-19,2024-09-21,3424.96,False,9,2024
ORD03274,Kitchen Gadgets,Kitchen Gadgets,Pune,Yiwu Global Trade,191.31,460.8,14,4,2023-03-27,2023-03-31,3772.86,False,3,2023
ORD03275,Bluetooth Speakers,Bluetooth Speakers,Mumbai,Shenzhen Traders,867.0,1876.6,2,1,2023-08-26,2023-08-27,2019.2,False,8,2023
ORD03276,Mobile Accessories,Mobile Accessories,Pune,Guangzhou Imports,138.51,365.15,7,6,2024-10-10,2024-10-16,1586.48,False,10,2024
ORD03277,Mobile Accessories,Mobile Accessories,Aurangabad,Yiwu Global Trade,210.58,433.36,2,2,2024-10-01,2024-10-03,445.56,False,10,2024
ORD03278,LED Lights,LED Lights,Pune,Shenzhen Traders,231.71,610.6,2,0,2023-11-03,2023-11-03,757.78,False,11,2023
ORD03279,Bluetooth Speakers,Bluetooth Speakers,Mumbai,Dragon Supply Co,519.02,1313.4,7,7,2023-12-22,2023-12-29,5560.66,False,12,2023
ORD03280,Smart Watches,Smart Watches,Pune,Guangzhou Imports,906.26,2129.4,8,6,2023-11-26,2023-12-02,9785.12,False,11,2023
ORD03281,Mobile Accessories,Mobile Accessories,Pune,Guangzhou Imports,163.15,312.36,1,7,2024-09-13,2024-09-20,149.21,False,9,2024
ORD03282,Smart Watches,Smart Watches,Mumbai,Guangzhou Imports,841.16,2240.11,1,0,2024-06-21,2024-06-21,1398.95,False,6,2024
ORD03283,LED Lights,LED Lights,Nashik,Shenzhen Traders,274.65,730.13,3,5,2023-03-01,2023-03-06,1366.44,False,3,2023
ORD03284,LED Lights,LED Lights,Mumbai,Dragon Supply Co,366.91,786.36,9,6,2024-03-23,2024-03-29,3775.05,False,3,2024
ORD03285,Bluetooth Speakers,Bluetooth Speakers,Pune,Dragon Supply Co,498.88,1172.26,5,14,2023-10-02,2023-10-16,3366.9,False,10,2023
ORD03286,Kitchen Gadgets,Kitchen Gadgets,Nagpur,Guangzhou Imports,305.22,729.2,3,1,2024-08-06,2024-08-07,1271.94,False,8,2024
ORD03287,Mobile Accessories,Mobile Accessories,Mumbai,Yiwu Global Trade,223.09,445.27,11,1,2023-07-23,2023-07-24,2443.98,False,7,2023
ORD03288,LED Lights,LED Lights,Mumbai,Dragon Supply Co,300.57,748.19,3,13,2023-10-25,2023-11-07,1342.86,False,10,2023
ORD03289,Bluetooth Speakers,Bluetooth Speakers,Mumbai,Dragon Supply Co,853.93,1938.73,3,5,2023-11-30,2023-12-05,3254.4,False,11,2023
ORD03290,Smart Watches,Smart Watches,Nagpur,Guangzhou Imports,947.08,2238.22,7,5,2023-08-15,2023-08-20,9037.98,False,8,2023
ORD03291,Mobile Accessories,Mobile Accessories,Nagpur,Yiwu Global Trade,140.63,280.92,2,2,2024-03-26,2024-03-28,280.58,False,3,2024
ORD03292,Kitchen Gadgets,Kitchen Gadgets,Mumbai,Guangzhou Imports,325.26,818.07,1,3,2023-09-14,2023-09-17,492.81,False,9,2023
ORD03293,Smart Watches,Smart Watches,Mumbai,Guangzhou Imports,982.79,2674.21,5,5,2023-01-09,2023-01-14,8457.1,False,1,2023
ORD03294,Smart Watches,Smart Watches,Pune,Shenzhen Traders,1264.46,2753.74,1,4,2024-11-25,2024-11-29,1489.28,False,11,2024
ORD03295,Mobile Accessories,Mobile Accessories,Mumbai,Yiwu Global Trade,213.88,591.11,32,3,2024-11-23,2024-11-26,12071.36,False,11,2024
ORD03296,Home Decor,Home Decor,Pune,Yiwu Global Trade,98.61,277.76,2,2,2023-04-17,2023-04-19,358.3,False,4,2023
ORD03297,Mobile Accessories,Mobile Accessories,Pune,Guangzhou Imports,109.6,280.64,3,5,2024-09-20,2024-09-25,513.12,False,9,2024
ORD03298,Smart Watches,Smart Watches,Mumbai,Guangzhou Imports,1436.91,3234.15,3,10,2023-10-23,2023-11-02,5391.72,False,10,2023
ORD03299,Home Decor,Home Decor,Pune,Dragon Supply Co,281.3,696.64,3,1,2024-09-27,2024-09-28,1246.02,False,9,2024
ORD03300,Mobile Accessories,Mobile Accessories,Thane,Yiwu Global Trade,213.32,398.91,1,4,2024-03-03,2024-03-07,185.59,False,3,2024
ORD03301,LED Lights,LED Lights,Pune,Dragon Supply Co,294.81,675.86,1,10,2023-04-19,2023-04-29,381.05,False,4,2023
ORD03302,Bluetooth Speakers,Bluetooth Speakers,Nashik,Dragon Supply Co,593.48,1285.02,1,5,2024-01-08,2024-01-13,691.54,False,1,2024
ORD03303,Bluetooth Speakers,Bluetooth Speakers,Aurangabad,Dragon Supply Co,473.47,1169.25,1,11,2023-09-30,2023-10-11,695.78,False,9,2023
ORD03304,Kitchen Gadgets,Kitchen Gadgets,Thane,Guangzhou Imports,283.57,705.24,2,10,2024-06-27,2024-07-07,843.34,False,6,2024
ORD03305,Smart Watches,Smart Watches,Nagpur,Shenzhen Traders,1311.38,3451.86,5,2,2024-06-25,2024-06-27,10702.4,False,6,2024
ORD03306,LED Lights,LED Lights,Nagpur,Shenzhen Traders,312.98,776.09,9,3,2023-11-17,2023-11-20,4167.99,False,11,2023
ORD03307,Kitchen Gadgets,Kitchen Gadgets,Thane,Yiwu Global Trade,297.78,716.56,16,1,2023-08-10,2023-08-11,6700.48,False,8,2023
ORD03308,LED Lights,LED Lights,Nashik,Dragon Supply Co,249.72,571.23,2,7,2023-07-21,2023-07-28,643.02,False,7,2023
ORD03309,Bluetooth Speakers,Bluetooth Speakers,Nashik,Shenzhen Traders,633.03,1431.72,5,4,2024-10-08,2024-10-12,3993.45,False,10,2024
ORD03310,Home Decor,Home Decor,Nagpur,Dragon Supply Co,190.75,558.77,8,10,2024-05-18,2024-05-28,2944.16,False,5,2024
ORD03311,Bluetooth Speakers,Bluetooth Speakers,Nagpur,Shenzhen Traders,664.06,1612.31,1,5,2024-08-06,2024-08-11,948.25,False,8,2024
ORD03312,Kitchen Gadgets,Kitchen Gadgets,Thane,Yiwu Global Trade,133.35,297.25,4,2,2023-03-12,2023-03-14,655.6,False,3,2023
ORD03313,Kitchen Gadgets,Kitchen Gadgets,Nashik,Guangzhou Imports,278.39,809.41,3,8,2024-08-01,2024-08-09,1593.06,False,8,2024
ORD03314,LED Lights,LED Lights,Mumbai,Shenzhen Traders,309.71,817.42,10,1,2023-12-15,2023-12-16,5077.1,False,12,2023
ORD03315,Bluetooth Speakers,Bluetooth Speakers,Pune,Dragon Supply Co,859.43,2084.49,1,16,2023-09-03,2023-09-19,1225.06,False,9,2023
ORD03316,Smart Watches,Smart Watches,Thane,Guangzhou Imports,1558.39,4107.67,4,5,2024-06-13,2024-06-18,10197.12,False,6,2024
ORD03317,Bluetooth Speakers,Bluetooth Speakers,Nagpur,Dragon Supply Co,565.17,896.62,2,12,2023-01-16,2023-01-28,662.9,True,1,2023
ORD03318,Home Decor,Home Decor,Nagpur,Yiwu Global Trade,138.28,394.6,1,4,2023-10-05,2023-10-09,256.32,False,10,2023
ORD03319,Kitchen Gadgets,Kitchen Gadgets,Thane,Yiwu Global Trade,270.31,715.99,9,3,2023-09-26,2023-09-29,4011.12,False,9,2023
ORD03320,Kitchen Gadgets,Kitchen Gadgets,Mumbai,Yiwu Global Trade,358.27,938.24,29,2,2023-02-01,2023-02-03,16819.13,False,2,2023
ORD03321,LED Lights,LED Lights,Thane,Shenzhen Traders,286.87,739.29,20,6,2023-03-20,2023-03-26,9048.4,False,3,2023
ORD03322,Mobile Accessories,Mobile Accessories,Thane,Yiwu Global Trade,179.48,378.6,7,1,2023-03-17,2023-03-18,1393.84,False,3,2023
ORD03323,LED Lights,LED Lights,Nashik,Dragon Supply Co,309.23,624.85,8,15,2024-01-08,2024-01-23,2524.96,False,1,2024
ORD03324,Home Decor,Home Decor,Thane,Yiwu Global Trade,243.86,598.36,10,1,2023-03-12,2023-03-13,3545.0,False,3,2023
ORD03325,LED Lights,LED Lights,Mumbai,Shenzhen Traders,237.87,430.34,1,6,2024-10-27,2024-11-02,192.47,True,10,2024
ORD03326,Kitchen Gadgets,Kitchen Gadgets,Thane,Yiwu Global Trade,376.04,893.71,9,3,2024-02-26,2024-02-29,4659.03,False,2,2024
ORD03327,Smart Watches,Smart Watches,Mumbai,Guangzhou Imports,1482.03,2109.92,5,3,2023-05-10,2023-05-13,3139.45,True,5,2023
ORD03328,Kitchen Gadgets,Kitchen Gadgets,Thane,Guangzhou Imports,327.38,939.59,3,4,2024-05-19,2024-05-23,1836.63,False,5,2024
ORD03329,LED Lights,LED Lights,Pune,Dragon Supply Co,391.04,899.13,16,13,2023-09-01,2023-09-14,8129.44,False,9,2023
ORD03330,Mobile Accessories,Mobile Accessories,Mumbai,Yiwu Global Trade,138.35,384.06,1,4,2024-07-02,2024-07-06,245.71,False,7,2024
ORD03331,Bluetooth Speakers,Bluetooth Speakers,Pune,Dragon Supply Co,571.13,1015.67,2,5,2023-11-29,2023-12-04,889.08,True,11,2023
ORD03332,Home Decor,Home Decor,Pune,Dragon Supply Co,227.9,669.77,4,12,2023-03-24,2023-04-05,1767.48,False,3,2023
ORD03333,Mobile Accessories,Mobile Accessories,Nashik,Guangzhou Imports,186.53,477.96,2,0,2024-12-06,2024-12-06,582.86,False,12,2024
ORD03334,Bluetooth Speakers,Bluetooth Speakers,Pune,Dragon Supply Co,875.59,1939.65,6,8,2024-04-03,2024-04-11,6384.36,False,4,2024
ORD03335,Home Decor,Home Decor,Thane,Dragon Supply Co,278.69,699.86,4,10,2023-07-13,2023-07-23,1684.68,False,7,2023
ORD03336,Mobile Accessories,Mobile Accessories,Pune,Yiwu Global Trade,229.13,444.92,16,4,2024-12-26,2024-12-30,3452.64,False,12,2024
ORD03337,Bluetooth Speakers,Bluetooth Speakers,Nashik,Dragon Supply Co,811.08,2058.29,7,9,2024-11-21,2024-11-30,8730.47,False,11,2024
ORD03338,Mobile Accessories,Mobile Accessories,Mumbai,Yiwu Global Trade,106.93,281.47,5,3,2023-03-04,2023-03-07,872.7,False,3,2023
ORD03339,Home Decor,Home Decor,Pune,Dragon Supply Co,168.92,426.39,8,13,2023-10-31,2023-11-13,2059.76,False,10,2023
ORD03340,LED Lights,LED Lights,Thane,Dragon Supply Co,241.54,680.42,6,13,2023-03-18,2023-03-31,2633.28,False,3,2023
ORD03341,LED Lights,LED Lights,Thane,Shenzhen Traders,329.63,888.87,8,2,2024-06-23,2024-06-25,4473.92,False,6,2024
ORD03342,Smart Watches,Smart Watches,Pune,Shenzhen Traders,1653.02,4145.53,1,7,2024-04-06,2024-04-13,2492.51,False,4,2024
ORD03343,Smart Watches,Smart Watches,Aurangabad,Shenzhen Traders,1757.83,3568.36,11,4,2023-09-02,2023-09-06,19915.83,False,9,2023
ORD03344,Kitchen Gadgets,Kitchen Gadgets,Mumbai,Yiwu Global Trade,374.83,789.93,1,2,2024-07-22,2024-07-24,415.1,False,7,2024
ORD03345,Bluetooth Speakers,Bluetooth Speakers,Pune,Dragon Supply Co,863.49,1363.85,5,8,2024-10-17,2024-10-25,2501.8,True,10,2024
ORD03346,Home Decor,Home Decor,Nashik,Dragon Supply Co,194.26,560.93,1,8,2024-04-08,2024-04-16,366.67,False,4,2024
ORD03347,Kitchen Gadgets,Kitchen Gadgets,Thane,Guangzhou Imports,360.91,944.79,4,0,2024-10-31,2024-10-31,2335.52,False,10,2024
ORD03348,LED Lights,LED Lights,Pune,Dragon Supply Co,242.43,668.18,4,6,2023-04-23,2023-04-29,1703.0,False,4,2023
ORD03349,Kitchen Gadgets,Kitchen Gadgets,Nagpur,Yiwu Global Trade,165.01,426.21,5,3,2023-09-10,2023-09-13,1306.0,False,9,2023
ORD03350,Kitchen Gadgets,Kitchen Gadgets,Thane,Guangzhou Imports,346.5,962.91,43,1,2023-12-20,2023-12-21,26505.63,False,12,2023
ORD03351,Home Decor,Home Decor,Thane,Yiwu Global Trade,266.39,772.25,6,3,2024-07-06,2024-07-09,3035.16,False,7,2024
ORD03352,Mobile Accessories,Mobile Accessories,Mumbai,Yiwu Global Trade,125.2,259.81,13,1,2023-05-08,2023-05-09,1749.93,False,5,2023
ORD03353,Bluetooth Speakers,Bluetooth Speakers,Thane,Dragon Supply Co,766.66,1906.99,2,8,2024-03-19,2024-03-27,2280.66,False,3,2024
ORD03354,Home Decor,Home Decor,Mumbai,Yiwu Global Trade,307.84,913.62,1,2,2024-07-10,2024-07-12,605.78,False,7,2024
ORD03355,LED Lights,LED Lights,Mumbai,Dragon Supply Co,292.77,776.4,8,3,2023-08-28,2023-08-31,3869.04,False,8,2023
ORD03356,Kitchen Gadgets,Kitchen Gadgets,Nashik,Yiwu Global Trade,175.76,414.01,1,2,2023-02-22,2023-02-24,238.25,False,2,2023
ORD03357,LED Lights,LED Lights,Mumbai,Dragon Supply Co,352.19,917.47,3,11,2023-02-03,2023-02-14,1695.84,False,2,2023
ORD03358,LED Lights,LED Lights,Mumbai,Dragon Supply Co,378.22,1086.76,5,0,2024-02-14,2024-02-14,3542.7,False,2,2024
ORD03359,Mobile Accessories,Mobile Accessories,Pune,Guangzhou Imports,139.28,404.26,3,9,2024-08-26,2024-09-04,794.94,False,8,2024
ORD03360,Smart Watches,Smart Watches,Nashik,Shenzhen Traders,845.94,2280.58,2,2,2023-10-24,2023-10-26,2869.28,False,10,2023
ORD03361,Kitchen Gadgets,Kitchen Gadgets,Nashik,Yiwu Global Trade,212.59,374.36,7,3,2024-05-07,2024-05-10,1132.39,True,5,2024
ORD03362,Smart Watches,Smart Watches,Mumbai,Shenzhen Traders,1463.37,3505.94,2,4,2024-02-26,2024-03-01,4085.14,False,2,2024
ORD03363,Home Decor,Home Decor,Mumbai,Dragon Supply Co,139.47,355.92,7,10,2024-09-20,2024-09-30,1515.15,False,9,2024
ORD03364,Mobile Accessories,Mobile Accessories,Mumbai,Guangzhou Imports,162.06,431.5,1,4,2024-09-17,2024-09-21,269.44,False,9,2024
ORD03365,Home Decor,Home Decor,Mumbai,Yiwu Global Trade,153.72,369.92,16,2,2023-02-28,2023-03-02,3459.2,True,2,2023
ORD03366,Home Decor,Home Decor,Mumbai,Dragon Supply Co,179.65,454.96,5,5,2023-12-20,2023-12-25,1376.55,False,12,2023
ORD03367,Bluetooth Speakers,Bluetooth Speakers,Mumbai,Dragon Supply Co,555.26,1440.51,1,18,2024-04-15,2024-05-03,885.25,False,4,2024
ORD03368,Mobile Accessories,Mobile Accessories,Mumbai,Guangzhou Imports,125.05,380.92,18,8,2024-11-24,2024-12-02,4605.66,False,11,2024
ORD03369,Mobile Accessories,Mobile Accessories,Pune,Guangzhou Imports,98.34,203.75,4,5,2023-05-27,2023-06-01,421.64,True,5,2023
ORD03370,Mobile Accessories,Mobile Accessories,Pune,Yiwu Global Trade,153.38,423.72,1,1,2024-07-12,2024-07-13,270.34,False,7,2024
ORD03371,Bluetooth Speakers,Bluetooth Speakers,Mumbai,Dragon Supply Co,569.65,1359.25,1,11,2024-11-16,2024-11-27,789.6,False,11,2024
ORD03372,Mobile Accessories,Mobile Accessories,Mumbai,Guangzhou Imports,136.99,398.56,9,6,2024-01-02,2024-01-08,2354.13,False,1,2024
ORD03373,Bluetooth Speakers,Bluetooth Speakers,Mumbai,Dragon Supply Co,548.22,1198.68,13,8,2023-01-14,2023-01-22,8455.98,False,1,2023
ORD03374,LED Lights,LED Lights,Pune,Shenzhen Traders,294.19,680.46,2,5,2023-10-22,2023-10-27,772.54,False,10,2023
ORD03375,Bluetooth Speakers,Bluetooth Speakers,Mumbai,Dragon Supply Co,875.42,1405.84,1,9,2024-07-01,2024-07-10,530.42,True,7,2024
ORD03376,Bluetooth Speakers,Bluetooth Speakers,Nagpur,Dragon Supply Co,399.21,678.17,9,10,2024-08-17,2024-08-27,2510.64,True,8,2024
ORD03377,Bluetooth Speakers,Bluetooth Speakers,Mumbai,Dragon Supply Co,410.04,934.22,21,6,2023-11-25,2023-12-01,11007.78,False,11,2023
ORD03378,LED Lights,LED Lights,Thane,Dragon Supply Co,337.22,841.57,9,8,2024-07-22,2024-07-30,4539.15,False,7,2024
ORD03379,LED Lights,LED Lights,Pune,Dragon Supply Co,401.29,1112.97,4,6,2023-05-12,2023-05-18,2846.72,False,5,2023
ORD03380,LED Lights,LED Lights,Mumbai,Dragon Supply Co,220.12,618.04,3,8,2024-01-30,2024-02-07,1193.76,False,1,2024
ORD03381,Bluetooth Speakers,Bluetooth Speakers,Pune,Dragon Supply Co,518.52,1132.94,2,7,2024-07-21,2024-07-28,1228.84,False,7,2024
ORD03382,Mobile Accessories,Mobile Accessories,Thane,Guangzhou Imports,129.83,376.65,6,4,2024-02-14,2024-02-18,1480.92,False,2,2024
ORD03383,Mobile Accessories,Mobile Accessories,Mumbai,Yiwu Global Trade,190.15,346.37,5,1,2023-01-08,2023-01-09,781.1,False,1,2023
ORD03384,Mobile Accessories,Mobile Accessories,Thane,Yiwu Global Trade,104.13,294.23,7,3,2024-12-16,2024-12-19,1330.7,False,12,2024
ORD03385,Home Decor,Home Decor,Nagpur,Yiwu Global Trade,160.17,523.8,2,3,2024-02-10,2024-02-13,727.26,False,2,2024
ORD03386,Bluetooth Speakers,Bluetooth Speakers,Pune,Dragon Supply Co,362.43,859.71,12,9,2024-09-12,2024-09-21,5967.36,False,9,2024
ORD03387,Home Decor,Home Decor,Pune,Dragon Supply Co,141.67,335.72,1,14,2023-08-08,2023-08-22,194.05,False,8,2023
ORD03388,Home Decor,Home Decor,Nagpur,Dragon Supply Co,159.02,465.03,3,5,2023-01-08,2023-01-13,918.03,False,1,2023
ORD03389,Home Decor,Home Decor,Mumbai,Yiwu Global Trade,169.34,524.9,1,3,2023-03-22,2023-03-25,355.56,False,3,2023
ORD03390,Smart Watches,Smart Watches,Pune,Shenzhen Traders,801.13,1670.39,4,1,2023-11-24,2023-11-25,3477.04,False,11,2023
ORD03391,Smart Watches,Smart Watches,Mumbai,Shenzhen Traders,1144.35,3095.09,3,5,2023-10-29,2023-11-03,5852.22,False,10,2023
ORD03392,Home Decor,Home Decor,Nashik,Dragon Supply Co,274.54,919.81,4,8,2023-10-03,2023-10-11,2581.08,False,10,2023
ORD03393,Kitchen Gadgets,Kitchen Gadgets,Thane,Guangzhou Imports,356.16,912.6,2,7,2023-10-17,2023-10-24,1112.88,False,10,2023
ORD03394,Mobile Accessories,Mobile Accessories,Pune,Yiwu Global Trade,89.99,163.2,2,2,2024-01-24,2024-01-26,146.42,False,1,2024
ORD03395,Smart Watches,Smart Watches,Mumbai,Guangzhou Imports,1237.85,2704.18,5,4,2023-07-02,2023-07-06,7331.65,False,7,2023
ORD03396,Kitchen Gadgets,Kitchen Gadgets,Aurangabad,Yiwu Global Trade,148.48,316.15,2,2,2024-10-14,2024-10-16,335.34,False,10,2024
ORD03397,Kitchen Gadgets,Kitchen Gadgets,Mumbai,Yiwu Global Trade,198.2,425.2,7,3,2024-04-12,2024-04-15,1589.0,False,4,2024
ORD03398,Home Decor,Home Decor,Pune,Yiwu Global Trade,311.25,937.77,19,3,2023-05-27,2023-05-30,11903.88,False,5,2023
ORD03399,Smart Watches,Smart Watches,Mumbai,Shenzhen Traders,959.37,2254.17,1,2,2023-11-06,2023-11-08,1294.8,False,11,2023
ORD03400,LED Lights,LED Lights,Mumbai,Shenzhen Traders,317.78,803.28,5,3,2024-11-04,2024-11-07,2427.5,False,11,2024
ORD03401,Bluetooth Speakers,Bluetooth Speakers,Mumbai,Dragon Supply Co,820.63,1655.8,3,15,2024-10-04,2024-10-19,2505.51,False,10,2024
ORD03402,Mobile Accessories,Mobile Accessories,Nashik,Yiwu Global Trade,206.23,621.31,1,2,2023-04-05,2023-04-07,415.08,False,4,2023
ORD03403,Smart Watches,Smart Watches,Thane,Shenzhen Traders,1525.57,2137.49,1,2,2024-12-18,2024-12-20,611.92,True,12,2024
ORD03404,Kitchen Gadgets,Kitchen Gadgets,Mumbai,Guangzhou Imports,195.84,537.17,6,6,2024-04-09,2024-04-15,2047.98,False,4,2024
ORD03405,Mobile Accessories,Mobile Accessories,Nagpur,Guangzhou Imports,80.57,203.8,1,9,2023-02-08,2023-02-17,123.23,False,2,2023
ORD03406,Kitchen Gadgets,Kitchen Gadgets,Mumbai,Yiwu Global Trade,150.97,297.86,2,2,2023-06-29,2023-07-01,293.78,True,6,2023
ORD03407,LED Lights,LED Lights,Nagpur,Dragon Supply Co,357.93,770.36,2,3,2023-03-15,2023-03-18,824.86,False,3,2023
ORD03408,Home Decor,Home Decor,Mumbai,Dragon Supply Co,195.05,639.99,27,4,2024-12-22,2024-12-26,12013.38,False,12,2024
ORD03409,Kitchen Gadgets,Kitchen Gadgets,Nashik,Guangzhou Imports,280.62,687.35,3,1,2023-04-08,2023-04-09,1220.19,False,4,2023
ORD03410,Home Decor,Home Decor,Pune,Dragon Supply Co,317.47,1090.9,2,6,2023-05-28,2023-06-03,1546.86,False,5,2023
ORD03411,Kitchen Gadgets,Kitchen Gadgets,Pune,Guangzhou Imports,187.08,303.88,3,3,2023-01-23,2023-01-26,350.4,True,1,2023
ORD03412,Kitchen Gadgets,Kitchen Gadgets,Nashik,Guangzhou Imports,184.75,407.72,4,4,2024-08-15,2024-08-19,891.88,False,8,2024
ORD03413,Mobile Accessories,Mobile Accessories,Mumbai,Yiwu Global Trade,96.34,292.42,7,2,2023-08-10,2023-08-12,1372.56,False,8,2023
ORD03414,Home Decor,Home Decor,Nashik,Dragon Supply Co,165.84,395.36,1,8,2023-08-29,2023-09-06,229.52,False,8,2023
ORD03415,Smart Watches,Smart Watches,Aurangabad,Shenzhen Traders,867.48,1915.24,10,2,2024-03-29,2024-03-31,10477.6,False,3,2024
ORD03416,LED Lights,LED Lights,Pune,Shenzhen Traders,257.75,577.15,2,7,2024-12-22,2024-12-29,638.8,False,12,2024
ORD03417,LED Lights,LED Lights,Pune,Dragon Supply Co,406.43,1059.65,3,8,2024-02-29,2024-03-08,1959.66,False,2,2024
ORD03418,Kitchen Gadgets,Kitchen Gadgets,Thane,Guangzhou Imports,232.31,363.19,1,2,2024-03-16,2024-03-18,130.88,True,3,2024
ORD03419,LED Lights,LED Lights,Mumbai,Shenzhen Traders,334.55,674.46,6,3,2023-03-25,2023-03-28,2039.46,False,3,2023
ORD03420,Kitchen Gadgets,Kitchen Gadgets,Nashik,Yiwu Global Trade,159.57,354.88,10,2,2024-03-13,2024-03-15,1953.1,False,3,2024
ORD03421,Bluetooth Speakers,Bluetooth Speakers,Aurangabad,Shenzhen Traders,432.11,1090.42,4,6,2024-12-09,2024-12-15,2633.24,False,12,2024
ORD03422,Kitchen Gadgets,Kitchen Gadgets,Pune,Guangzhou Imports,138.21,322.84,4,7,2024-11-20,2024-11-27,738.52,False,11,2024
ORD03423,Mobile Accessories,Mobile Accessories,Mumbai,Yiwu Global Trade,235.17,633.09,14,1,2023-10-08,2023-10-09,5570.88,False,10,2023
ORD03424,Smart Watches,Smart Watches,Aurangabad,Shenzhen Traders,905.61,1772.84,2,3,2023-02-22,2023-02-25,1734.46,True,2,2023
ORD03425,Smart Watches,Smart Watches,Mumbai,Shenzhen Traders,758.91,1986.27,3,0,2023-02-21,2023-02-21,3682.08,False,2,2023
ORD03426,Kitchen Gadgets,Kitchen Gadgets,Mumbai,Guangzhou Imports,150.21,260.43,13,6,2024-06-30,2024-07-06,1432.86,True,6,2024
ORD03427,Mobile Accessories,Mobile Accessories,Pune,Yiwu Global Trade,83.04,226.85,4,2,2024-09-02,2024-09-04,575.24,False,9,2024
ORD03428,LED Lights,LED Lights,Mumbai,Shenzhen Traders,324.39,719.84,4,8,2024-07-13,2024-07-21,1581.8,False,7,2024
ORD03429,Bluetooth Speakers,Bluetooth Speakers,Mumbai,Dragon Supply Co,420.28,869.82,3,8,2023-06-26,2023-07-04,1348.62,False,6,2023
ORD03430,LED Lights,LED Lights,Mumbai,Shenzhen Traders,390.95,1136.64,4,0,2023-08-02,2023-08-02,2982.76,False,8,2023
ORD03431,Mobile Accessories,Mobile Accessories,Mumbai,Yiwu Global Trade,95.23,175.33,3,4,2024-04-01,2024-04-05,240.3,False,4,2024
ORD03432,Kitchen Gadgets,Kitchen Gadgets,Mumbai,Guangzhou Imports,311.21,775.44,7,5,2024-06-10,2024-06-15,3249.61,False,6,2024
ORD03433,Home Decor,Home Decor,Pune,Dragon Supply Co,256.84,889.14,3,0,2024-01-13,2024-01-13,1896.9,False,1,2024
ORD03434,Mobile Accessories,Mobile Accessories,Aurangabad,Guangzhou Imports,151.22,318.51,4,0,2023-02-08,2023-02-08,669.16,False,2,2023
ORD03435,Bluetooth Speakers,Bluetooth Speakers,Mumbai,Dragon Supply Co,398.46,823.07,11,4,2023-05-15,2023-05-19,4670.71,False,5,2023
ORD03436,Home Decor,Home Decor,Aurangabad,Yiwu Global Trade,161.1,531.46,9,2,2023-02-16,2023-02-18,3333.24,False,2,2023
ORD03437,Smart Watches,Smart Watches,Mumbai,Guangzhou Imports,1799.05,4367.75,3,12,2023-04-05,2023-04-17,7706.1,False,4,2023
ORD03438,Smart Watches,Smart Watches,Nashik,Shenzhen Traders,795.15,1882.18,6,4,2024-07-08,2024-07-12,6522.18,False,7,2024
ORD03439,Bluetooth Speakers,Bluetooth Speakers,Aurangabad,Shenzhen Traders,630.16,1571.06,6,2,2024-05-15,2024-05-17,5645.4,False,5,2024
ORD03440,Bluetooth Speakers,Bluetooth Speakers,Aurangabad,Shenzhen Traders,780.74,2004.08,4,2,2024-03-10,2024-03-12,4893.36,False,3,2024
ORD03441,Smart Watches,Smart Watches,Aurangabad,Shenzhen Traders,1364.61,3211.67,2,2,2024-09-07,2024-09-09,3694.12,False,9,2024
ORD03442,Kitchen Gadgets,Kitchen Gadgets,Pune,Guangzhou Imports,339.52,954.42,6,4,2023-06-18,2023-06-22,3689.4,False,6,2023
ORD03443,Bluetooth Speakers,Bluetooth Speakers,Nashik,Dragon Supply Co,668.0,1568.05,6,13,2023-08-19,2023-09-01,5400.3,False,8,2023
ORD03444,LED Lights,LED Lights,Aurangabad,Dragon Supply Co,206.12,517.41,2,0,2024-07-14,2024-07-14,622.58,False,7,2024
ORD03445,Bluetooth Speakers,Bluetooth Speakers,Aurangabad,Shenzhen Traders,419.05,888.07,10,4,2023-03-13,2023-03-17,4690.2,False,3,2023
ORD03446,Mobile Accessories,Mobile Accessories,Mumbai,Yiwu Global Trade,203.43,616.43,6,4,2023-06-10,2023-06-14,2478.0,False,6,2023
ORD03447,Kitchen Gadgets,Kitchen Gadgets,Aurangabad,Yiwu Global Trade,159.21,382.53,5,4,2024-08-13,2024-08-17,1116.6,False,8,2024
ORD03448,Smart Watches,Smart Watches,Mumbai,Guangzhou Imports,945.29,1739.3,5,7,2023-09-08,2023-09-15,3970.05,True,9,2023
ORD03449,Bluetooth Speakers,Bluetooth Speakers,Thane,Shenzhen Traders,703.55,1380.05,2,6,2023-04-18,2023-04-24,1353.0,False,4,2023
ORD03450,Home Decor,Home Decor,Thane,Dragon Supply Co,215.74,497.15,3,0,2023-06-24,2023-06-24,844.23,False,6,2023
ORD03451,Mobile Accessories,Mobile Accessories,Thane,Guangzhou Imports,152.94,340.97,4,3,2024-03-19,2024-03-22,752.12,False,3,2024
ORD03452,Kitchen Gadgets,Kitchen Gadgets,Pune,Guangzhou Imports,344.64,973.84,1,9,2023-03-06,2023-03-15,629.2,False,3,2023
ORD03453,Kitchen Gadgets,Kitchen Gadgets,Nagpur,Guangzhou Imports,229.14,485.98,4,5,2024-01-26,2024-01-31,1027.36,False,1,2024
ORD03454,Smart Watches,Smart Watches,Pune,Shenzhen Traders,763.09,1587.69,6,1,2024-07-01,2024-07-02,4947.6,False,7,2024
ORD03455,LED Lights,LED Lights,Thane,Shenzhen Traders,269.06,590.88,1,3,2023-06-08,2023-06-11,321.82,False,6,2023
ORD03456,LED Lights,LED Lights,Mumbai,Shenzhen Traders,187.03,506.52,1,4,2023-10-24,2023-10-28,319.49,False,10,2023
ORD03457,Kitchen Gadgets,Kitchen Gadgets,Mumbai,Guangzhou Imports,365.95,932.08,2,6,2024-05-12,2024-05-18,1132.26,False,5,2024
ORD03458,Home Decor,Home Decor,Mumbai,Dragon Supply Co,103.44,249.51,16,11,2023-11-08,2023-11-19,2337.12,False,11,2023
ORD03459,Mobile Accessories,Mobile Accessories,Nagpur,Guangzhou Imports,173.63,456.49,1,3,2024-12-15,2024-12-18,282.86,False,12,2024
ORD03460,LED Lights,LED Lights,Mumbai,Shenzhen Traders,246.25,723.57,6,1,2023-01-16,2023-01-17,2863.92,False,1,2023
ORD03461,Bluetooth Speakers,Bluetooth Speakers,Mumbai,Dragon Supply Co,762.62,1199.77,20,14,2023-11-17,2023-12-01,8743.0,True,11,2023
ORD03462,Bluetooth Speakers,Bluetooth Speakers,Mumbai,Shenzhen Traders,762.07,1919.84,1,2,2024-03-17,2024-03-19,1157.77,False,3,2024
ORD03463,Mobile Accessories,Mobile Accessories,Nashik,Yiwu Global Trade,184.86,527.18,1,2,2024-10-28,2024-10-30,342.32,False,10,2024
ORD03464,Kitchen Gadgets,Kitchen Gadgets,Mumbai,Guangzhou Imports,288.48,825.3,2,6,2024-02-09,2024-02-15,1073.64,False,2,2024
ORD03465,Kitchen Gadgets,Kitchen Gadgets,Thane,Guangzhou Imports,359.53,958.44,5,5,2023-12-14,2023-12-19,2994.55,False,12,2023
ORD03466,Bluetooth Speakers,Bluetooth Speakers,Mumbai,Shenzhen Traders,641.56,1075.27,10,4,2023-01-26,2023-01-30,4337.1,True,1,2023
ORD03467,Mobile Accessories,Mobile Accessories,Nagpur,Yiwu Global Trade,80.59,160.59,20,2,2023-03-18,2023-03-20,1600.0,False,3,2023
ORD03468,LED Lights,LED Lights,Pune,Shenzhen Traders,406.92,599.82,7,5,2024-10-31,2024-11-05,1350.3,True,10,2024
ORD03469,Home Decor,Home Decor,Thane,Yiwu Global Trade,198.1,650.8,3,2,2024-08-21,2024-08-23,1358.1,False,8,2024
ORD03470,Mobile Accessories,Mobile Accessories,Mumbai,Yiwu Global Trade,163.37,321.65,9,5,2024-09-02,2024-09-07,1424.52,False,9,2024
ORD03471,Smart Watches,Smart Watches,Mumbai,Shenzhen Traders,1660.05,4063.35,2,5,2024-02-05,2024-02-10,4806.6,False,2,2024
ORD03472,LED Lights,LED Lights,Thane,Shenzhen Traders,311.29,832.31,1,2,2023-12-04,2023-12-06,521.02,False,12,2023
ORD03473,Smart Watches,Smart Watches,Pune,Guangzhou Imports,1765.82,3576.11,14,6,2023-12-17,2023-12-23,25344.06,False,12,2023
ORD03474,Smart Watches,Smart Watches,Mumbai,Guangzhou Imports,1533.24,3328.1,1,5,2023-04-18,2023-04-23,1794.86,False,4,2023
ORD03475,Mobile Accessories,Mobile Accessories,Aurangabad,Guangzhou Imports,100.66,263.64,1,1,2023-02-02,2023-02-03,162.98,False,2,2023
ORD03476,Bluetooth Speakers,Bluetooth Speakers,Nagpur,Shenzhen Traders,815.8,1698.26,3,4,2024-08-12,2024-08-16,2647.38,False,8,2024
ORD03477,LED Lights,LED Lights,Thane,Dragon Supply Co,343.74,810.03,1,6,2023-12-24,2023-12-30,466.29,False,12,2023
ORD03478,Home Decor,Home Decor,Mumbai,Yiwu Global Trade,285.43,967.24,2,1,2024-02-20,2024-02-21,1363.62,False,2,2024
ORD03479,Home Decor,Home Decor,Mumbai,Yiwu Global Trade,102.63,241.19,3,1,2024-10-22,2024-10-23,415.68,False,10,2024
ORD03480,Smart Watches,Smart Watches,Pune,Shenzhen Traders,655.07,1796.33,7,6,2023-10-13,2023-10-19,7988.82,False,10,2023
ORD03481,Smart Watches,Smart Watches,Aurangabad,Shenzhen Traders,1748.24,4403.86,1,2,2023-04-21,2023-04-23,2655.62,False,4,2023
ORD03482,Mobile Accessories,Mobile Accessories,Thane,Yiwu Global Trade,199.48,553.11,1,3,2023-10-13,2023-10-16,353.63,False,10,2023
ORD03483,Mobile Accessories,Mobile Accessories,Mumbai,Guangzhou Imports,225.4,564.57,20,9,2024-08-28,2024-09-06,6783.4,False,8,2024
ORD03484,LED Lights,LED Lights,Thane,Dragon Supply Co,357.26,929.12,3,8,2024-05-11,2024-05-19,1715.58,False,5,2024
ORD03485,LED Lights,LED Lights,Thane,Dragon Supply Co,191.24,401.78,2,8,2023-12-10,2023-12-18,421.08,False,12,2023
ORD03486,Bluetooth Speakers,Bluetooth Speakers,Nashik,Shenzhen Traders,770.01,1848.04,1,3,2023-03-09,2023-03-12,1078.03,False,3,2023
ORD03487,Home Decor,Home Decor,Pune,Dragon Supply Co,272.66,681.76,6,0,2024-01-14,2024-01-14,2454.6,False,1,2024
ORD03488,Kitchen Gadgets,Kitchen Gadgets,Mumbai,Guangzhou Imports,262.99,574.4,6,5,2023-04-12,2023-04-17,1868.46,False,4,2023
ORD03489,LED Lights,LED Lights,Thane,Dragon Supply Co,280.95,777.87,5,6,2024-02-26,2024-03-03,2484.6,False,2,2024
ORD03490,Kitchen Gadgets,Kitchen Gadgets,Thane,Guangzhou Imports,151.79,383.3,9,9,2023-10-21,2023-10-30,2083.59,False,10,2023
ORD03491,Smart Watches,Smart Watches,Mumbai,Shenzhen Traders,1535.99,4185.06,19,1,2023-04-02,2023-04-03,50332.33,False,4,2023
ORD03492,Smart Watches,Smart Watches,Mumbai,Shenzhen Traders,1331.12,3476.97,31,4,2024-09-11,2024-09-15,66521.35,False,9,2024
ORD03493,LED Lights,LED Lights,Pune,Dragon Supply Co,217.14,619.74,5,11,2024-07-12,2024-07-23,2013.0,False,7,2024
ORD03494,Home Decor,Home Decor,Mumbai,Dragon Supply Co,258.9,575.93,11,13,2023-08-02,2023-08-15,3487.33,False,8,2023
ORD03495,Smart Watches,Smart Watches,Thane,Guangzhou Imports,1618.96,3716.89,1,5,2024-06-16,2024-06-21,2097.93,False,6,2024
ORD03496,Bluetooth Speakers,Bluetooth Speakers,Mumbai,Shenzhen Traders,546.96,845.8,12,4,2023-08-01,2023-08-05,3586.08,True,8,2023
ORD03497,Mobile Accessories,Mobile Accessories,Thane,Guangzhou Imports,158.85,366.36,3,5,2023-01-05,2023-01-10,622.53,False,1,2023
ORD03498,Home Decor,Home Decor,Nagpur,Dragon Supply Co,237.48,593.43,1,15,2024-05-06,2024-05-21,355.95,False,5,2024
ORD03499,LED Lights,LED Lights,Mumbai,Shenzhen Traders,256.33,763.53,2,1,2024-08-08,2024-08-09,1014.4,False,8,2024
ORD03500,Mobile Accessories,Mobile Accessories,Mumbai,Yiwu Global Trade,92.39,205.33,2,1,2023-08-12,2023-08-13,225.88,False,8,2023
ORD03501,Home Decor,Home Decor,Nashik,Dragon Supply Co,178.16,429.47,2,7,2024-07-03,2024-07-10,502.62,False,7,2024
ORD03502,Smart Watches,Smart Watches,Nashik,Guangzhou Imports,1113.25,2357.86,9,4,2023-12-17,2023-12-21,11201.49,False,12,2023
ORD03503,Kitchen Gadgets,Kitchen Gadgets,Aurangabad,Guangzhou Imports,236.66,588.28,4,2,2024-09-27,2024-09-29,1406.48,False,9,2024
ORD03504,Bluetooth Speakers,Bluetooth Speakers,Nashik,Shenzhen Traders,429.1,1099.32,4,4,2023-06-24,2023-06-28,2680.88,False,6,2023
ORD03505,Home Decor,Home Decor,Aurangabad,Yiwu Global Trade,137.9,401.71,2,3,2024-04-05,2024-04-08,527.62,False,4,2024
ORD03506,Bluetooth Speakers,Bluetooth Speakers,Nashik,Shenzhen Traders,546.97,1087.25,4,3,2023-02-05,2023-02-08,2161.12,False,2,2023
ORD03507,Bluetooth Speakers,Bluetooth Speakers,Nagpur,Shenzhen Traders,573.54,951.62,1,6,2024-06-23,2024-06-29,378.08,True,6,2024
ORD03508,Smart Watches,Smart Watches,Nagpur,Guangzhou Imports,918.82,1879.93,4,0,2023-12-25,2023-12-25,3844.44,False,12,2023
ORD03509,Smart Watches,Smart Watches,Mumbai,Shenzhen Traders,1048.88,2119.07,8,2,2023-08-16,2023-08-18,8561.52,False,8,2023
ORD03510,Kitchen Gadgets,Kitchen Gadgets,Pune,Yiwu Global Trade,270.2,747.91,6,2,2024-05-14,2024-05-16,2866.26,False,5,2024
ORD03511,Smart Watches,Smart Watches,Pune,Guangzhou Imports,945.98,1898.65,2,7,2024-09-17,2024-09-24,1905.34,False,9,2024
ORD03512,Home Decor,Home Decor,Pune,Dragon Supply Co,103.29,290.84,7,7,2023-12-02,2023-12-09,1312.85,False,12,2023
ORD03513,Bluetooth Speakers,Bluetooth Speakers,Nashik,Shenzhen Traders,539.34,1084.69,14,1,2024-10-30,2024-10-31,7634.9,False,10,2024
ORD03514,Kitchen Gadgets,Kitchen Gadgets,Mumbai,Yiwu Global Trade,323.13,754.09,3,2,2024-02-27,2024-02-29,1292.88,False,2,2024
ORD03515,Bluetooth Speakers,Bluetooth Speakers,Thane,Dragon Supply Co,762.27,1517.81,7,11,2024-12-01,2024-12-12,5288.78,False,12,2024
ORD03516,Mobile Accessories,Mobile Accessories,Nashik,Guangzhou Imports,109.83,296.63,1,7,2023-12-20,2023-12-27,186.8,False,12,2023
ORD03517,LED Lights,LED Lights,Thane,Shenzhen Traders,379.23,1005.43,5,4,2024-04-17,2024-04-21,3131.0,False,4,2024
ORD03518,Kitchen Gadgets,Kitchen Gadgets,Aurangabad,Yiwu Global Trade,147.72,332.07,4,2,2023-05-26,2023-05-28,737.4,False,5,2023
ORD03519,Mobile Accessories,Mobile Accessories,Mumbai,Yiwu Global Trade,125.59,323.2,11,1,2023-04-19,2023-04-20,2173.71,False,4,2023
ORD03520,Mobile Accessories,Mobile Accessories,Pune,Guangzhou Imports,239.8,712.15,2,3,2024-05-08,2024-05-11,944.7,False,5,2024
ORD03521,LED Lights,LED Lights,Nagpur,Shenzhen Traders,373.55,817.02,4,3,2024-02-17,2024-02-20,1773.88,False,2,2024
ORD03522,Home Decor,Home Decor,Aurangabad,Dragon Supply Co,316.31,715.87,1,2,2023-05-22,2023-05-24,399.56,True,5,2023
ORD03523,Smart Watches,Smart Watches,Nashik,Shenzhen Traders,958.93,2553.69,3,4,2023-06-16,2023-06-20,4784.28,False,6,2023
ORD03524,Kitchen Gadgets,Kitchen Gadgets,Thane,Yiwu Global Trade,237.15,686.59,1,3,2024-11-03,2024-11-06,449.44,False,11,2024
ORD03525,Mobile Accessories,Mobile Accessories,Pune,Guangzhou Imports,112.98,240.58,3,9,2024-06-14,2024-06-23,382.8,True,6,2024
ORD03526,Smart Watches,Smart Watches,Aurangabad,Shenzhen Traders,984.89,2126.01,7,4,2024-11-26,2024-11-30,7987.84,False,11,2024
ORD03527,Bluetooth Speakers,Bluetooth Speakers,Mumbai,Dragon Supply Co,503.81,1160.93,7,0,2024-05-24,2024-05-24,4599.84,False,5,2024
ORD03528,Bluetooth Speakers,Bluetooth Speakers,Nagpur,Dragon Supply Co,780.39,1719.4,3,6,2023-06-05,2023-06-11,2817.03,False,6,2023
ORD03529,Kitchen Gadgets,Kitchen Gadgets,Nagpur,Yiwu Global Trade,369.05,785.8,2,3,2024-03-07,2024-03-10,833.5,False,3,2024
ORD03530,Smart Watches,Smart Watches,Mumbai,Guangzhou Imports,1663.12,4145.54,5,2,2024-10-30,2024-11-01,12412.1,False,10,2024
ORD03531,Kitchen Gadgets,Kitchen Gadgets,Mumbai,Guangzhou Imports,276.94,765.56,1,6,2023-03-10,2023-03-16,488.62,False,3,2023
ORD03532,Bluetooth Speakers,Bluetooth Speakers,Aurangabad,Dragon Supply Co,621.29,990.99,1,11,2024-10-27,2024-11-07,369.7,True,10,2024
ORD03533,Kitchen Gadgets,Kitchen Gadgets,Thane,Yiwu Global Trade,177.77,477.67,1,2,2023-02-20,2023-02-22,299.9,False,2,2023
ORD03534,Kitchen Gadgets,Kitchen Gadgets,Mumbai,Guangzhou Imports,335.92,922.66,2,4,2023-09-11,2023-09-15,1173.48,False,9,2023
ORD03535,Home Decor,Home Decor,Thane,Dragon Supply Co,194.33,469.51,4,0,2024-05-20,2024-05-20,1100.72,False,5,2024
ORD03536,Smart Watches,Smart Watches,Nagpur,Shenzhen Traders,954.49,2480.85,7,5,2023-02-28,2023-03-05,10684.52,False,2,2023
ORD03537,LED Lights,LED Lights,Nashik,Dragon Supply Co,301.36,767.3,4,12,2024-07-22,2024-08-03,1863.76,False,7,2024
ORD03538,LED Lights,LED Lights,Nashik,Dragon Supply Co,418.49,1152.33,1,10,2024-12-20,2024-12-30,733.84,False,12,2024
ORD03539,LED Lights,LED Lights,Mumbai,Shenzhen Traders,182.46,495.35,12,5,2023-11-07,2023-11-12,3754.68,False,11,2023
ORD03540,Mobile Accessories,Mobile Accessories,Mumbai,Guangzhou Imports,211.18,647.43,2,3,2023-06-16,2023-06-19,872.5,False,6,2023
ORD03541,Smart Watches,Smart Watches,Nagpur,Shenzhen Traders,971.42,2364.21,4,7,2024-08-03,2024-08-10,5571.16,False,8,2024
ORD03542,Kitchen Gadgets,Kitchen Gadgets,Mumbai,Yiwu Global Trade,160.79,476.16,5,3,2023-01-28,2023-01-31,1576.85,False,1,2023
ORD03543,Mobile Accessories,Mobile Accessories,Aurangabad,Guangzhou Imports,121.6,230.33,28,6,2024-10-07,2024-10-13,3044.44,False,10,2024
ORD03544,Smart Watches,Smart Watches,Pune,Guangzhou Imports,1769.44,3699.58,1,6,2023-07-09,2023-07-15,1930.14,False,7,2023
ORD03545,Mobile Accessories,Mobile Accessories,Mumbai,Yiwu Global Trade,215.36,593.56,1,3,2023-01-30,2023-02-02,378.2,False,1,2023
ORD03546,Bluetooth Speakers,Bluetooth Speakers,Nashik,Shenzhen Traders,464.48,945.47,4,5,2024-10-16,2024-10-21,1923.96,False,10,2024
ORD03547,Mobile Accessories,Mobile Accessories,Mumbai,Guangzhou Imports,121.87,376.19,9,6,2023-04-22,2023-04-28,2288.88,False,4,2023
ORD03548,Mobile Accessories,Mobile Accessories,Thane,Guangzhou Imports,84.53,218.94,1,7,2023-11-12,2023-11-19,134.41,False,11,2023
ORD03549,Home Decor,Home Decor,Mumbai,Yiwu Global Trade,281.28,907.2,1,2,2023-07-22,2023-07-24,625.92,False,7,2023
ORD03550,LED Lights,LED Lights,Thane,Shenzhen Traders,193.81,538.81,4,2,2023-11-10,2023-11-12,1380.0,False,11,2023
ORD03551,Bluetooth Speakers,Bluetooth Speakers,Thane,Shenzhen Traders,686.45,1599.67,3,2,2023-01-23,2023-01-25,2739.66,False,1,2023
ORD03552,LED Lights,LED Lights,Mumbai,Shenzhen Traders,299.14,657.54,3,1,2024-01-01,2024-01-02,1075.2,False,1,2024
ORD03553,Smart Watches,Smart Watches,Mumbai,Guangzhou Imports,725.4,1459.44,5,6,2024-08-21,2024-08-27,3670.2,False,8,2024
ORD03554,Smart Watches,Smart Watches,Nagpur,Shenzhen Traders,1686.94,3835.29,5,7,2023-01-27,2023-02-03,10741.75,False,1,2023
ORD03555,LED Lights,LED Lights,Mumbai,Shenzhen Traders,287.12,776.08,21,3,2023-08-11,2023-08-14,10268.16,False,8,2023
ORD03556,Smart Watches,Smart Watches,Nashik,Shenzhen Traders,797.33,1864.83,24,3,2024-03-04,2024-03-07,25620.0,False,3,2024
ORD03557,Bluetooth Speakers,Bluetooth Speakers,Mumbai,Shenzhen Traders,819.18,1917.45,5,0,2024-01-28,2024-01-28,5491.35,False,1,2024
ORD03558,Bluetooth Speakers,Bluetooth Speakers,Thane,Dragon Supply Co,428.03,820.87,4,4,2024-06-27,2024-07-01,1571.36,False,6,2024
ORD03559,LED Lights,LED Lights,Thane,Dragon Supply Co,234.86,470.78,3,6,2023-05-22,2023-05-28,707.76,False,5,2023
ORD03560,Home Decor,Home Decor,Pune,Dragon Supply Co,121.61,277.2,14,5,2023-11-08,2023-11-13,2178.26,False,11,2023
ORD03561,LED Lights,LED Lights,Pune,Shenzhen Traders,235.27,384.03,5,3,2024-09-23,2024-09-26,743.8,True,9,2024
ORD03562,LED Lights,LED Lights,Mumbai,Dragon Supply Co,365.25,767.16,3,12,2024-06-26,2024-07-08,1205.73,False,6,2024
ORD03563,Smart Watches,Smart Watches,Nashik,Shenzhen Traders,706.77,1894.91,9,1,2023-03-12,2023-03-13,10693.26,False,3,2023
ORD03564,Kitchen Gadgets,Kitchen Gadgets,Nagpur,Guangzhou Imports,187.84,496.82,2,5,2024-07-03,2024-07-08,617.96,False,7,2024
ORD03565,Home Decor,Home Decor,Thane,Dragon Supply Co,125.26,290.79,6,2,2024-04-22,2024-04-24,993.18,False,4,2024
ORD03566,Home Decor,Home Decor,Nagpur,Dragon Supply Co,245.34,763.14,8,17,2023-07-20,2023-08-06,4142.4,False,7,2023
ORD03567,LED Lights,LED Lights,Nashik,Shenzhen Traders,412.59,949.99,2,5,2024-03-18,2024-03-23,1074.8,False,3,2024
ORD03568,Bluetooth Speakers,Bluetooth Speakers,Pune,Dragon Supply Co,698.73,1733.31,3,4,2024-07-23,2024-07-27,3103.74,False,7,2024
ORD03569,Mobile Accessories,Mobile Accessories,Thane,Guangzhou Imports,180.11,572.87,1,7,2024-05-04,2024-05-11,392.76,False,5,2024
ORD03570,LED Lights,LED Lights,Thane,Dragon Supply Co,406.26,879.93,1,10,2023-02-01,2023-02-11,473.67,False,2,2023
ORD03571,Kitchen Gadgets,Kitchen Gadgets,Aurangabad,Guangzhou Imports,191.48,554.35,12,7,2023-12-17,2023-12-24,4354.44,False,12,2023
ORD03572,Kitchen Gadgets,Kitchen Gadgets,Nashik,Guangzhou Imports,257.91,734.16,9,7,2024-02-17,2024-02-24,4286.25,False,2,2024
ORD03573,Smart Watches,Smart Watches,Nashik,Guangzhou Imports,1199.5,2787.19,1,2,2023-01-19,2023-01-21,1587.69,False,1,2023
ORD03574,Home Decor,Home Decor,Pune,Dragon Supply Co,118.83,351.72,12,0,2023-07-04,2023-07-04,2794.68,False,7,2023
ORD03575,Smart Watches,Smart Watches,Thane,Shenzhen Traders,1383.3,3119.49,11,3,2024-07-01,2024-07-04,19098.09,False,7,2024
ORD03576,Kitchen Gadgets,Kitchen Gadgets,Mumbai,Guangzhou Imports,161.35,365.49,2,8,2023-03-19,2023-03-27,408.28,False,3,2023
ORD03577,LED Lights,LED Lights,Pune,Shenzhen Traders,371.0,1088.45,4,3,2023-09-21,2023-09-24,2869.8,False,9,2023
ORD03578,Smart Watches,Smart Watches,Mumbai,Guangzhou Imports,1122.87,2774.82,7,5,2024-05-26,2024-05-31,11563.65,False,5,2024
ORD03579,Mobile Accessories,Mobile Accessories,Mumbai,Guangzhou Imports,240.78,700.69,4,11,2024-07-29,2024-08-09,1839.64,False,7,2024
ORD03580,Smart Watches,Smart Watches,Mumbai,Shenzhen Traders,1309.41,3241.07,1,6,2024-04-07,2024-04-13,1931.66,False,4,2024
ORD03581,Kitchen Gadgets,Kitchen Gadgets,Pune,Guangzhou Imports,336.18,840.13,7,7,2024-12-09,2024-12-16,3527.65,False,12,2024
ORD03582,Bluetooth Speakers,Bluetooth Speakers,Mumbai,Dragon Supply Co,807.07,1727.04,10,13,2024-11-24,2024-12-07,9199.7,False,11,2024
ORD03583,Kitchen Gadgets,Kitchen Gadgets,Pune,Guangzhou Imports,168.13,425.28,6,5,2023-06-18,2023-06-23,1542.9,False,6,2023
ORD03584,LED Lights,LED Lights,Nashik,Shenzhen Traders,327.49,671.32,3,1,2024-05-27,2024-05-28,1031.49,False,5,2024
ORD03585,Kitchen Gadgets,Kitchen Gadgets,Mumbai,Yiwu Global Trade,318.38,822.97,5,4,2023-05-24,2023-05-28,2522.95,False,5,2023
ORD03586,Mobile Accessories,Mobile Accessories,Thane,Yiwu Global Trade,95.92,300.18,4,1,2024-10-20,2024-10-21,817.04,False,10,2024
ORD03587,LED Lights,LED Lights,Pune,Shenzhen Traders,185.1,468.1,8,4,2023-06-16,2023-06-20,2264.0,False,6,2023
ORD03588,Home Decor,Home Decor,Pune,Yiwu Global Trade,154.63,362.48,5,4,2023-12-23,2023-12-27,1039.25,False,12,2023
ORD03589,Bluetooth Speakers,Bluetooth Speakers,Pune,Dragon Supply Co,589.76,1174.13,4,0,2024-11-30,2024-11-30,2337.48,False,11,2024
ORD03590,Home Decor,Home Decor,Mumbai,Dragon Supply Co,221.66,553.43,14,17,2024-12-30,2025-01-16,4644.78,False,12,2024
ORD03591,Smart Watches,Smart Watches,Mumbai,Guangzhou Imports,1600.09,4043.79,1,5,2024-01-13,2024-01-18,2443.7,False,1,2024
ORD03592,Home Decor,Home Decor,Mumbai,Yiwu Global Trade,289.49,711.48,5,4,2024-12-17,2024-12-21,2109.95,False,12,2024
ORD03593,LED Lights,LED Lights,Mumbai,Dragon Supply Co,202.36,492.8,1,13,2024-08-05,2024-08-18,290.44,False,8,2024
ORD03594,Mobile Accessories,Mobile Accessories,Pune,Guangzhou Imports,126.92,373.65,3,2,2023-01-23,2023-01-25,740.19,False,1,2023
ORD03595,Home Decor,Home Decor,Pune,Yiwu Global Trade,196.7,601.12,1,2,2024-08-07,2024-08-09,404.42,False,8,2024
ORD03596,Smart Watches,Smart Watches,Aurangabad,Guangzhou Imports,1678.44,4366.7,6,4,2024-07-08,2024-07-12,16129.56,False,7,2024
ORD03597,Home Decor,Home Decor,Thane,Yiwu Global Trade,229.01,557.43,9,1,2023-04-02,2023-04-03,2955.78,False,4,2023
ORD03598,Smart Watches,Smart Watches,Thane,Guangzhou Imports,1194.39,3208.94,5,7,2024-10-08,2024-10-15,10072.75,False,10,2024
ORD03599,Kitchen Gadgets,Kitchen Gadgets,Mumbai,Guangzhou Imports,142.5,407.78,2,5,2023-02-28,2023-03-05,530.56,False,2,2023
ORD03600,Kitchen Gadgets,Kitchen Gadgets,Mumbai,Yiwu Global Trade,301.31,643.92,10,2,2024-09-16,2024-09-18,3426.1,False,9,2024
ORD03601,Kitchen Gadgets,Kitchen Gadgets,Pune,Yiwu Global Trade,189.32,443.12,2,2,2024-12-28,2024-12-30,507.6,False,12,2024
ORD03602,Mobile Accessories,Mobile Accessories,Mumbai,Guangzhou Imports,152.83,346.82,3,6,2024-12-06,2024-12-12,581.97,False,12,2024
ORD03603,Bluetooth Speakers,Bluetooth Speakers,Pune,Shenzhen Traders,768.47,1465.89,12,7,2023-10-31,2023-11-07,8369.04,False,10,2023
ORD03604,Smart Watches,Smart Watches,Nashik,Guangzhou Imports,1085.28,2831.34,1,5,2023-08-05,2023-08-10,1746.06,False,8,2023
ORD03605,Kitchen Gadgets,Kitchen Gadgets,Mumbai,Yiwu Global Trade,241.58,550.34,3,3,2023-02-05,2023-02-08,926.28,False,2,2023
ORD03606,Home Decor,Home Decor,Mumbai,Dragon Supply Co,92.78,319.58,5,4,2024-01-01,2024-01-05,1134.0,False,1,2024
ORD03607,Mobile Accessories,Mobile Accessories,Nagpur,Yiwu Global Trade,133.2,378.11,5,4,2024-05-02,2024-05-06,1224.55,False,5,2024
ORD03608,LED Lights,LED Lights,Nashik,Dragon Supply Co,236.27,656.88,6,4,2024-01-05,2024-01-09,2523.66,False,1,2024
ORD03609,LED Lights,LED Lights,Pune,Shenzhen Traders,198.64,530.76,2,4,2024-02-14,2024-02-18,664.24,False,2,2024
ORD03610,Bluetooth Speakers,Bluetooth Speakers,Nashik,Shenzhen Traders,511.48,1134.94,5,3,2023-03-23,2023-03-26,3117.3,False,3,2023
ORD03611,Kitchen Gadgets,Kitchen Gadgets,Mumbai,Guangzhou Imports,238.83,586.7,1,5,2023-07-12,2023-07-17,347.87,False,7,2023
ORD03612,Kitchen Gadgets,Kitchen Gadgets,Thane,Guangzhou Imports,370.38,894.94,3,6,2024-07-05,2024-07-11,1573.68,False,7,2024
ORD03613,Bluetooth Speakers,Bluetooth Speakers,Mumbai,Shenzhen Traders,832.26,2021.15,9,5,2023-10-16,2023-10-21,10700.01,False,10,2023
ORD03614,LED Lights,LED Lights,Nashik,Dragon Supply Co,391.74,817.61,4,7,2024-02-11,2024-02-18,1703.48,False,2,2024
ORD03615,Kitchen Gadgets,Kitchen Gadgets,Aurangabad,Yiwu Global Trade,158.78,401.37,1,2,2024-03-16,2024-03-18,242.59,False,3,2024
ORD03616,Kitchen Gadgets,Kitchen Gadgets,Mumbai,Yiwu Global Trade,254.43,610.9,1,4,2024-06-12,2024-06-16,356.47,False,6,2024
ORD03617,Home Decor,Home Decor,Mumbai,Dragon Supply Co,314.55,840.59,7,10,2024-12-02,2024-12-12,3682.28,False,12,2024
ORD03618,Bluetooth Speakers,Bluetooth Speakers,Pune,Dragon Supply Co,370.08,886.02,9,5,2023-07-17,2023-07-22,4643.46,False,7,2023
ORD03619,Bluetooth Speakers,Bluetooth Speakers,Mumbai,Dragon Supply Co,568.0,1335.5,1,0,2023-12-25,2023-12-25,767.5,False,12,2023
ORD03620,LED Lights,LED Lights,Pune,Dragon Supply Co,369.95,1074.62,4,9,2023-02-11,2023-02-20,2818.68,False,2,2023
ORD03621,Mobile Accessories,Mobile Accessories,Nashik,Guangzhou Imports,151.51,461.04,5,7,2023-09-01,2023-09-08,1547.65,False,9,2023
ORD03622,Kitchen Gadgets,Kitchen Gadgets,Thane,Guangzhou Imports,279.72,781.53,2,3,2024-03-12,2024-03-15,1003.62,False,3,2024
ORD03623,Home Decor,Home Decor,Pune,Dragon Supply Co,205.55,540.25,2,8,2024-06-14,2024-06-22,669.4,False,6,2024
ORD03624,LED Lights,LED Lights,Pune,Dragon Supply Co,229.26,553.6,6,9,2023-04-14,2023-04-23,1946.04,False,4,2023
ORD03625,Mobile Accessories,Mobile Accessories,Aurangabad,Yiwu Global Trade,84.09,250.7,9,4,2024-11-19,2024-11-23,1499.49,False,11,2024
ORD03626,Home Decor,Home Decor,Thane,Dragon Supply Co,284.08,860.15,12,17,2024-01-12,2024-01-29,6912.84,False,1,2024
ORD03627,Mobile Accessories,Mobile Accessories,Nashik,Guangzhou Imports,89.98,243.58,5,11,2024-10-03,2024-10-14,768.0,False,10,2024
ORD03628,Home Decor,Home Decor,Nagpur,Yiwu Global Trade,182.34,400.82,9,2,2023-07-23,2023-07-25,1966.32,True,7,2023
ORD03629,Bluetooth Speakers,Bluetooth Speakers,Mumbai,Dragon Supply Co,383.66,747.68,1,14,2024-11-18,2024-12-02,364.02,False,11,2024
ORD03630,Kitchen Gadgets,Kitchen Gadgets,Pune,Yiwu Global Trade,365.31,957.91,1,2,2023-10-27,2023-10-29,592.6,False,10,2023
ORD03631,Kitchen Gadgets,Kitchen Gadgets,Nashik,Yiwu Global Trade,267.33,690.48,2,1,2023-04-05,2023-04-06,846.3,False,4,2023
ORD03632,LED Lights,LED Lights,Pune,Shenzhen Traders,257.49,742.49,8,3,2024-12-15,2024-12-18,3880.0,False,12,2024
ORD03633,Mobile Accessories,Mobile Accessories,Mumbai,Yiwu Global Trade,205.38,634.8,1,4,2024-05-20,2024-05-24,429.42,False,5,2024
ORD03634,Smart Watches,Smart Watches,Mumbai,Guangzhou Imports,1325.41,2818.07,2,4,2024-07-26,2024-07-30,2985.32,False,7,2024
ORD03635,Home Decor,Home Decor,Aurangabad,Yiwu Global Trade,110.03,352.36,1,2,2024-11-10,2024-11-12,242.33,False,11,2024
ORD03636,Smart Watches,Smart Watches,Mumbai,Shenzhen Traders,1062.61,2606.01,3,1,2023-11-14,2023-11-15,4630.2,False,11,2023
ORD03637,Bluetooth Speakers,Bluetooth Speakers,Aurangabad,Dragon Supply Co,679.35,1320.97,8,7,2023-11-12,2023-11-19,5132.96,False,11,2023
ORD03638,Kitchen Gadgets,Kitchen Gadgets,Mumbai,Guangzhou Imports,215.64,646.19,3,3,2023-03-11,2023-03-14,1291.65,False,3,2023
ORD03639,Smart Watches,Smart Watches,Nagpur,Shenzhen Traders,1239.52,3248.31,12,2,2024-06-06,2024-06-08,24105.48,False,6,2024
ORD03640,Mobile Accessories,Mobile Accessories,Nashik,Guangzhou Imports,213.08,590.49,4,1,2024-02-26,2024-02-27,1509.64,False,2,2024
ORD03641,LED Lights,LED Lights,Nashik,Dragon Supply Co,206.8,511.1,7,6,2023-11-04,2023-11-10,2130.1,False,11,2023
ORD03642,LED Lights,LED Lights,Nagpur,Dragon Supply Co,408.92,928.69,4,10,2024-03-14,2024-03-24,2079.08,False,3,2024
ORD03643,LED Lights,LED Lights,Thane,Dragon Supply Co,306.65,878.15,1,13,2024-04-27,2024-05-10,571.5,False,4,2024
ORD03644,LED Lights,LED Lights,Pune,Shenzhen Traders,384.22,1107.51,3,5,2024-09-09,2024-09-14,2169.87,False,9,2024
ORD03645,Home Decor,Home Decor,Thane,Yiwu Global Trade,240.43,390.64,3,3,2024-06-13,2024-06-16,450.63,True,6,2024
ORD03646,Bluetooth Speakers,Bluetooth Speakers,Mumbai,Dragon Supply Co,379.92,881.17,14,19,2023-06-18,2023-07-07,7017.5,False,6,2023
ORD03647,Home Decor,Home Decor,Mumbai,Dragon Supply Co,292.36,720.57,1,16,2024-07-06,2024-07-22,428.21,False,7,2024
ORD03648,Kitchen Gadgets,Kitchen Gadgets,Pune,Yiwu Global Trade,353.55,1048.22,4,3,2023-09-22,2023-09-25,2778.68,False,9,2023
ORD03649,Mobile Accessories,Mobile Accessories,Mumbai,Yiwu Global Trade,108.15,337.88,3,4,2024-02-02,2024-02-06,689.19,False,2,2024
ORD03650,Home Decor,Home Decor,Thane,Dragon Supply Co,283.76,744.62,2,6,2023-08-29,2023-09-04,921.72,False,8,2023
ORD03651,Home Decor,Home Decor,Pune,Yiwu Global Trade,208.76,638.33,1,3,2023-08-10,2023-08-13,429.57,False,8,2023
ORD03652,Kitchen Gadgets,Kitchen Gadgets,Nagpur,Yiwu Global Trade,241.4,566.82,16,2,2024-01-21,2024-01-23,5206.72,False,1,2024
ORD03653,Kitchen Gadgets,Kitchen Gadgets,Pune,Yiwu Global Trade,274.01,603.12,4,4,2023-10-14,2023-10-18,1316.44,False,10,2023
ORD03654,Bluetooth Speakers,Bluetooth Speakers,Mumbai,Dragon Supply Co,609.74,928.05,2,1,2023-09-18,2023-09-19,636.62,True,9,2023
ORD03655,LED Lights,LED Lights,Thane,Shenzhen Traders,237.63,503.79,1,4,2024-12-15,2024-12-19,266.16,False,12,2024
ORD03656,Mobile Accessories,Mobile Accessories,Mumbai,Yiwu Global Trade,233.23,506.2,7,4,2023-10-02,2023-10-06,1910.79,False,10,2023
ORD03657,Smart Watches,Smart Watches,Nagpur,Guangzhou Imports,861.46,1897.34,4,7,2024-11-04,2024-11-11,4143.52,False,11,2024
ORD03658,Home Decor,Home Decor,Thane,Dragon Supply Co,108.68,240.64,1,5,2024-12-14,2024-12-19,131.96,False,12,2024
ORD03659,Home Decor,Home Decor,Mumbai,Yiwu Global Trade,241.25,648.03,1,3,2023-07-29,2023-08-01,406.78,False,7,2023
ORD03660,LED Lights,LED Lights,Aurangabad,Shenzhen Traders,217.49,483.44,3,7,2023-03-21,2023-03-28,797.85,False,3,2023
ORD03661,LED Lights,LED Lights,Nagpur,Shenzhen Traders,243.9,597.88,4,0,2024-06-13,2024-06-13,1415.92,False,6,2024
ORD03662,Home Decor,Home Decor,Mumbai,Yiwu Global Trade,176.65,394.38,7,3,2024-06-05,2024-06-08,1524.11,True,6,2024
ORD03663,Smart Watches,Smart Watches,Pune,Shenzhen Traders,802.9,2097.08,8,4,2023-03-24,2023-03-28,10353.44,False,3,2023
ORD03664,LED Lights,LED Lights,Pune,Dragon Supply Co,347.62,842.95,2,8,2024-05-07,2024-05-15,990.66,False,5,2024
ORD03665,LED Lights,LED Lights,Thane,Dragon Supply Co,366.93,585.21,4,2,2024-08-27,2024-08-29,873.12,True,8,2024
ORD03666,Mobile Accessories,Mobile Accessories,Thane,Yiwu Global Trade,126.24,382.26,6,2,2023-06-21,2023-06-23,1536.12,False,6,2023
ORD03667,Mobile Accessories,Mobile Accessories,Pune,Guangzhou Imports,201.86,491.02,2,4,2023-04-30,2023-05-04,578.32,False,4,2023
ORD03668,Kitchen Gadgets,Kitchen Gadgets,Mumbai,Guangzhou Imports,305.2,753.84,2,9,2023-02-02,2023-02-11,897.28,False,2,2023
ORD03669,Mobile Accessories,Mobile Accessories,Pune,Guangzhou Imports,144.8,424.19,1,4,2023-11-26,2023-11-30,279.39,False,11,2023
ORD03670,Kitchen Gadgets,Kitchen Gadgets,Mumbai,Guangzhou Imports,139.16,338.93,9,3,2024-12-28,2024-12-31,1797.93,False,12,2024
ORD03671,Bluetooth Speakers,Bluetooth Speakers,Mumbai,Dragon Supply Co,377.77,785.61,6,1,2023-06-29,2023-06-30,2447.04,False,6,2023
ORD03672,Bluetooth Speakers,Bluetooth Speakers,Mumbai,Dragon Supply Co,575.9,940.87,6,17,2024-09-11,2024-09-28,2189.82,True,9,2024
ORD03673,Bluetooth Speakers,Bluetooth Speakers,Mumbai,Shenzhen Traders,599.54,1530.02,10,1,2023-04-27,2023-04-28,9304.8,False,4,2023
ORD03674,Mobile Accessories,Mobile Accessories,Thane,Guangzhou Imports,144.08,458.08,2,7,2024-05-25,2024-06-01,628.0,False,5,2024
ORD03675,Kitchen Gadgets,Kitchen Gadgets,Nagpur,Yiwu Global Trade,311.68,876.45,1,2,2023-04-25,2023-04-27,564.77,False,4,2023
ORD03676,Mobile Accessories,Mobile Accessories,Pune,Guangzhou Imports,173.98,429.46,5,3,2023-02-19,2023-02-22,1277.4,False,2,2023
ORD03677,Kitchen Gadgets,Kitchen Gadgets,Nashik,Guangzhou Imports,237.24,538.19,15,0,2024-06-11,2024-06-11,4514.25,False,6,2024
ORD03678,Bluetooth Speakers,Bluetooth Speakers,Pune,Dragon Supply Co,485.88,771.26,8,6,2024-01-05,2024-01-11,2283.04,True,1,2024
ORD03679,Smart Watches,Smart Watches,Mumbai,Shenzhen Traders,880.16,2132.02,9,2,2023-04-16,2023-04-18,11266.74,False,4,2023
ORD03680,Kitchen Gadgets,Kitchen Gadgets,Mumbai,Yiwu Global Trade,152.77,225.52,2,2,2024-04-12,2024-04-14,145.5,True,4,2024
ORD03681,LED Lights,LED Lights,Mumbai,Dragon Supply Co,336.57,894.68,5,11,2024-06-03,2024-06-14,2790.55,False,6,2024
ORD03682,Bluetooth Speakers,Bluetooth Speakers,Thane,Dragon Supply Co,748.41,1916.47,10,8,2023-09-15,2023-09-23,11680.6,False,9,2023
ORD03683,Smart Watches,Smart Watches,Thane,Shenzhen Traders,1651.32,4268.45,8,3,2023-08-08,2023-08-11,20937.04,False,8,2023
ORD03684,Mobile Accessories,Mobile Accessories,Mumbai,Yiwu Global Trade,114.7,336.78,9,2,2023-11-05,2023-11-07,1998.72,False,11,2023
ORD03685,Mobile Accessories,Mobile Accessories,Mumbai,Yiwu Global Trade,180.54,461.5,18,2,2024-04-03,2024-04-05,5057.28,False,4,2024
ORD03686,Home Decor,Home Decor,Mumbai,Dragon Supply Co,260.73,799.73,2,14,2023-05-02,2023-05-16,1078.0,False,5,2023
ORD03687,Smart Watches,Smart Watches,Pune,Shenzhen Traders,1765.06,4446.49,2,4,2023-11-27,2023-12-01,5362.86,False,11,2023
ORD03688,Mobile Accessories,Mobile Accessories,Pune,Guangzhou Imports,119.46,310.4,1,1,2023-07-31,2023-08-01,190.94,False,7,2023
ORD03689,Bluetooth Speakers,Bluetooth Speakers,Nagpur,Shenzhen Traders,790.22,1845.69,16,6,2023-11-27,2023-12-03,16887.52,False,11,2023
ORD03690,Kitchen Gadgets,Kitchen Gadgets,Mumbai,Guangzhou Imports,363.8,1071.81,2,5,2023-07-13,2023-07-18,1416.02,False,7,2023
ORD03691,Kitchen Gadgets,Kitchen Gadgets,Nagpur,Yiwu Global Trade,342.9,844.24,6,1,2023-08-31,2023-09-01,3008.04,False,8,2023
ORD03692,LED Lights,LED Lights,Pune,Shenzhen Traders,267.48,492.04,5,3,2024-11-20,2024-11-23,1122.8,True,11,2024
ORD03693,Kitchen Gadgets,Kitchen Gadgets,Pune,Guangzhou Imports,363.48,904.18,8,5,2024-11-25,2024-11-30,4325.6,False,11,2024
ORD03694,Bluetooth Speakers,Bluetooth Speakers,Thane,Dragon Supply Co,708.4,1709.21,1,3,2024-04-11,2024-04-14,1000.81,False,4,2024
ORD03695,Smart Watches,Smart Watches,Pune,Shenzhen Traders,1564.71,3514.16,6,5,2024-02-24,2024-02-29,11696.7,False,2,2024
ORD03696,Home Decor,Home Decor,Pune,Yiwu Global Trade,311.8,952.13,2,2,2023-11-04,2023-11-06,1280.66,False,11,2023
ORD03697,Kitchen Gadgets,Kitchen Gadgets,Thane,Guangzhou Imports,145.2,311.69,5,8,2023-11-30,2023-12-08,832.45,False,11,2023
ORD03698,Mobile Accessories,Mobile Accessories,Mumbai,Guangzhou Imports,248.4,568.7,4,10,2024-07-26,2024-08-05,1281.2,False,7,2024
ORD03699,LED Lights,LED Lights,Aurangabad,Shenzhen Traders,215.19,502.15,1,4,2023-04-05,2023-04-09,286.96,False,4,2023
ORD03700,Kitchen Gadgets,Kitchen Gadgets,Nagpur,Yiwu Global Trade,254.07,577.76,4,3,2024-09-18,2024-09-21,1294.76,False,9,2024
ORD03701,Mobile Accessories,Mobile Accessories,Nashik,Yiwu Global Trade,217.76,651.65,1,4,2023-09-22,2023-09-26,433.89,False,9,2023
ORD03702,Bluetooth Speakers,Bluetooth Speakers,Nagpur,Shenzhen Traders,350.05,731.48,5,4,2024-01-06,2024-01-10,1907.15,False,1,2024
ORD03703,Bluetooth Speakers,Bluetooth Speakers,Thane,Shenzhen Traders,775.96,1645.54,9,5,2023-03-24,2023-03-29,7826.22,False,3,2023
ORD03704,LED Lights,LED Lights,Pune,Dragon Supply Co,198.29,382.69,5,9,2023-12-03,2023-12-12,922.0,True,12,2023
ORD03705,Bluetooth Speakers,Bluetooth Speakers,Aurangabad,Dragon Supply Co,728.43,1819.13,2,3,2024-09-30,2024-10-03,2181.4,False,9,2024
ORD03706,LED Lights,LED Lights,Nashik,Dragon Supply Co,410.64,889.63,9,9,2023-03-28,2023-04-06,4310.91,False,3,2023
ORD03707,Smart Watches,Smart Watches,Mumbai,Shenzhen Traders,1091.06,2121.13,27,3,2024-01-22,2024-01-25,27811.89,True,1,2024
ORD03708,LED Lights,LED Lights,Pune,Dragon Supply Co,262.64,467.82,3,7,2023-06-27,2023-07-04,615.54,True,6,2023
ORD03709,Home Decor,Home Decor,Pune,Yiwu Global Trade,282.09,716.15,9,3,2024-05-01,2024-05-04,3906.54,False,5,2024
ORD03710,Kitchen Gadgets,Kitchen Gadgets,Nashik,Guangzhou Imports,184.71,498.67,12,7,2023-12-18,2023-12-25,3767.52,False,12,2023
ORD03711,LED Lights,LED Lights,Thane,Dragon Supply Co,180.65,412.8,13,8,2023-01-13,2023-01-21,3017.95,False,1,2023
ORD03712,LED Lights,LED Lights,Pune,Dragon Supply Co,254.82,647.13,1,13,2023-12-07,2023-12-20,392.31,False,12,2023
ORD03713,Mobile Accessories,Mobile Accessories,Mumbai,Guangzhou Imports,216.73,397.44,4,6,2023-07-12,2023-07-18,722.84,False,7,2023
ORD03714,Bluetooth Speakers,Bluetooth Speakers,Thane,Shenzhen Traders,771.95,1306.0,2,2,2024-11-14,2024-11-16,1068.1,True,11,2024
ORD03715,Kitchen Gadgets,Kitchen Gadgets,Thane,Guangzhou Imports,261.44,642.99,1,3,2023-10-22,2023-10-25,381.55,False,10,2023
ORD03716,Home Decor,Home Decor,Nashik,Yiwu Global Trade,212.86,471.74,16,2,2023-11-29,2023-12-01,4142.08,False,11,2023
ORD03717,Mobile Accessories,Mobile Accessories,Mumbai,Yiwu Global Trade,233.22,512.03,7,2,2023-12-08,2023-12-10,1951.67,False,12,2023
ORD03718,Kitchen Gadgets,Kitchen Gadgets,Thane,Yiwu Global Trade,307.82,741.32,4,3,2023-06-15,2023-06-18,1734.0,False,6,2023
ORD03719,Mobile Accessories,Mobile Accessories,Aurangabad,Guangzhou Imports,182.83,448.99,2,0,2024-07-17,2024-07-17,532.32,False,7,2024
ORD03720,LED Lights,LED Lights,Thane,Shenzhen Traders,381.7,949.43,2,3,2024-11-07,2024-11-10,1135.46,False,11,2024
ORD03721,Kitchen Gadgets,Kitchen Gadgets,Aurangabad,Guangzhou Imports,131.07,295.09,1,8,2023-12-01,2023-12-09,164.02,False,12,2023
ORD03722,Home Decor,Home Decor,Nagpur,Yiwu Global Trade,231.48,672.01,7,3,2023-12-18,2023-12-21,3083.71,False,12,2023
ORD03723,Home Decor,Home Decor,Thane,Dragon Supply Co,108.14,265.98,1,3,2023-07-29,2023-08-01,157.84,False,7,2023
ORD03724,Mobile Accessories,Mobile Accessories,Pune,Yiwu Global Trade,96.36,245.91,12,5,2024-04-25,2024-04-30,1794.6,False,4,2024
ORD03725,Kitchen Gadgets,Kitchen Gadgets,Pune,Yiwu Global Trade,328.09,760.14,2,2,2023-01-05,2023-01-07,864.1,False,1,2023
ORD03726,LED Lights,LED Lights,Mumbai,Dragon Supply Co,418.61,1171.57,14,6,2023-12-14,2023-12-20,10541.44,False,12,2023
ORD03727,Mobile Accessories,Mobile Accessories,Mumbai,Guangzhou Imports,118.4,363.13,1,6,2023-09-28,2023-10-04,244.73,False,9,2023
ORD03728,Bluetooth Speakers,Bluetooth Speakers,Aurangabad,Shenzhen Traders,549.85,1151.91,4,0,2023-08-07,2023-08-07,2408.24,False,8,2023
ORD03729,Home Decor,Home Decor,Thane,Yiwu Global Trade,246.15,758.78,14,2,2023-10-04,2023-10-06,7176.82,False,10,2023
ORD03730,Home Decor,Home Decor,Mumbai,Yiwu Global Trade,262.66,676.63,5,2,2024-06-10,2024-06-12,2069.85,False,6,2024
ORD03731,Kitchen Gadgets,Kitchen Gadgets,Nashik,Guangzhou Imports,269.91,669.13,4,3,2024-02-24,2024-02-27,1596.88,False,2,2024
ORD03732,Bluetooth Speakers,Bluetooth Speakers,Mumbai,Shenzhen Traders,574.09,1190.51,2,5,2024-02-23,2024-02-28,1232.84,False,2,2024
ORD03733,Kitchen Gadgets,Kitchen Gadgets,Thane,Guangzhou Imports,214.46,638.79,4,2,2024-11-16,2024-11-18,1697.32,False,11,2024
ORD03734,Bluetooth Speakers,Bluetooth Speakers,Nashik,Dragon Supply Co,515.66,1026.59,10,0,2024-01-08,2024-01-08,5109.3,False,1,2024
ORD03735,Kitchen Gadgets,Kitchen Gadgets,Mumbai,Guangzhou Imports,355.78,638.86,3,7,2024-06-14,2024-06-21,849.24,True,6,2024
ORD03736,LED Lights,LED Lights,Mumbai,Dragon Supply Co,275.09,615.85,1,9,2024-12-16,2024-12-25,340.76,False,12,2024
ORD03737,Smart Watches,Smart Watches,Mumbai,Shenzhen Traders,1260.54,3167.56,5,6,2024-10-16,2024-10-22,9535.1,False,10,2024
ORD03738,Bluetooth Speakers,Bluetooth Speakers,Thane,Shenzhen Traders,693.11,1121.46,1,1,2023-01-08,2023-01-09,428.35,True,1,2023
ORD03739,Mobile Accessories,Mobile Accessories,Nagpur,Guangzhou Imports,248.03,466.84,26,7,2024-11-21,2024-11-28,5689.06,False,11,2024
ORD03740,Home Decor,Home Decor,Mumbai,Yiwu Global Trade,121.11,362.22,2,2,2024-06-01,2024-06-03,482.22,False,6,2024
ORD03741,Home Decor,Home Decor,Thane,Yiwu Global Trade,195.82,525.25,6,3,2023-01-31,2023-02-03,1976.58,False,1,2023
ORD03742,Kitchen Gadgets,Kitchen Gadgets,Mumbai,Guangzhou Imports,149.15,400.37,1,5,2024-01-22,2024-01-27,251.22,False,1,2024
ORD03743,Bluetooth Speakers,Bluetooth Speakers,Mumbai,Dragon Supply Co,744.13,1638.03,6,3,2024-01-05,2024-01-08,5363.4,False,1,2024
ORD03744,Bluetooth Speakers,Bluetooth Speakers,Thane,Shenzhen Traders,871.14,2224.99,4,5,2023-05-20,2023-05-25,5415.4,False,5,2023
ORD03745,Smart Watches,Smart Watches,Aurangabad,Guangzhou Imports,1329.12,2803.98,7,7,2023-01-13,2023-01-20,10324.02,False,1,2023
ORD03746,Home Decor,Home Decor,Nashik,Dragon Supply Co,302.92,528.56,3,8,2023-04-19,2023-04-27,676.92,True,4,2023
ORD03747,Kitchen Gadgets,Kitchen Gadgets,Nagpur,Yiwu Global Trade,151.4,392.61,18,4,2023-12-22,2023-12-26,4341.78,False,12,2023
ORD03748,Home Decor,Home Decor,Nagpur,Dragon Supply Co,155.18,510.64,1,2,2024-03-10,2024-03-12,355.46,False,3,2024
ORD03749,Smart Watches,Smart Watches,Aurangabad,Guangzhou Imports,830.44,1772.41,5,8,2024-01-17,2024-01-25,4709.85,False,1,2024
ORD03750,Smart Watches,Smart Watches,Mumbai,Shenzhen Traders,1359.01,2774.92,11,4,2024-08-12,2024-08-16,15575.01,False,8,2024
ORD03751,Bluetooth Speakers,Bluetooth Speakers,Mumbai,Dragon Supply Co,796.39,1570.31,16,8,2023-12-08,2023-12-16,12382.72,False,12,2023
ORD03752,Mobile Accessories,Mobile Accessories,Nagpur,Yiwu Global Trade,85.18,154.57,2,3,2024-02-09,2024-02-12,138.78,False,2,2024
ORD03753,Home Decor,Home Decor,Thane,Yiwu Global Trade,297.41,811.32,5,4,2024-04-23,2024-04-27,2569.55,False,4,2024
ORD03754,Smart Watches,Smart Watches,Pune,Shenzhen Traders,1069.94,2200.66,1,2,2023-05-31,2023-06-02,1130.72,False,5,2023
ORD03755,Home Decor,Home Decor,Mumbai,Yiwu Global Trade,142.99,449.5,7,0,2023-01-30,2023-01-30,2145.57,False,1,2023
ORD03756,Bluetooth Speakers,Bluetooth Speakers,Thane,Shenzhen Traders,523.82,1015.05,7,3,2023-01-22,2023-01-25,3438.61,False,1,2023
ORD03757,Kitchen Gadgets,Kitchen Gadgets,Pune,Yiwu Global Trade,166.6,395.18,1,1,2024-09-08,2024-09-09,228.58,False,9,2024
ORD03758,Kitchen Gadgets,Kitchen Gadgets,Pune,Guangzhou Imports,267.46,575.29,2,9,2024-09-17,2024-09-26,615.66,False,9,2024
ORD03759,Smart Watches,Smart Watches,Mumbai,Guangzhou Imports,1432.01,3230.47,1,8,2023-07-26,2023-08-03,1798.46,False,7,2023
ORD03760,Bluetooth Speakers,Bluetooth Speakers,Pune,Dragon Supply Co,603.13,1387.72,2,9,2023-07-21,2023-07-30,1569.18,False,7,2023
ORD03761,Home Decor,Home Decor,Pune,Dragon Supply Co,261.03,676.18,4,2,2023-03-27,2023-03-29,1660.6,False,3,2023
ORD03762,Kitchen Gadgets,Kitchen Gadgets,Pune,Yiwu Global Trade,220.97,488.51,6,4,2024-07-30,2024-08-03,1605.24,False,7,2024
ORD03763,Smart Watches,Smart Watches,Mumbai,Guangzhou Imports,1421.14,3365.27,2,12,2024-05-17,2024-05-29,3888.26,False,5,2024
ORD03764,LED Lights,LED Lights,Nashik,Dragon Supply Co,191.8,419.22,4,15,2024-05-23,2024-06-07,909.68,False,5,2024
ORD03765,Home Decor,Home Decor,Thane,Dragon Supply Co,274.3,635.09,2,6,2024-09-21,2024-09-27,721.58,False,9,2024
ORD03766,LED Lights,LED Lights,Nagpur,Shenzhen Traders,219.35,571.07,10,2,2024-02-19,2024-02-21,3517.2,False,2,2024
ORD03767,Mobile Accessories,Mobile Accessories,Mumbai,Guangzhou Imports,218.95,605.68,5,1,2024-03-12,2024-03-13,1933.65,False,3,2024
ORD03768,Bluetooth Speakers,Bluetooth Speakers,Thane,Dragon Supply Co,423.29,971.82,1,3,2023-07-30,2023-08-02,548.53,False,7,2023
ORD03769,Smart Watches,Smart Watches,Mumbai,Guangzhou Imports,1648.86,4513.34,20,9,2024-10-31,2024-11-09,57289.6,False,10,2024
ORD03770,Mobile Accessories,Mobile Accessories,Aurangabad,Yiwu Global Trade,232.28,567.75,1,3,2024-03-21,2024-03-24,335.47,False,3,2024
ORD03771,Kitchen Gadgets,Kitchen Gadgets,Mumbai,Yiwu Global Trade,234.22,685.47,1,1,2023-10-31,2023-11-01,451.25,False,10,2023
ORD03772,Home Decor,Home Decor,Mumbai,Yiwu Global Trade,213.03,562.31,10,3,2023-02-16,2023-02-19,3492.8,False,2,2023
ORD03773,Mobile Accessories,Mobile Accessories,Nashik,Guangzhou Imports,83.69,161.65,7,6,2023-07-22,2023-07-28,545.72,False,7,2023
ORD03774,LED Lights,LED Lights,Pune,Shenzhen Traders,225.34,622.2,2,0,2024-02-16,2024-02-16,793.72,False,2,2024
ORD03775,Smart Watches,Smart Watches,Mumbai,Guangzhou Imports,1755.76,4206.3,10,1,2023-10-13,2023-10-14,24505.4,False,10,2023
ORD03776,Kitchen Gadgets,Kitchen Gadgets,Thane,Yiwu Global Trade,122.36,331.03,1,2,2023-12-15,2023-12-17,208.67,False,12,2023
ORD03777,Smart Watches,Smart Watches,Pune,Shenzhen Traders,959.04,2180.55,25,5,2024-06-11,2024-06-16,30537.75,False,6,2024
ORD03778,LED Lights,LED Lights,Pune,Dragon Supply Co,316.41,577.94,2,6,2023-12-31,2024-01-06,523.06,True,12,2023
ORD03779,Kitchen Gadgets,Kitchen Gadgets,Mumbai,Yiwu Global Trade,120.98,344.68,6,1,2023-06-25,2023-06-26,1342.2,False,6,2023
ORD03780,Mobile Accessories,Mobile Accessories,Nashik,Guangzhou Imports,111.33,318.59,3,0,2023-07-08,2023-07-08,621.78,False,7,2023
ORD03781,Home Decor,Home Decor,Thane,Yiwu Global Trade,203.34,570.91,3,1,2024-08-24,2024-08-25,1102.71,False,8,2024
ORD03782,LED Lights,LED Lights,Thane,Dragon Supply Co,301.5,892.47,5,13,2024-03-17,2024-03-30,2954.85,False,3,2024
ORD03783,Bluetooth Speakers,Bluetooth Speakers,Nashik,Shenzhen Traders,365.55,629.95,1,1,2024-02-07,2024-02-08,264.4,True,2,2024
ORD03784,Kitchen Gadgets,Kitchen Gadgets,Mumbai,Guangzhou Imports,218.4,465.43,5,10,2024-08-25,2024-09-04,1235.15,False,8,2024
ORD03785,Mobile Accessories,Mobile Accessories,Mumbai,Yiwu Global Trade,128.9,363.38,5,3,2024-06-24,2024-06-27,1172.4,False,6,2024
ORD03786,Bluetooth Speakers,Bluetooth Speakers,Nashik,Shenzhen Traders,422.75,665.01,4,1,2023-09-24,2023-09-25,969.04,True,9,2023
ORD03787,Home Decor,Home Decor,Pune,Dragon Supply Co,264.48,755.95,2,11,2024-10-01,2024-10-12,982.94,False,10,2024
ORD03788,Bluetooth Speakers,Bluetooth Speakers,Pune,Dragon Supply Co,859.3,2139.06,2,7,2024-06-23,2024-06-30,2559.52,False,6,2024
ORD03789,Mobile Accessories,Mobile Accessories,Thane,Guangzhou Imports,121.67,287.97,8,0,2024-12-17,2024-12-17,1330.4,False,12,2024
ORD03790,Home Decor,Home Decor,Nagpur,Dragon Supply Co,272.59,934.16,2,7,2024-12-02,2024-12-09,1323.14,False,12,2024
ORD03791,Smart Watches,Smart Watches,Nashik,Guangzhou Imports,975.13,2299.6,5,7,2024-11-08,2024-11-15,6622.35,False,11,2024
ORD03792,Bluetooth Speakers,Bluetooth Speakers,Mumbai,Dragon Supply Co,858.92,2221.73,3,10,2023-10-22,2023-11-01,4088.43,False,10,2023
ORD03793,Kitchen Gadgets,Kitchen Gadgets,Nashik,Guangzhou Imports,338.05,925.33,4,9,2023-06-07,2023-06-16,2349.12,False,6,2023
ORD03794,Kitchen Gadgets,Kitchen Gadgets,Mumbai,Yiwu Global Trade,357.61,913.86,1,2,2024-08-03,2024-08-05,556.25,False,8,2024
ORD03795,Home Decor,Home Decor,Thane,Dragon Supply Co,93.27,239.4,2,3,2024-06-03,2024-06-06,292.26,False,6,2024
ORD03796,Home Decor,Home Decor,Mumbai,Yiwu Global Trade,185.9,619.81,13,5,2023-02-05,2023-02-10,5640.83,False,2,2023
ORD03797,Mobile Accessories,Mobile Accessories,Nashik,Guangzhou Imports,245.81,530.99,2,8,2023-06-04,2023-06-12,570.36,False,6,2023
ORD03798,Mobile Accessories,Mobile Accessories,Mumbai,Guangzhou Imports,173.17,482.36,1,6,2023-02-08,2023-02-14,309.19,False,2,2023
ORD03799,Home Decor,Home Decor,Nashik,Yiwu Global Trade,299.35,786.81,6,1,2023-05-02,2023-05-03,2924.76,False,5,2023
ORD03800,Smart Watches,Smart Watches,Mumbai,Shenzhen Traders,654.7,1347.76,3,5,2023-02-14,2023-02-19,2079.18,False,2,2023
ORD03801,Bluetooth Speakers,Bluetooth Speakers,Mumbai,Dragon Supply Co,456.21,1055.72,7,11,2023-10-18,2023-10-29,4196.57,False,10,2023
ORD03802,Smart Watches,Smart Watches,Pune,Guangzhou Imports,1600.72,4391.28,1,8,2024-09-13,2024-09-21,2790.56,False,9,2024
ORD03803,Bluetooth Speakers,Bluetooth Speakers,Nashik,Shenzhen Traders,732.85,1425.36,19,2,2023-10-29,2023-10-31,13157.69,False,10,2023
ORD03804,Kitchen Gadgets,Kitchen Gadgets,Thane,Yiwu Global Trade,153.48,384.5,14,1,2024-10-23,2024-10-24,3234.28,False,10,2024
ORD03805,Home Decor,Home Decor,Mumbai,Dragon Supply Co,241.17,835.48,5,8,2023-03-07,2023-03-15,2971.55,False,3,2023
ORD03806,Bluetooth Speakers,Bluetooth Speakers,Pune,Dragon Supply Co,392.37,946.36,7,7,2024-10-08,2024-10-15,3877.93,False,10,2024
ORD03807,Smart Watches,Smart Watches,Pune,Guangzhou Imports,1187.67,3306.04,2,8,2023-03-06,2023-03-14,4236.74,False,3,2023
ORD03808,Smart Watches,Smart Watches,Mumbai,Guangzhou Imports,1431.37,3452.82,1,9,2023-05-22,2023-05-31,2021.45,False,5,2023
ORD03809,Kitchen Gadgets,Kitchen Gadgets,Nagpur,Guangzhou Imports,327.16,743.8,1,4,2024-07-14,2024-07-18,416.64,False,7,2024
ORD03810,Mobile Accessories,Mobile Accessories,Thane,Guangzhou Imports,225.87,547.21,6,6,2024-02-20,2024-02-26,1928.04,False,2,2024
ORD03811,LED Lights,LED Lights,Thane,Shenzhen Traders,194.24,559.42,1,4,2023-01-16,2023-01-20,365.18,False,1,2023
ORD03812,Bluetooth Speakers,Bluetooth Speakers,Mumbai,Shenzhen Traders,404.43,859.76,5,3,2023-02-04,2023-02-07,2276.65,False,2,2023
ORD03813,Home Decor,Home Decor,Nashik,Dragon Supply Co,183.46,469.86,5,11,2023-02-22,2023-03-05,1432.0,False,2,2023
ORD03814,Kitchen Gadgets,Kitchen Gadgets,Pune,Guangzhou Imports,315.42,764.14,2,7,2023-01-31,2023-02-07,897.44,False,1,2023
ORD03815,LED Lights,LED Lights,Mumbai,Shenzhen Traders,283.43,568.48,21,2,2023-12-27,2023-12-29,5986.05,False,12,2023
ORD03816,Kitchen Gadgets,Kitchen Gadgets,Pune,Guangzhou Imports,324.59,802.85,8,0,2024-06-12,2024-06-12,3826.08,False,6,2024
ORD03817,Mobile Accessories,Mobile Accessories,Nashik,Yiwu Global Trade,140.76,335.1,11,3,2023-10-29,2023-11-01,2137.74,False,10,2023
ORD03818,Smart Watches,Smart Watches,Mumbai,Shenzhen Traders,1675.54,4505.96,3,1,2023-11-13,2023-11-14,8491.26,False,11,2023
ORD03819,Kitchen Gadgets,Kitchen Gadgets,Aurangabad,Guangzhou Imports,121.28,342.19,5,3,2024-10-29,2024-11-01,1104.55,False,10,2024
ORD03820,Mobile Accessories,Mobile Accessories,Thane,Yiwu Global Trade,249.68,455.36,8,2,2023-12-17,2023-12-19,1645.44,False,12,2023
ORD03821,Smart Watches,Smart Watches,Thane,Guangzhou Imports,1489.72,3518.88,8,11,2024-05-20,2024-05-31,16233.28,False,5,2024
ORD03822,Bluetooth Speakers,Bluetooth Speakers,Mumbai,Dragon Supply Co,692.22,1707.65,2,9,2023-03-16,2023-03-25,2030.86,False,3,2023
ORD03823,Mobile Accessories,Mobile Accessories,Mumbai,Yiwu Global Trade,87.69,243.0,1,4,2024-10-02,2024-10-06,155.31,False,10,2024
ORD03824,Kitchen Gadgets,Kitchen Gadgets,Mumbai,Yiwu Global Trade,278.27,802.92,10,2,2024-03-20,2024-03-22,5246.5,False,3,2024
ORD03825,Mobile Accessories,Mobile Accessories,Nashik,Yiwu Global Trade,82.06,236.19,1,2,2024-12-05,2024-12-07,154.13,False,12,2024
ORD03826,Kitchen Gadgets,Kitchen Gadgets,Nagpur,Guangzhou Imports,345.68,1011.93,7,7,2023-04-01,2023-04-08,4663.75,False,4,2023
ORD03827,Bluetooth Speakers,Bluetooth Speakers,Thane,Dragon Supply Co,535.15,1074.05,1,8,2024-03-19,2024-03-27,538.9,False,3,2024
ORD03828,Mobile Accessories,Mobile Accessories,Pune,Yiwu Global Trade,125.95,229.03,3,2,2023-08-22,2023-08-24,309.24,False,8,2023
ORD03829,LED Lights,LED Lights,Mumbai,Dragon Supply Co,360.84,857.95,2,13,2023-08-23,2023-09-05,994.22,False,8,2023
ORD03830,Smart Watches,Smart Watches,Nagpur,Shenzhen Traders,1223.01,3071.38,4,2,2023-06-10,2023-06-12,7393.48,False,6,2023
ORD03831,Smart Watches,Smart Watches,Thane,Shenzhen Traders,1322.15,3308.48,2,5,2024-03-24,2024-03-29,3972.66,False,3,2024
ORD03832,Mobile Accessories,Mobile Accessories,Mumbai,Yiwu Global Trade,201.93,434.43,1,2,2023-06-03,2023-06-05,232.5,False,6,2023
ORD03833,LED Lights,LED Lights,Aurangabad,Shenzhen Traders,264.91,670.34,3,3,2024-04-12,2024-04-15,1216.29,False,4,2024
ORD03834,Mobile Accessories,Mobile Accessories,Nagpur,Yiwu Global Trade,183.79,554.94,9,4,2024-09-19,2024-09-23,3340.35,False,9,2024
ORD03835,Smart Watches,Smart Watches,Mumbai,Shenzhen Traders,760.82,1974.54,5,5,2024-12-06,2024-12-11,6068.6,False,12,2024
ORD03836,Bluetooth Speakers,Bluetooth Speakers,Nagpur,Shenzhen Traders,603.15,1403.39,6,6,2024-08-17,2024-08-23,4801.44,False,8,2024
ORD03837,LED Lights,LED Lights,Mumbai,Dragon Supply Co,395.84,1083.74,3,8,2023-01-01,2023-01-09,2063.7,False,1,2023
ORD03838,Home Decor,Home Decor,Mumbai,Yiwu Global Trade,205.2,652.74,6,3,2024-04-02,2024-04-05,2685.24,False,4,2024
ORD03839,Kitchen Gadgets,Kitchen Gadgets,Thane,Guangzhou Imports,255.2,626.97,5,7,2023-05-30,2023-06-06,1858.85,False,5,2023
ORD03840,Smart Watches,Smart Watches,Nagpur,Shenzhen Traders,833.05,2097.09,3,2,2023-05-28,2023-05-30,3792.12,False,5,2023
ORD03841,Bluetooth Speakers,Bluetooth Speakers,Nashik,Dragon Supply Co,548.33,1252.41,1,14,2024-07-05,2024-07-19,704.08,False,7,2024
ORD03842,Smart Watches,Smart Watches,Pune,Shenzhen Traders,1614.44,3606.7,1,3,2024-12-10,2024-12-13,1992.26,False,12,2024
ORD03843,LED Lights,LED Lights,Mumbai,Dragon Supply Co,180.6,433.96,5,10,2023-05-23,2023-06-02,1266.8,False,5,2023
ORD03844,Mobile Accessories,Mobile Accessories,Pune,Guangzhou Imports,246.89,627.47,4,2,2023-10-24,2023-10-26,1522.32,False,10,2023
ORD03845,LED Lights,LED Lights,Nagpur,Dragon Supply Co,215.9,599.97,7,5,2024-03-21,2024-03-26,2688.49,False,3,2024
ORD03846,Smart Watches,Smart Watches,Nagpur,Guangzhou Imports,1126.47,2747.47,4,6,2023-09-20,2023-09-26,6484.0,False,9,2023
ORD03847,Bluetooth Speakers,Bluetooth Speakers,Mumbai,Dragon Supply Co,603.09,1206.84,2,13,2024-01-13,2024-01-26,1207.5,False,1,2024
ORD03848,LED Lights,LED Lights,Nagpur,Dragon Supply Co,407.0,824.98,4,5,2024-07-24,2024-07-29,1671.92,False,7,2024
ORD03849,Mobile Accessories,Mobile Accessories,Pune,Guangzhou Imports,220.68,414.72,4,11,2024-09-22,2024-10-03,776.16,False,9,2024
ORD03850,Bluetooth Speakers,Bluetooth Speakers,Thane,Shenzhen Traders,830.11,1992.37,3,5,2023-08-17,2023-08-22,3486.78,False,8,2023
ORD03851,Bluetooth Speakers,Bluetooth Speakers,Nashik,Dragon Supply Co,653.7,1612.64,4,8,2024-09-27,2024-10-05,3835.76,False,9,2024
ORD03852,Kitchen Gadgets,Kitchen Gadgets,Nashik,Guangzhou Imports,138.36,389.06,5,7,2023-08-05,2023-08-12,1253.5,False,8,2023
ORD03853,Smart Watches,Smart Watches,Mumbai,Guangzhou Imports,1253.56,3498.77,3,3,2024-03-23,2024-03-26,6735.63,False,3,2024
ORD03854,Kitchen Gadgets,Kitchen Gadgets,Thane,Yiwu Global Trade,314.73,792.02,2,3,2024-01-24,2024-01-27,954.58,False,1,2024
ORD03855,Kitchen Gadgets,Kitchen Gadgets,Pune,Yiwu Global Trade,276.66,719.88,5,4,2024-08-01,2024-08-05,2216.1,False,8,2024
ORD03856,Kitchen Gadgets,Kitchen Gadgets,Mumbai,Guangzhou Imports,334.96,766.75,4,7,2023-07-18,2023-07-25,1727.16,False,7,2023
ORD03857,Kitchen Gadgets,Kitchen Gadgets,Pune,Guangzhou Imports,256.53,737.55,8,7,2023-03-20,2023-03-27,3848.16,False,3,2023
ORD03858,Home Decor,Home Decor,Pune,Dragon Supply Co,124.72,370.64,3,3,2024-07-04,2024-07-07,737.76,False,7,2024
ORD03859,Mobile Accessories,Mobile Accessories,Aurangabad,Guangzhou Imports,213.68,564.9,18,5,2023-09-01,2023-09-06,6321.96,False,9,2023
ORD03860,Smart Watches,Smart Watches,Nagpur,Shenzhen Traders,1578.37,3282.72,3,2,2023-09-27,2023-09-29,5113.05,False,9,2023
ORD03861,Home Decor,Home Decor,Thane,Dragon Supply Co,270.35,629.32,9,8,2023-03-18,2023-03-26,3230.73,False,3,2023
ORD03862,LED Lights,LED Lights,Mumbai,Dragon Supply Co,276.43,750.58,2,8,2023-03-30,2023-04-07,948.3,False,3,2023
ORD03863,Kitchen Gadgets,Kitchen Gadgets,Thane,Yiwu Global Trade,132.24,347.46,5,1,2023-06-05,2023-06-06,1076.1,False,6,2023
ORD03864,Mobile Accessories,Mobile Accessories,Pune,Guangzhou Imports,183.14,388.87,3,8,2024-03-07,2024-03-15,617.19,False,3,2024
ORD03865,Home Decor,Home Decor,Nashik,Dragon Supply Co,229.72,448.7,1,4,2023-04-26,2023-04-30,218.98,True,4,2023
ORD03866,Home Decor,Home Decor,Mumbai,Dragon Supply Co,202.89,567.75,10,11,2024-08-05,2024-08-16,3648.6,False,8,2024
ORD03867,Kitchen Gadgets,Kitchen Gadgets,Aurangabad,Yiwu Global Trade,169.66,410.39,8,1,2023-01-13,2023-01-14,1925.84,False,1,2023
ORD03868,Bluetooth Speakers,Bluetooth Speakers,Mumbai,Shenzhen Traders,405.86,819.66,5,6,2023-04-27,2023-05-03,2069.0,False,4,2023
ORD03869,Mobile Accessories,Mobile Accessories,Pune,Guangzhou Imports,137.84,256.35,12,2,2023-12-17,2023-12-19,1422.12,False,12,2023
ORD03870,Smart Watches,Smart Watches,Nashik,Guangzhou Imports,687.64,1445.13,6,8,2023-08-10,2023-08-18,4544.94,False,8,2023
ORD03871,Bluetooth Speakers,Bluetooth Speakers,Pune,Dragon Supply Co,741.0,1087.25,12,5,2024-05-20,2024-05-25,4155.0,True,5,2024
ORD03872,Smart Watches,Smart Watches,Mumbai,Shenzhen Traders,737.8,1513.31,1,0,2023-04-22,2023-04-22,775.51,False,4,2023
ORD03873,LED Lights,LED Lights,Thane,Shenzhen Traders,404.69,1205.08,4,3,2023-08-21,2023-08-24,3201.56,False,8,2023
ORD03874,LED Lights,LED Lights,Pune,Shenzhen Traders,417.72,882.99,3,2,2024-08-12,2024-08-14,1395.81,False,8,2024
ORD03875,Bluetooth Speakers,Bluetooth Speakers,Nashik,Dragon Supply Co,670.53,1479.55,2,10,2024-06-16,2024-06-26,1618.04,False,6,2024
ORD03876,Kitchen Gadgets,Kitchen Gadgets,Nagpur,Guangzhou Imports,347.16,773.44,9,8,2023-02-05,2023-02-13,3836.52,False,2,2023
ORD03877,Smart Watches,Smart Watches,Pune,Guangzhou Imports,1239.23,2739.6,11,2,2024-12-26,2024-12-28,16504.07,False,12,2024
ORD03878,Kitchen Gadgets,Kitchen Gadgets,Mumbai,Guangzhou Imports,317.93,734.01,1,2,2024-11-13,2024-11-15,416.08,False,11,2024
ORD03879,Home Decor,Home Decor,Aurangabad,Dragon Supply Co,277.31,634.02,8,16,2023-07-13,2023-07-29,2853.68,False,7,2023
ORD03880,Mobile Accessories,Mobile Accessories,Pune,Yiwu Global Trade,208.93,524.09,2,2,2024-01-15,2024-01-17,630.32,False,1,2024
ORD03881,LED Lights,LED Lights,Nagpur,Dragon Supply Co,299.57,734.85,1,12,2024-08-05,2024-08-17,435.28,False,8,2024
ORD03882,Kitchen Gadgets,Kitchen Gadgets,Nashik,Yiwu Global Trade,180.72,462.31,5,3,2023-08-16,2023-08-19,1407.95,False,8,2023
ORD03883,Home Decor,Home Decor,Nashik,Yiwu Global Trade,121.44,398.18,1,3,2024-06-11,2024-06-14,276.74,False,6,2024
ORD03884,Smart Watches,Smart Watches,Nagpur,Guangzhou Imports,1795.32,3916.34,2,3,2024-01-13,2024-01-16,4242.04,False,1,2024
ORD03885,LED Lights,LED Lights,Thane,Dragon Supply Co,356.73,738.06,8,18,2024-03-02,2024-03-20,3050.64,False,3,2024
ORD03886,Home Decor,Home Decor,Nagpur,Dragon Supply Co,224.11,507.69,1,11,2024-11-14,2024-11-25,283.58,True,11,2024
ORD03887,Bluetooth Speakers,Bluetooth Speakers,Mumbai,Dragon Supply Co,787.09,1961.89,14,7,2024-08-04,2024-08-11,16447.2,False,8,2024
ORD03888,Bluetooth Speakers,Bluetooth Speakers,Nashik,Dragon Supply Co,539.96,1264.87,10,4,2024-05-04,2024-05-08,7249.1,False,5,2024
ORD03889,Smart Watches,Smart Watches,Thane,Shenzhen Traders,1210.11,3137.31,4,5,2024-02-27,2024-03-03,7708.8,False,2,2024
ORD03890,Kitchen Gadgets,Kitchen Gadgets,Pune,Yiwu Global Trade,234.91,564.49,9,3,2023-11-23,2023-11-26,2966.22,False,11,2023
ORD03891,Mobile Accessories,Mobile Accessories,Pune,Guangzhou Imports,95.99,248.65,3,8,2024-05-09,2024-05-17,457.98,False,5,2024
ORD03892,Smart Watches,Smart Watches,Mumbai,Shenzhen Traders,1527.69,4079.27,15,0,2023-05-13,2023-05-13,38273.7,False,5,2023
ORD03893,Bluetooth Speakers,Bluetooth Speakers,Nashik,Dragon Supply Co,490.33,1124.68,9,17,2023-09-19,2023-10-06,5709.15,False,9,2023
ORD03894,Bluetooth Speakers,Bluetooth Speakers,Mumbai,Shenzhen Traders,897.92,2077.83,9,5,2023-01-09,2023-01-14,10619.19,False,1,2023
ORD03895,Mobile Accessories,Mobile Accessories,Mumbai,Yiwu Global Trade,188.28,402.53,5,4,2024-09-15,2024-09-19,1071.25,False,9,2024
ORD03896,LED Lights,LED Lights,Pune,Shenzhen Traders,384.66,903.14,3,4,2024-09-20,2024-09-24,1555.44,False,9,2024
ORD03897,LED Lights,LED Lights,Nashik,Dragon Supply Co,224.92,575.31,11,1,2023-12-18,2023-12-19,3854.29,False,12,2023
ORD03898,Bluetooth Speakers,Bluetooth Speakers,Pune,Shenzhen Traders,679.88,1471.46,1,2,2024-01-09,2024-01-11,791.58,False,1,2024
ORD03899,Bluetooth Speakers,Bluetooth Speakers,Mumbai,Dragon Supply Co,898.56,2176.87,3,8,2023-10-26,2023-11-03,3834.93,False,10,2023
ORD03900,Smart Watches,Smart Watches,Thane,Shenzhen Traders,1709.98,3603.85,6,3,2023-02-16,2023-02-19,11363.22,False,2,2023
ORD03901,Mobile Accessories,Mobile Accessories,Nashik,Guangzhou Imports,246.4,536.2,3,3,2023-02-27,2023-03-02,869.4,False,2,2023
ORD03902,LED Lights,LED Lights,Thane,Shenzhen Traders,230.1,560.92,7,6,2023-09-09,2023-09-15,2315.74,False,9,2023
ORD03903,Mobile Accessories,Mobile Accessories,Pune,Yiwu Global Trade,184.92,337.04,10,3,2024-02-17,2024-02-20,1521.2,False,2,2024
ORD03904,Bluetooth Speakers,Bluetooth Speakers,Pune,Dragon Supply Co,699.62,1464.48,3,11,2023-06-05,2023-06-16,2294.58,False,6,2023
ORD03905,Smart Watches,Smart Watches,Mumbai,Guangzhou Imports,838.84,1842.3,11,8,2023-03-31,2023-04-08,11038.06,False,3,2023
ORD03906,LED Lights,LED Lights,Pune,Dragon Supply Co,274.91,648.92,2,15,2024-05-09,2024-05-24,748.02,False,5,2024
ORD03907,Mobile Accessories,Mobile Accessories,Thane,Yiwu Global Trade,98.71,230.71,1,3,2024-10-15,2024-10-18,132.0,False,10,2024
ORD03908,Mobile Accessories,Mobile Accessories,Mumbai,Yiwu Global Trade,176.49,510.98,25,4,2024-10-30,2024-11-03,8362.25,False,10,2024
ORD03909,Home Decor,Home Decor,Thane,Dragon Supply Co,235.75,627.76,2,12,2023-05-30,2023-06-11,784.02,False,5,2023
ORD03910,Home Decor,Home Decor,Pune,Yiwu Global Trade,190.89,631.09,2,2,2024-05-30,2024-06-01,880.4,False,5,2024
ORD03911,LED Lights,LED Lights,Nagpur,Dragon Supply Co,186.32,545.41,5,10,2023-08-29,2023-09-08,1795.45,False,8,2023
ORD03912,Kitchen Gadgets,Kitchen Gadgets,Mumbai,Guangzhou Imports,166.51,469.8,10,5,2023-04-21,2023-04-26,3032.9,False,4,2023
ORD03913,Home Decor,Home Decor,Thane,Yiwu Global Trade,269.81,688.67,1,3,2023-04-17,2023-04-20,418.86,False,4,2023
ORD03914,Home Decor,Home Decor,Thane,Dragon Supply Co,181.85,433.33,2,10,2023-03-14,2023-03-24,502.96,False,3,2023
ORD03915,Kitchen Gadgets,Kitchen Gadgets,Nagpur,Yiwu Global Trade,198.18,550.85,1,3,2024-08-20,2024-08-23,352.67,False,8,2024
ORD03916,LED Lights,LED Lights,Thane,Dragon Supply Co,246.24,672.53,21,10,2024-12-02,2024-12-12,8952.09,False,12,2024
ORD03917,Smart Watches,Smart Watches,Mumbai,Guangzhou Imports,1603.88,3398.71,9,5,2023-03-27,2023-04-01,16153.47,False,3,2023
ORD03918,Smart Watches,Smart Watches,Nagpur,Guangzhou Imports,1186.54,3155.15,2,5,2024-02-19,2024-02-24,3937.22,False,2,2024
ORD03919,Mobile Accessories,Mobile Accessories,Mumbai,Guangzhou Imports,179.14,394.03,2,5,2023-06-10,2023-06-15,429.78,False,6,2023
ORD03920,Home Decor,Home Decor,Pune,Dragon Supply Co,208.18,472.01,4,17,2024-11-06,2024-11-23,1055.32,False,11,2024
ORD03921,Smart Watches,Smart Watches,Mumbai,Shenzhen Traders,1481.55,3598.29,14,4,2024-06-11,2024-06-15,29634.36,False,6,2024
ORD03922,LED Lights,LED Lights,Mumbai,Dragon Supply Co,200.23,293.23,3,11,2024-12-10,2024-12-21,279.0,True,12,2024
ORD03923,Mobile Accessories,Mobile Accessories,Pune,Yiwu Global Trade,150.13,402.92,8,4,2024-01-16,2024-01-20,2022.32,False,1,2024
ORD03924,LED Lights,LED Lights,Thane,Dragon Supply Co,198.63,341.5,7,12,2023-02-01,2023-02-13,1000.09,True,2,2023
ORD03925,Home Decor,Home Decor,Nagpur,Dragon Supply Co,163.62,424.03,9,11,2023-07-03,2023-07-14,2343.69,False,7,2023
ORD03926,Bluetooth Speakers,Bluetooth Speakers,Pune,Dragon Supply Co,651.35,1619.58,1,0,2024-04-17,2024-04-17,968.23,False,4,2024
ORD03927,Bluetooth Speakers,Bluetooth Speakers,Mumbai,Dragon Supply Co,794.75,1550.14,2,9,2024-01-14,2024-01-23,1510.78,False,1,2024
ORD03928,Mobile Accessories,Mobile Accessories,Mumbai,Guangzhou Imports,85.65,123.42,1,0,2024-04-08,2024-04-08,37.77,True,4,2024
ORD03929,Kitchen Gadgets,Kitchen Gadgets,Thane,Guangzhou Imports,373.97,1018.04,4,1,2024-05-15,2024-05-16,2576.28,False,5,2024
ORD03930,Home Decor,Home Decor,Nashik,Yiwu Global Trade,300.57,715.22,4,2,2023-08-24,2023-08-26,1658.6,False,8,2023
ORD03931,LED Lights,LED Lights,Mumbai,Shenzhen Traders,216.82,521.17,12,2,2023-11-10,2023-11-12,3652.2,False,11,2023
ORD03932,LED Lights,LED Lights,Mumbai,Dragon Supply Co,256.74,664.65,7,15,2024-07-16,2024-07-31,2855.37,False,7,2024
ORD03933,LED Lights,LED Lights,Pune,Dragon Supply Co,239.96,683.6,7,6,2024-12-21,2024-12-27,3105.48,False,12,2024
ORD03934,Mobile Accessories,Mobile Accessories,Thane,Guangzhou Imports,127.24,234.64,3,4,2023-05-25,2023-05-29,322.2,False,5,2023
ORD03935,Kitchen Gadgets,Kitchen Gadgets,Mumbai,Yiwu Global Trade,165.79,403.73,1,3,2023-01-14,2023-01-17,237.94,False,1,2023
ORD03936,LED Lights,LED Lights,Aurangabad,Shenzhen Traders,357.4,985.53,1,2,2023-02-09,2023-02-11,628.13,False,2,2023
ORD03937,LED Lights,LED Lights,Mumbai,Shenzhen Traders,253.62,563.96,2,0,2024-02-22,2024-02-22,620.68,False,2,2024
ORD03938,Mobile Accessories,Mobile Accessories,Pune,Guangzhou Imports,167.89,526.75,1,6,2023-12-24,2023-12-30,358.86,False,12,2023
ORD03939,Mobile Accessories,Mobile Accessories,Mumbai,Guangzhou Imports,181.61,412.21,1,11,2023-01-25,2023-02-05,230.6,False,1,2023
ORD03940,Home Decor,Home Decor,Pune,Dragon Supply Co,139.81,341.33,4,7,2024-07-02,2024-07-09,806.08,False,7,2024
ORD03941,Smart Watches,Smart Watches,Pune,Guangzhou Imports,655.72,1449.78,12,1,2023-11-28,2023-11-29,9528.72,False,11,2023
ORD03942,Bluetooth Speakers,Bluetooth Speakers,Mumbai,Dragon Supply Co,759.98,1832.14,1,21,2024-03-30,2024-04-20,1072.16,False,3,2024
ORD03943,Smart Watches,Smart Watches,Pune,Shenzhen Traders,1171.89,2971.93,5,1,2023-09-12,2023-09-13,9000.2,False,9,2023
ORD03944,Mobile Accessories,Mobile Accessories,Nashik,Yiwu Global Trade,173.52,464.19,32,1,2024-10-05,2024-10-06,9301.44,False,10,2024
ORD03945,Bluetooth Speakers,Bluetooth Speakers,Pune,Dragon Supply Co,809.16,1589.58,2,20,2024-02-11,2024-03-02,1560.84,False,2,2024
ORD03946,Bluetooth Speakers,Bluetooth Speakers,Pune,Shenzhen Traders,532.88,1328.44,2,6,2024-11-27,2024-12-03,1591.12,False,11,2024
ORD03947,Bluetooth Speakers,Bluetooth Speakers,Pune,Dragon Supply Co,485.46,797.8,1,3,2024-01-12,2024-01-15,312.34,True,1,2024
ORD03948,Bluetooth Speakers,Bluetooth Speakers,Pune,Shenzhen Traders,496.63,1215.72,1,5,2024-12-16,2024-12-21,719.09,False,12,2024
ORD03949,Mobile Accessories,Mobile Accessories,Thane,Yiwu Global Trade,198.65,401.86,6,3,2023-07-08,2023-07-11,1219.26,False,7,2023
ORD03950,Smart Watches,Smart Watches,Pune,Guangzhou Imports,1015.45,2220.44,1,9,2024-10-02,2024-10-11,1204.99,False,10,2024
ORD03951,Kitchen Gadgets,Kitchen Gadgets,Mumbai,Guangzhou Imports,284.79,794.36,3,10,2023-06-11,2023-06-21,1528.71,False,6,2023
ORD03952,Smart Watches,Smart Watches,Mumbai,Shenzhen Traders,882.93,2409.19,9,2,2023-01-21,2023-01-23,13736.34,False,1,2023
ORD03953,Bluetooth Speakers,Bluetooth Speakers,Thane,Shenzhen Traders,432.9,853.8,5,6,2023-11-29,2023-12-05,2104.5,False,11,2023
ORD03954,Mobile Accessories,Mobile Accessories,Thane,Yiwu Global Trade,198.63,473.87,5,3,2024-12-23,2024-12-26,1376.2,False,12,2024
ORD03955,Home Decor,Home Decor,Pune,Yiwu Global Trade,138.88,424.58,1,4,2023-09-14,2023-09-18,285.7,False,9,2023
ORD03956,Smart Watches,Smart Watches,Mumbai,Guangzhou Imports,1314.41,3063.06,14,4,2024-03-30,2024-04-03,24481.1,False,3,2024
ORD03957,Home Decor,Home Decor,Mumbai,Yiwu Global Trade,198.19,600.63,3,2,2024-10-19,2024-10-21,1207.32,False,10,2024
ORD03958,Kitchen Gadgets,Kitchen Gadgets,Pune,Yiwu Global Trade,212.17,488.45,5,3,2023-12-29,2024-01-01,1381.4,False,12,2023
ORD03959,LED Lights,LED Lights,Pune,Shenzhen Traders,367.59,976.24,5,7,2023-02-20,2023-02-27,3043.25,False,2,2023
ORD03960,LED Lights,LED Lights,Mumbai,Shenzhen Traders,299.3,660.92,1,2,2023-10-01,2023-10-03,361.62,False,10,2023
ORD03961,LED Lights,LED Lights,Nashik,Dragon Supply Co,366.0,1015.02,1,5,2024-05-22,2024-05-27,649.02,False,5,2024
ORD03962,Smart Watches,Smart Watches,Thane,Guangzhou Imports,1752.76,3341.02,2,3,2023-08-27,2023-08-30,3176.52,True,8,2023
ORD03963,Mobile Accessories,Mobile Accessories,Nashik,Yiwu Global Trade,177.55,348.88,1,2,2024-05-31,2024-06-02,171.33,False,5,2024
ORD03964,Smart Watches,Smart Watches,Thane,Guangzhou Imports,1330.98,2979.11,2,2,2023-01-23,2023-01-25,3296.26,False,1,2023
ORD03965,Bluetooth Speakers,Bluetooth Speakers,Pune,Dragon Supply Co,502.88,1006.22,7,6,2023-10-03,2023-10-09,3523.38,False,10,2023
ORD03966,Home Decor,Home Decor,Pune,Yiwu Global Trade,251.58,666.14,9,3,2023-04-18,2023-04-21,3731.04,False,4,2023
ORD03967,Mobile Accessories,Mobile Accessories,Pune,Guangzhou Imports,207.17,542.6,3,9,2023-06-25,2023-07-04,1006.29,False,6,2023
ORD03968,Home Decor,Home Decor,Mumbai,Dragon Supply Co,180.94,532.77,9,11,2024-10-18,2024-10-29,3166.47,False,10,2024
ORD03969,Home Decor,Home Decor,Aurangabad,Yiwu Global Trade,115.26,349.77,1,4,2023-10-02,2023-10-06,234.51,False,10,2023
ORD03970,Bluetooth Speakers,Bluetooth Speakers,Nagpur,Shenzhen Traders,398.64,871.83,3,3,2024-06-06,2024-06-09,1419.57,False,6,2024
ORD03971,LED Lights,LED Lights,Nashik,Dragon Supply Co,312.17,692.53,7,3,2023-07-15,2023-07-18,2662.52,False,7,2023
ORD03972,LED Lights,LED Lights,Mumbai,Shenzhen Traders,273.51,593.46,36,2,2024-11-16,2024-11-18,11518.2,False,11,2024
ORD03973,Kitchen Gadgets,Kitchen Gadgets,Mumbai,Yiwu Global Trade,321.78,747.24,5,1,2023-09-17,2023-09-18,2127.3,False,9,2023
ORD03974,Home Decor,Home Decor,Thane,Yiwu Global Trade,108.7,271.14,5,3,2024-04-28,2024-05-01,812.2,False,4,2024
ORD03975,Smart Watches,Smart Watches,Pune,Shenzhen Traders,1415.77,3775.27,14,3,2023-03-11,2023-03-14,33033.0,False,3,2023
ORD03976,Mobile Accessories,Mobile Accessories,Nagpur,Yiwu Global Trade,97.07,180.92,5,2,2024-12-17,2024-12-19,419.25,False,12,2024
ORD03977,Home Decor,Home Decor,Mumbai,Dragon Supply Co,104.28,239.06,8,4,2023-08-01,2023-08-05,1078.24,False,8,2023
ORD03978,Kitchen Gadgets,Kitchen Gadgets,Mumbai,Yiwu Global Trade,378.43,1104.2,9,3,2023-11-04,2023-11-07,6531.93,False,11,2023
ORD03979,Bluetooth Speakers,Bluetooth Speakers,Aurangabad,Dragon Supply Co,668.09,1601.59,11,11,2024-07-01,2024-07-12,10268.5,False,7,2024
ORD03980,LED Lights,LED Lights,Mumbai,Shenzhen Traders,254.77,738.57,2,2,2023-03-31,2023-04-02,967.6,False,3,2023
ORD03981,LED Lights,LED Lights,Nagpur,Shenzhen Traders,379.39,917.07,1,3,2023-08-26,2023-08-29,537.68,False,8,2023
ORD03982,LED Lights,LED Lights,Thane,Dragon Supply Co,419.82,807.56,29,6,2024-09-09,2024-09-15,11244.46,True,9,2024
ORD03983,Kitchen Gadgets,Kitchen Gadgets,Mumbai,Yiwu Global Trade,157.54,466.21,10,3,2024-11-09,2024-11-12,3086.7,False,11,2024
ORD03984,Smart Watches,Smart Watches,Pune,Guangzhou Imports,950.3,1413.4,1,8,2023-02-15,2023-02-23,463.1,True,2,2023
ORD03985,Smart Watches,Smart Watches,Mumbai,Shenzhen Traders,720.59,1716.77,1,1,2024-10-26,2024-10-27,996.18,False,10,2024
ORD03986,LED Lights,LED Lights,Thane,Dragon Supply Co,402.75,845.65,7,19,2023-12-01,2023-12-20,3100.3,False,12,2023
ORD03987,Bluetooth Speakers,Bluetooth Speakers,Mumbai,Dragon Supply Co,782.96,1541.82,3,7,2024-11-18,2024-11-25,2276.58,False,11,2024
ORD03988,LED Lights,LED Lights,Mumbai,Dragon Supply Co,390.46,760.57,2,9,2023-05-14,2023-05-23,740.22,True,5,2023
ORD03989,Home Decor,Home Decor,Thane,Dragon Supply Co,277.89,971.3,15,11,2023-11-15,2023-11-26,10401.15,False,11,2023
ORD03990,Bluetooth Speakers,Bluetooth Speakers,Mumbai,Dragon Supply Co,863.07,1975.53,13,0,2024-01-13,2024-01-13,14461.98,False,1,2024
ORD03991,Smart Watches,Smart Watches,Mumbai,Shenzhen Traders,1616.44,3826.92,1,0,2024-08-16,2024-08-16,2210.48,False,8,2024
ORD03992,Smart Watches,Smart Watches,Thane,Shenzhen Traders,1723.97,3551.49,2,4,2023-03-11,2023-03-15,3655.04,False,3,2023
ORD03993,Mobile Accessories,Mobile Accessories,Pune,Yiwu Global Trade,166.71,414.64,10,3,2023-03-30,2023-04-02,2479.3,False,3,2023
ORD03994,Bluetooth Speakers,Bluetooth Speakers,Nagpur,Dragon Supply Co,481.36,826.22,6,8,2024-06-25,2024-07-03,2069.16,True,6,2024
ORD03995,Home Decor,Home Decor,Pune,Dragon Supply Co,313.24,956.92,4,14,2024-10-17,2024-10-31,2574.72,False,10,2024
ORD03996,Kitchen Gadgets,Kitchen Gadgets,Mumbai,Guangzhou Imports,286.77,632.92,21,1,2023-10-06,2023-10-07,7269.15,False,10,2023
ORD03997,LED Lights,LED Lights,Nashik,Shenzhen Traders,199.78,466.59,2,1,2024-02-03,2024-02-04,533.62,False,2,2024
ORD03998,Bluetooth Speakers,Bluetooth Speakers,Aurangabad,Shenzhen Traders,452.05,879.92,1,3,2024-06-04,2024-06-07,427.87,False,6,2024
ORD03999,Smart Watches,Smart Watches,Mumbai,Guangzhou Imports,1021.65,2662.55,23,12,2023-10-16,2023-10-28,37740.7,False,10,2023
ORD04000,Smart Watches,Smart Watches,Mumbai,Shenzhen Traders,1377.95,3067.86,6,2,2024-04-19,2024-04-21,10139.46,False,4,2024
